id,url,in_mods_to_verify,times_in_verify_list,in_tested_1.9.6_list,author_label,name,name_source,author_or_series,versions,install,krs_area,fix_status,observation,review_coverage
129,https://www.nexusmods.com/kingdomcomedeliverance/mods/129,yes,1,,,,,,,,,,,no text in the review files
284,https://www.nexusmods.com/kingdomcomedeliverance/mods/284,,,yes,no mo slo mo,No mo slo mo,user label,,,,,not a defect,Behaviour preference.,described in review
491,https://www.nexusmods.com/kingdomcomedeliverance/mods/491,yes,1,,,,,,,,,,,no text in the review files
591,https://www.nexusmods.com/kingdomcomedeliverance/mods/591,yes,1,,,Bushes - Collision Remover,review,,,,,likely still needed (unconfirmed),Invisible collision on bushes; last update 2018-08. Superseded by 2331.,described in review
651,https://www.nexusmods.com/kingdomcomedeliverance/mods/651,yes,1,,,,review,,,,Stay clean,,Large bundle.,described in review
708,https://www.nexusmods.com/kingdomcomedeliverance/mods/708,,,yes,Viking Set,,,,,,,,,no text in the review files
754,https://www.nexusmods.com/kingdomcomedeliverance/mods/754,,,yes,Painted Lords of Leipa Hounskull,Painted Lords of Leipa Hounskull,user label,,,LEG,,,Legacy install: .pak copied into Data and Data\_fastload. Suggest a Mods-folder package.,described in review
762,https://www.nexusmods.com/kingdomcomedeliverance/mods/762,,,yes,Queen of Sheba's sword,,,,,,,,,no text in the review files
765,https://www.nexusmods.com/kingdomcomedeliverance/mods/765,,,yes,poison overhaul,Poison overhaul,user label,,,,perk table,,In the tested list; touches perks per the review; potions area.,described in review
770,https://www.nexusmods.com/kingdomcomedeliverance/mods/770,,,yes,perkaholic updated,Perkaholic updated,user label,,,,perk table,,In the tested 1.9.6 list. Separate id from 1009.,described in review
795,https://www.nexusmods.com/kingdomcomedeliverance/mods/795,,,yes,Midnight Armor Set,,,,,,,,,no text in the review files
796,https://www.nexusmods.com/kingdomcomedeliverance/mods/796,,,yes,Miller Guild Items,Miller Guild Items,user label,,,,,bundled fix,Includes a horse item fix.,described in review
797,https://www.nexusmods.com/kingdomcomedeliverance/mods/797,,,yes,sorting mod,Sorting mod,user label,,,,Localization,,Renames text: per-language upkeep.,described in review
808,https://www.nexusmods.com/kingdomcomedeliverance/mods/808,yes,1,,,,review,,,,Localization,,Renames text: per-language upkeep.,described in review
840,https://www.nexusmods.com/kingdomcomedeliverance/mods/840,,,yes,Blood and Iron Encounter System,,,,,,,,,no text in the review files
891,https://www.nexusmods.com/kingdomcomedeliverance/mods/891,,,yes,Hand-and-a-Half Sword,,,,,,,,,no text in the review files
892,https://www.nexusmods.com/kingdomcomedeliverance/mods/892,,,yes,Baselard Dagger,,,,,,,,,no text in the review files
905,https://www.nexusmods.com/kingdomcomedeliverance/mods/905,,,yes,Duke's Sword,,,,,,,,,no text in the review files
913,https://www.nexusmods.com/kingdomcomedeliverance/mods/913,,,yes,Joyeuse,,,,,,,,,no text in the review files
915,https://www.nexusmods.com/kingdomcomedeliverance/mods/915,,,yes,Early Type Ottoman Turkish Kilij,,,,,,,,,no text in the review files
942,https://www.nexusmods.com/kingdomcomedeliverance/mods/942,,,yes,Danish longsword type XVIIIe - Devil's edition,,,,,,,,,no text in the review files
955,https://www.nexusmods.com/kingdomcomedeliverance/mods/955,yes,1,,,,,,,,,,,no text in the review files
958,https://www.nexusmods.com/kingdomcomedeliverance/mods/958,,,yes,Architect,Architect,user label,,,DEV,,,Needs the game started in dev mode.,described in review
966,https://www.nexusmods.com/kingdomcomedeliverance/mods/966,,,yes,15th to 16th Century style Ottoman sword,,,,,,,,,no text in the review files
1009,https://www.nexusmods.com/kingdomcomedeliverance/mods/1009,yes,1,,,Perkaholic PTF,review,,1.9.4-1.9.8,PTF,perk table,,Touches perk rows: check against krs_perks rows ec4c5274 / 61e98757. PTF example worth studying.,described in review
1040,https://www.nexusmods.com/kingdomcomedeliverance/mods/1040,,,,,Disable Combat Slowmotion,review,,,,,,Adjacent (not in the lists).,outside the lists (named in review/README)
1062,https://www.nexusmods.com/kingdomcomedeliverance/mods/1062,yes,1,,,,,,,,,,,no text in the review files
1088,https://www.nexusmods.com/kingdomcomedeliverance/mods/1088,yes,1,,,,,,,,,,,no text in the review files
1092,https://www.nexusmods.com/kingdomcomedeliverance/mods/1092,yes,1,,,,,,,,,,,no text in the review files
1093,https://www.nexusmods.com/kingdomcomedeliverance/mods/1093,,,yes,Fishing in Bohemia,Fishing in Bohemia,review,,,,,,Title only; unverified.,described in review
1105,https://www.nexusmods.com/kingdomcomedeliverance/mods/1105,yes,1,,,,,,,,,,,no text in the review files
1110,https://www.nexusmods.com/kingdomcomedeliverance/mods/1110,yes,1,,,,,,,,,,,no text in the review files
1131,https://www.nexusmods.com/kingdomcomedeliverance/mods/1131,,,yes,silver armor,Silver armor,user label,,,,,,"The review's search wrongly returned ""Playable Daggers"" for this id (that is 1689); name from the user's label only.",described in review
1203,https://www.nexusmods.com/kingdomcomedeliverance/mods/1203,,,yes,Long Targaryen waffenrock,,,,,,,,,no text in the review files
1218,https://www.nexusmods.com/kingdomcomedeliverance/mods/1218,yes,1,,,,,,,,,,,no text in the review files
1227,https://www.nexusmods.com/kingdomcomedeliverance/mods/1227,,,,,30 FPS Cutscene Fix V3,review,,,,30 FPS cutscene fix,,Adjacent; KRS requires a 30 FPS fix mod.,outside the lists (named in review/README)
1236,https://www.nexusmods.com/kingdomcomedeliverance/mods/1236,,,,,Easy Combat PTF,review,,,,Riposte,,Adjacent (easy parry and master strike): likely touches the same perk area.,outside the lists (named in review/README)
1259,https://www.nexusmods.com/kingdomcomedeliverance/mods/1259,,,yes,Easy Assassination,Easy Assassination,review,,,,,not a game fix,v1.1 fixed the mod's own manifest warning.,described in review
1260,https://www.nexusmods.com/kingdomcomedeliverance/mods/1260,,,yes,rpg tweaks,RPG tweaks,user label,,,,Stay clean,,Large bundle (suggest splitting into modules); in the tested list.,described in review
1296,https://www.nexusmods.com/kingdomcomedeliverance/mods/1296,,,,,Kingdom Come Enhanced Edition 2.0,review,,,,,,Adjacent.,outside the lists (named in review/README)
1308,https://www.nexusmods.com/kingdomcomedeliverance/mods/1308,yes,1,,,,,,,,,,,no text in the review files
1309,https://www.nexusmods.com/kingdomcomedeliverance/mods/1309,yes,1,,,,review,,,,,,Replaces a whole shared file (random_event.xml per the page); lists conflicts.,described in review
1311,https://www.nexusmods.com/kingdomcomedeliverance/mods/1311,yes,1,,,,,,,,,,,no text in the review files
1323,https://www.nexusmods.com/kingdomcomedeliverance/mods/1323,yes,1,,,Skalitz Shield Fix AWL,review,,,,,check patch notes,Blurry Skalitz Shield (A Woman's Lot); last update 2022-01.,described in review
1327,https://www.nexusmods.com/kingdomcomedeliverance/mods/1327,yes,1,,,Weather Overhaul,review,,,,,not a game fix,Replaces a whole shared file; rain-for-days tuning is a design choice.,described in review
1330,https://www.nexusmods.com/kingdomcomedeliverance/mods/1330,yes,1,yes,Noble Sir Hans,,,,,,,,,no text in the review files
1332,https://www.nexusmods.com/kingdomcomedeliverance/mods/1332,,,yes,less headbob,Less headbob,user label,,,LUA,,,Replaces vanilla camerashake.lua loose; may take minutes to apply. Suggest a manifest-based override.,described in review
1334,https://www.nexusmods.com/kingdomcomedeliverance/mods/1334,,,,,Fast Learning Henry,review,,,,,,Adjacent.,outside the lists (named in review/README)
1337,https://www.nexusmods.com/kingdomcomedeliverance/mods/1337,yes,1,yes,helm vision better,,,,,,,,,no text in the review files
1355,https://www.nexusmods.com/kingdomcomedeliverance/mods/1355,,,yes,better crime,,,,,,,,,no text in the review files
1374,https://www.nexusmods.com/kingdomcomedeliverance/mods/1374,,,yes,Henry Malone,,,,,,,,,no text in the review files
1380,https://www.nexusmods.com/kingdomcomedeliverance/mods/1380,,,yes,Black Items Fix,Black Items Fix,user label,,,,,resolve page first,Page not resolved by the review.,described in review
1416,https://www.nexusmods.com/kingdomcomedeliverance/mods/1416,,,,,Toxic Green Armor - PTF Standalone,review,,,PTF,,,Adjacent.,outside the lists (named in review/README)
1419,https://www.nexusmods.com/kingdomcomedeliverance/mods/1419,,,,,Immersive Archery,readme,,,,Archery,,Altered by the suite; permission granted.,outside the lists (named in review/README)
1423,https://www.nexusmods.com/kingdomcomedeliverance/mods/1423,yes,1,,,,review,,,PTF,,,PTF example worth studying.,described in review
1460,https://www.nexusmods.com/kingdomcomedeliverance/mods/1460,,,yes,richer merchants,Richer merchants,user label,,,,,,Large flat multiplier on merchant gold.,described in review
1483,https://www.nexusmods.com/kingdomcomedeliverance/mods/1483,,,yes,tsm slower food spoil,,,,,,,,,no text in the review files
1566,https://www.nexusmods.com/kingdomcomedeliverance/mods/1566,,,yes,lost weapon pack,Lost weapon pack,user label,,,,,bundled fix,Includes a fix for maces invisible when holstered.,described in review
1577,https://www.nexusmods.com/kingdomcomedeliverance/mods/1577,,,yes,invisible hands fix,Invisible hands FIX (UPDATE),review,,,,,check patch notes,Forearms invisible with sleeveless clothes; v3.0 late 2023.,described in review
1629,https://www.nexusmods.com/kingdomcomedeliverance/mods/1629,yes,1,,,,review,,,,Riposte,,Recommends using it with Restore Riposte.,described in review
1636,https://www.nexusmods.com/kingdomcomedeliverance/mods/1636,yes,1,,,,,,,,,,,no text in the review files
1647,https://www.nexusmods.com/kingdomcomedeliverance/mods/1647,yes,1,,,,review,,,,,not a defect,Behaviour preference.,described in review
1671,https://www.nexusmods.com/kingdomcomedeliverance/mods/1671,yes,1,,,,review,,,,,not a defect,Behaviour preference.,described in review
1678,https://www.nexusmods.com/kingdomcomedeliverance/mods/1678,yes,1,,,Better Archery,review,,,,Archery,,Closest comparable to Immersive Archery.,described in review
1689,https://www.nexusmods.com/kingdomcomedeliverance/mods/1689,,,,,Playable Daggers,review,,,,,,Adjacent.,outside the lists (named in review/README)
1693,https://www.nexusmods.com/kingdomcomedeliverance/mods/1693,yes,1,,,Ravens beak and Spiked warhammer icon swap,review,,,,,check patch notes,Two weapon icons mismatched; 2024-12.,described in review
1702,https://www.nexusmods.com/kingdomcomedeliverance/mods/1702,yes,1,,,,,,,,,,,no text in the review files
1719,https://www.nexusmods.com/kingdomcomedeliverance/mods/1719,yes,1,,,,,,,,,,,no text in the review files
1720,https://www.nexusmods.com/kingdomcomedeliverance/mods/1720,yes,1,,,,,,,,,,,no text in the review files
1723,https://www.nexusmods.com/kingdomcomedeliverance/mods/1723,yes,1,,,,review,,,,,,Replaces a whole shared file (Inventory.gfx); UI cannot use PTF.,described in review
1730,https://www.nexusmods.com/kingdomcomedeliverance/mods/1730,yes,1,,,,,,,,,,,no text in the review files
1732,https://www.nexusmods.com/kingdomcomedeliverance/mods/1732,yes,1,,,,,,,,,,,no text in the review files
1736,https://www.nexusmods.com/kingdomcomedeliverance/mods/1736,yes,1,,,,review,TyburnKetch,,,perk table,,Touches perks.,described in review
1743,https://www.nexusmods.com/kingdomcomedeliverance/mods/1743,yes,1,,,Persistent arrows,review,,,,Persistent arrows,,The required mod itself.,described in review
1765,https://www.nexusmods.com/kingdomcomedeliverance/mods/1765,,,,,Restore Riposte,readme,AcSiG,,PTF,Riposte,,Altered by krs_perks; permission granted.,outside the lists (named in review/README)
1779,https://www.nexusmods.com/kingdomcomedeliverance/mods/1779,yes,1,,,,,,,,,,,no text in the review files
1780,https://www.nexusmods.com/kingdomcomedeliverance/mods/1780,yes,1,,,,review,TyburnKetch,,,,,Also author of Medieval Poisons (required by 2208).,described in review
1782,https://www.nexusmods.com/kingdomcomedeliverance/mods/1782,yes,1,,,,,,,,,,,no text in the review files
1797,https://www.nexusmods.com/kingdomcomedeliverance/mods/1797,,,,,Nighttime Nighthawk,review,,,,,,Adjacent.,outside the lists (named in review/README)
1800,https://www.nexusmods.com/kingdomcomedeliverance/mods/1800,yes,1,,,,,,,,,,,no text in the review files
1842,https://www.nexusmods.com/kingdomcomedeliverance/mods/1842,yes,1,,,,,,,,,,,no text in the review files
1860,https://www.nexusmods.com/kingdomcomedeliverance/mods/1860,yes,1,,,,,,,,,,,no text in the review files
1861,https://www.nexusmods.com/kingdomcomedeliverance/mods/1861,yes,1,,,,,,,,,,,no text in the review files
1862,https://www.nexusmods.com/kingdomcomedeliverance/mods/1862,yes,1,,,,,,,,,,,no text in the review files
1863,https://www.nexusmods.com/kingdomcomedeliverance/mods/1863,yes,1,,,,,,,,,,,no text in the review files
1864,https://www.nexusmods.com/kingdomcomedeliverance/mods/1864,yes,1,,,,,,,,,,,no text in the review files
1870,https://www.nexusmods.com/kingdomcomedeliverance/mods/1870,yes,1,,,,review,,,PTF,,,PTF example worth studying.,described in review
1873,https://www.nexusmods.com/kingdomcomedeliverance/mods/1873,yes,1,,,,review,,problems on latest,PTF,,,Large flat multiplier on merchant gold.,described in review
1875,https://www.nexusmods.com/kingdomcomedeliverance/mods/1875,yes,1,,,,,,,,,,,no text in the review files
1883,https://www.nexusmods.com/kingdomcomedeliverance/mods/1883,yes,1,,,Better Pickpocket - FIXED,review,,,,,not a game fix,Fixes a bug in another mod (doubled catch chance in the original).,described in review
1893,https://www.nexusmods.com/kingdomcomedeliverance/mods/1893,yes,1,,,,,,,,,,,no text in the review files
1900,https://www.nexusmods.com/kingdomcomedeliverance/mods/1900,yes,1,,,,review,,,,,,Title only; unverified.,described in review
1904,https://www.nexusmods.com/kingdomcomedeliverance/mods/1904,yes,1,,,,,,,,,,,no text in the review files
1909,https://www.nexusmods.com/kingdomcomedeliverance/mods/1909,yes,1,,,,,,,,,,,no text in the review files
1914,https://www.nexusmods.com/kingdomcomedeliverance/mods/1914,yes,1,,,,,,,,,,,no text in the review files
1918,https://www.nexusmods.com/kingdomcomedeliverance/mods/1918,yes,1,,,,,,,,,,,no text in the review files
1922,https://www.nexusmods.com/kingdomcomedeliverance/mods/1922,yes,1,,,,,,,,,,,no text in the review files
1926,https://www.nexusmods.com/kingdomcomedeliverance/mods/1926,yes,1,,,,,,,,,,,no text in the review files
1927,https://www.nexusmods.com/kingdomcomedeliverance/mods/1927,yes,1,,,,,,,,,,,no text in the review files
1944,https://www.nexusmods.com/kingdomcomedeliverance/mods/1944,yes,1,,,,,,,,,,,no text in the review files
1951,https://www.nexusmods.com/kingdomcomedeliverance/mods/1951,yes,1,,,,review,,,,,not a defect,Behaviour preference.,described in review
1956,https://www.nexusmods.com/kingdomcomedeliverance/mods/1956,yes,1,,,,,,,,,,,no text in the review files
1958,https://www.nexusmods.com/kingdomcomedeliverance/mods/1958,yes,1,,,,,,,,,,,no text in the review files
1961,https://www.nexusmods.com/kingdomcomedeliverance/mods/1961,yes,1,,,,,,,,,,,no text in the review files
1972,https://www.nexusmods.com/kingdomcomedeliverance/mods/1972,yes,1,,,,review,,,CFG,,,Hardware-specific cfg values published as general.,described in review
1980,https://www.nexusmods.com/kingdomcomedeliverance/mods/1980,yes,1,,,,,,,,,,,no text in the review files
1981,https://www.nexusmods.com/kingdomcomedeliverance/mods/1981,yes,1,,,,,,,,,,,no text in the review files
1984,https://www.nexusmods.com/kingdomcomedeliverance/mods/1984,yes,1,,,,,,,,,,,no text in the review files
1990,https://www.nexusmods.com/kingdomcomedeliverance/mods/1990,yes,1,,,,review,,,,perk table,,Touches perks.,described in review
1991,https://www.nexusmods.com/kingdomcomedeliverance/mods/1991,yes,1,,,,,,,,,,,no text in the review files
1996,https://www.nexusmods.com/kingdomcomedeliverance/mods/1996,yes,1,,,,,,,,,,,no text in the review files
2005,https://www.nexusmods.com/kingdomcomedeliverance/mods/2005,yes,1,,,,,,,,,,,no text in the review files
2008,https://www.nexusmods.com/kingdomcomedeliverance/mods/2008,yes,1,,,,,,,,,,,no text in the review files
2011,https://www.nexusmods.com/kingdomcomedeliverance/mods/2011,yes,1,,,,,,,,,,,no text in the review files
2012,https://www.nexusmods.com/kingdomcomedeliverance/mods/2012,yes,1,,,,,,,,,,,no text in the review files
2017,https://www.nexusmods.com/kingdomcomedeliverance/mods/2017,yes,1,,,,,,,,,,,no text in the review files
2021,https://www.nexusmods.com/kingdomcomedeliverance/mods/2021,yes,2,,,,,,,,,,,no text in the review files
2022,https://www.nexusmods.com/kingdomcomedeliverance/mods/2022,yes,1,,,,review,,,PTF,,,PTF example worth studying.,described in review
2030,https://www.nexusmods.com/kingdomcomedeliverance/mods/2030,yes,1,,,,,,,,,,,no text in the review files
2031,https://www.nexusmods.com/kingdomcomedeliverance/mods/2031,yes,1,,,,,,,,,,,no text in the review files
2035,https://www.nexusmods.com/kingdomcomedeliverance/mods/2035,yes,1,,,,,,,,,,,no text in the review files
2040,https://www.nexusmods.com/kingdomcomedeliverance/mods/2040,yes,1,,,Polymorphic Projectiles,review,Diaz Dizazter,>=1.9.7,,Archery,,Changes arrow damage values; mixes balance and novelty arrows (suggest split).,described in review
2045,https://www.nexusmods.com/kingdomcomedeliverance/mods/2045,yes,1,,,,review,,,PTF,,,PTF example worth studying.,described in review
2046,https://www.nexusmods.com/kingdomcomedeliverance/mods/2046,yes,1,,,,review,Diaz Dizazter,,PTF,,,Weapons/arrows/ragdolls series.,described in review
2049,https://www.nexusmods.com/kingdomcomedeliverance/mods/2049,yes,1,,,,review,Diaz Dizazter,,,,,Weapons/arrows/ragdolls series.,described in review
2061,https://www.nexusmods.com/kingdomcomedeliverance/mods/2061,yes,1,,,,,,,,,,,no text in the review files
2066,https://www.nexusmods.com/kingdomcomedeliverance/mods/2066,yes,1,,,Distant Smoke and Fire,review,,,,,check patch notes,Pop-in of smoke and flames; 2025-08.,described in review
2068,https://www.nexusmods.com/kingdomcomedeliverance/mods/2068,yes,1,,,,,,,,,,,no text in the review files
2079,https://www.nexusmods.com/kingdomcomedeliverance/mods/2079,yes,1,,,,,,,,,,,no text in the review files
2081,https://www.nexusmods.com/kingdomcomedeliverance/mods/2081,yes,1,,,,,,,,,,,no text in the review files
2084,https://www.nexusmods.com/kingdomcomedeliverance/mods/2084,yes,1,,,,,,,,,,,no text in the review files
2098,https://www.nexusmods.com/kingdomcomedeliverance/mods/2098,yes,1,,,,,,,,,,,no text in the review files
2100,https://www.nexusmods.com/kingdomcomedeliverance/mods/2100,yes,1,,,,,,,,,,,no text in the review files
2103,https://www.nexusmods.com/kingdomcomedeliverance/mods/2103,yes,1,,,,review,MayDayU1A,,,,,UI series; replaced by 2147.,described in review
2106,https://www.nexusmods.com/kingdomcomedeliverance/mods/2106,yes,1,,,,,,,,,,,no text in the review files
2108,https://www.nexusmods.com/kingdomcomedeliverance/mods/2108,yes,1,,,,review,MayDayU1A,,,,,UI series.,described in review
2119,https://www.nexusmods.com/kingdomcomedeliverance/mods/2119,,,,,KCD Mod Manager,review,,,,,,Adjacent.,outside the lists (named in review/README)
2124,https://www.nexusmods.com/kingdomcomedeliverance/mods/2124,yes,1,,,Half-looted,review,,1.9.6 (ok 1.9.7),,,,Large bundle.,described in review
2132,https://www.nexusmods.com/kingdomcomedeliverance/mods/2132,yes,1,,,,,,,,,,,no text in the review files
2147,https://www.nexusmods.com/kingdomcomedeliverance/mods/2147,yes,1,,,,review,MayDayU1A,,,,,UI series; includes the pickpocket window that 2103 replaces.,described in review
2152,https://www.nexusmods.com/kingdomcomedeliverance/mods/2152,yes,1,,,,,,,,,,,no text in the review files
2153,https://www.nexusmods.com/kingdomcomedeliverance/mods/2153,yes,1,,,,review,,,CFG,,,Hardware-specific cfg values published as general.,described in review
2156,https://www.nexusmods.com/kingdomcomedeliverance/mods/2156,yes,1,,,,,,,,,,,no text in the review files
2158,https://www.nexusmods.com/kingdomcomedeliverance/mods/2158,yes,1,,,,review,,,PTF,,,Parameter approach (pickpocket); PTF example.,described in review
2171,https://www.nexusmods.com/kingdomcomedeliverance/mods/2171,yes,1,,,,review,,,PTF,,,Misses pickpocketed items; combine with 2158.,described in review
2174,https://www.nexusmods.com/kingdomcomedeliverance/mods/2174,yes,2,,,,review,,,PTF,,,PTF example worth studying.,described in review
2175,https://www.nexusmods.com/kingdomcomedeliverance/mods/2175,yes,2,,,,,,,,,,,no text in the review files
2179,https://www.nexusmods.com/kingdomcomedeliverance/mods/2179,yes,1,,,,review,Nfrog2swamp1,,PTF,Riposte,,True Hardcore series; closest comparable for the Riposte area.,described in review
2180,https://www.nexusmods.com/kingdomcomedeliverance/mods/2180,yes,1,,,,review,,,CFG,,,Hardware-specific cfg values published as general.,described in review
2188,https://www.nexusmods.com/kingdomcomedeliverance/mods/2188,yes,1,,,,review,Nfrog2swamp1,,PTF,,,True Hardcore series.,described in review
2190,https://www.nexusmods.com/kingdomcomedeliverance/mods/2190,yes,1,,,,review,DreamMora,,,,,KCD2-port series.,described in review
2191,https://www.nexusmods.com/kingdomcomedeliverance/mods/2191,yes,2,,,,review,DreamMora,,,,,KCD2-port series.,described in review
2192,https://www.nexusmods.com/kingdomcomedeliverance/mods/2192,yes,1,,,,review,DreamMora,,,,,KCD2-port series.,described in review
2194,https://www.nexusmods.com/kingdomcomedeliverance/mods/2194,yes,1,,,,review,DreamMora,,,,,KCD2-port series.,described in review
2196,https://www.nexusmods.com/kingdomcomedeliverance/mods/2196,yes,1,,,,review,DreamMora,,,,,KCD2-port series.,described in review
2199,https://www.nexusmods.com/kingdomcomedeliverance/mods/2199,yes,1,,,,review,DreamMora,,,,,KCD2-port series.,described in review
2202,https://www.nexusmods.com/kingdomcomedeliverance/mods/2202,yes,1,,,,,,,,,,,no text in the review files
2203,https://www.nexusmods.com/kingdomcomedeliverance/mods/2203,yes,1,,,,review,,,,Localization,,Renames text: per-language upkeep.,described in review
2204,https://www.nexusmods.com/kingdomcomedeliverance/mods/2204,yes,1,,,,review,,,,Localization,,Renames text: per-language upkeep.,described in review
2206,https://www.nexusmods.com/kingdomcomedeliverance/mods/2206,yes,2,,,,review,DreamMora,,,Persistent arrows,,Overlaps with persistent arrows.,described in review
2207,https://www.nexusmods.com/kingdomcomedeliverance/mods/2207,yes,1,,,,,,,,,,,no text in the review files
2208,https://www.nexusmods.com/kingdomcomedeliverance/mods/2208,yes,1,,,,review,Nfrog2swamp1,1.9.8,PTF,,,Requires Medieval Poisons (TyburnKetch); made on 1.9.8.,described in review
2209,https://www.nexusmods.com/kingdomcomedeliverance/mods/2209,yes,1,,,,review,Nfrog2swamp1,,PTF,,,True Hardcore series.,described in review
2210,https://www.nexusmods.com/kingdomcomedeliverance/mods/2210,yes,1,,,,review,Nfrog2swamp1,1.9.8,PTF,perk table,,True Hardcore series; made on 1.9.8.,described in review
2216,https://www.nexusmods.com/kingdomcomedeliverance/mods/2216,yes,1,,,,review,,,,,,Repairs other mods' manifests on the fly: back up before trusting.,described in review
2218,https://www.nexusmods.com/kingdomcomedeliverance/mods/2218,yes,1,,,,review,,,,Stay clean,,Visual comparable to MGsStayClean.,described in review
2223,https://www.nexusmods.com/kingdomcomedeliverance/mods/2223,yes,1,,,,,,,,,,,no text in the review files
2224,https://www.nexusmods.com/kingdomcomedeliverance/mods/2224,yes,1,,,,,,,,,,,no text in the review files
2243,https://www.nexusmods.com/kingdomcomedeliverance/mods/2243,yes,1,,,,review,,,CFG,,bundled fix,Wall/NPC pixelation fix through a config file; hardware-specific cfg values.,described in review
2244,https://www.nexusmods.com/kingdomcomedeliverance/mods/2244,yes,1,,,KCSE (Kingdom Come Script Extender),review,JerryYOJ,1.9.8.0 only,KCSE,,,Native or version-locked: add version checks.,described in review
2246,https://www.nexusmods.com/kingdomcomedeliverance/mods/2246,yes,1,,,,,,,,,,,no text in the review files
2255,https://www.nexusmods.com/kingdomcomedeliverance/mods/2255,yes,1,,,,review,JerryYOJ,,KCSE,,,Plugin that needs 2244.,described in review
2256,https://www.nexusmods.com/kingdomcomedeliverance/mods/2256,yes,1,,,,,,,,,,,no text in the review files
2261,https://www.nexusmods.com/kingdomcomedeliverance/mods/2261,yes,1,,,,,,,,,,,no text in the review files
2270,https://www.nexusmods.com/kingdomcomedeliverance/mods/2270,yes,1,,,,,,,,,,,no text in the review files
2271,https://www.nexusmods.com/kingdomcomedeliverance/mods/2271,yes,1,,,,,,,,,,,no text in the review files
2276,https://www.nexusmods.com/kingdomcomedeliverance/mods/2276,yes,1,,,,review,,,,,,Speed constant is edited by hand.,described in review
2277,https://www.nexusmods.com/kingdomcomedeliverance/mods/2277,yes,1,,,,,,,,,,,no text in the review files
2279,https://www.nexusmods.com/kingdomcomedeliverance/mods/2279,yes,1,,,,,,,,,,,no text in the review files
2280,https://www.nexusmods.com/kingdomcomedeliverance/mods/2280,yes,1,,,,,,,,,,,no text in the review files
2288,https://www.nexusmods.com/kingdomcomedeliverance/mods/2288,yes,1,,,,,,,,,,,no text in the review files
2293,https://www.nexusmods.com/kingdomcomedeliverance/mods/2293,yes,1,,,,,,,,,,,no text in the review files
2294,https://www.nexusmods.com/kingdomcomedeliverance/mods/2294,yes,1,,,,review,,,,Riposte,,Directional master strikes.,described in review
2297,https://www.nexusmods.com/kingdomcomedeliverance/mods/2297,yes,1,,,,,,,,,,,no text in the review files
2299,https://www.nexusmods.com/kingdomcomedeliverance/mods/2299,yes,1,,,,review,,,,,,Large bundle.,described in review
2313,https://www.nexusmods.com/kingdomcomedeliverance/mods/2313,yes,1,,,,,,,,,,,no text in the review files
2317,https://www.nexusmods.com/kingdomcomedeliverance/mods/2317,yes,1,,,,review,,,,,,Replaces a whole shared file (HUD.gfx); UI cannot use PTF.,described in review
2318,https://www.nexusmods.com/kingdomcomedeliverance/mods/2318,yes,1,,,,,,,,,,,no text in the review files
2323,https://www.nexusmods.com/kingdomcomedeliverance/mods/2323,yes,1,,,,review,,,,,,"Moves items between stashes, horse and pockets: test save safety.",described in review
2326,https://www.nexusmods.com/kingdomcomedeliverance/mods/2326,yes,1,,,,,,,,,,,no text in the review files
2330,https://www.nexusmods.com/kingdomcomedeliverance/mods/2330,yes,1,,,,,,,,,,,no text in the review files
2331,https://www.nexusmods.com/kingdomcomedeliverance/mods/2331,yes,1,,,Bushes Collision Remover Redux,review,,built for 1.9.7,,,unconfirmed (current),26 models; updated 2026-08.,described in review
2332,https://www.nexusmods.com/kingdomcomedeliverance/mods/2332,yes,1,,,,,,,,,,,no text in the review files
2333,https://www.nexusmods.com/kingdomcomedeliverance/mods/2333,yes,1,,,,review,,,,,,Replaces a whole shared file; lists conflicts.,described in review
2338,https://www.nexusmods.com/kingdomcomedeliverance/mods/2338,yes,1,,,,,,,,,,,no text in the review files
2340,https://www.nexusmods.com/kingdomcomedeliverance/mods/2340,yes,1,,,,review,,,PTF,,,Modular files; large bundle done right.,described in review
2343,https://www.nexusmods.com/kingdomcomedeliverance/mods/2343,yes,1,,,,,,,,,,,no text in the review files
2345,https://www.nexusmods.com/kingdomcomedeliverance/mods/2345,yes,1,,,,,,,,,,,no text in the review files
2348,https://www.nexusmods.com/kingdomcomedeliverance/mods/2348,yes,2,,,,review,,,,,,Native or version-locked code.,described in review
2349,https://www.nexusmods.com/kingdomcomedeliverance/mods/2349,yes,1,,,,,,,,,,,no text in the review files
2351,https://www.nexusmods.com/kingdomcomedeliverance/mods/2351,yes,1,,,,,,,,,,,no text in the review files
2353,https://www.nexusmods.com/kingdomcomedeliverance/mods/2353,yes,1,,,,,,,,,,,no text in the review files
2359,https://www.nexusmods.com/kingdomcomedeliverance/mods/2359,yes,1,,,,review,,,,,,Title only; unverified.,described in review
2362,https://www.nexusmods.com/kingdomcomedeliverance/mods/2362,yes,1,,,,,,,,,,,no text in the review files
2365,https://www.nexusmods.com/kingdomcomedeliverance/mods/2365,yes,1,,,,,,,,,,,no text in the review files
2366,https://www.nexusmods.com/kingdomcomedeliverance/mods/2366,yes,1,,,,review,,,,,,Never looked up (search cap).,described in review
2367,https://www.nexusmods.com/kingdomcomedeliverance/mods/2367,yes,1,,,,review,,,,,,Never looked up (search cap).,described in review
2369,https://www.nexusmods.com/kingdomcomedeliverance/mods/2369,yes,1,,,,review,,,,,,Never looked up (search cap).,described in review
2371,https://www.nexusmods.com/kingdomcomedeliverance/mods/2371,yes,1,,,,review,,,,,,Never looked up (search cap).,described in review
2372,https://www.nexusmods.com/kingdomcomedeliverance/mods/2372,yes,1,,,,review,,,,,,Never looked up (search cap).,described in review
2381,https://www.nexusmods.com/kingdomcomedeliverance/mods/2381,yes,1,,,,review,,,,,,Never looked up (search cap).,described in review
2384,https://www.nexusmods.com/kingdomcomedeliverance/mods/2384,yes,1,,,,review,,,,,,Never looked up (search cap).,described in review
