path_in_pak,bytes,sha256
Animations/Animations.img,70771276,2ec3445dcdf41190c86d8e14acc0be3b5b07cc4e802f1d6e2251bab611f0a0cb
Animations/humans/male/male_kcd2wash.dba,48052,bb5e13c8c1323d36878007d3830df23c289170ff9fb021934fcd82b0650f58c8
Materials/particles/water_foam_refr_p.mtl,530,2ae47196245b96c755ae8fbd9c00b60a216f087ec9c921586b7b9d8d243d9e53
Materials/particles/water_foam_refr_p_an.mtl,533,d759203b7aba2ded0d435a60a4b4737280c75f6bbd050806c6996232b94ccb30
Textures/particles/water_circle_foam_an_diff.dds,484,7378ea3238e5f46ce8cf55526f7308a5e1447b9cfb188f62a1b6ffb1fefe71f6
Textures/particles/water_circle_foam_an_diff.dds.1,1024,aa5d192991353fa039bd1b4a10825d0896ef28ceffc9b4a7b3cd74f27fe7fefe
Textures/particles/water_circle_foam_an_diff.dds.2,4096,4a0e343b2f5d9a4d0a3c1010b959c1cd771fc1b1a0de032bf111784a6ff0b736
Textures/particles/water_circle_foam_an_diff.dds.3,16384,19187af9ce0fd039c45dfa415304d1129f157fc6eb729b78fb78912bfbb772f5
Textures/particles/water_circle_foam_an_diff.dds.4,65536,5532c7d9db5e438f5328b9c5e7f9a4535d50e19411e3c33432530dd41fbd5cb1
Textures/particles/water_circle_foam_diff.dds,484,0846501d5aaf4b68c384f33a7b54196f39c45c1b1403c639028eb9ed4b2b03fc
Textures/particles/water_circle_foam_diff.dds.1,1024,7976bbc877ad7af04b96039cdc6e9480e1705465421aa12810784309b5e8a08b
Textures/particles/water_circle_foam_diff.dds.2,4096,9dba76a33fbe1db55c65ca5ff0afb13f45ac2ea398cb7b0844aaccfeef95960f
Textures/particles/water_circle_foam_diff.dds.3,16384,59fb544d6c886484ff62bfcd986abcc81334703660b10a094c019ca0acca19ed
Textures/particles/water_circle_foam_diff.dds.4,65536,bbac02c9608625a6e7fe45cc9c5a857c8d99223a5c109ba6949f173132d0ca35
Textures/particles/water_circle_foam_diff.dds.5,262144,89d1b566967e2125180a11f235ceeba86d64ab4f9015c069e8ac28474c042974
Textures/particles/water_circle_foam_h_diff.dds,484,02586b50072cda3dab6b4ea77569d8bac52a5618fc4e4c2282e4b33e716007eb
Textures/particles/water_circle_foam_h_diff.dds.1,1024,2cffdf6ea8c6e3793984f761cb7ed933445cc6f10d1a7264fd21dd151ec27863
Textures/particles/water_circle_foam_h_diff.dds.2,4096,5272951a3fb651a85712d18e7b7bb03dc37175ee01161332e581c55be3f1e590
Textures/particles/water_circle_foam_h_diff.dds.3,16384,bd6b48af6ef5dd54aaeab6c142d16bae15c9a3f099a9933c33478a4d083e884f
Textures/particles/water_circle_foam_h_diff.dds.4,65536,7479e461dcabf5f0f3ed63e4557c581c7e593521fca6b671cfe0fa75e6219ab8
Textures/particles/water_circle_foam_h_diff.dds.5,262144,bbda30b0f0edaf49168c0c584a5156a25d600b62806d2296096786d75d5f6b5a
