id,nome,link
800,Volumetric Fog Shadows,https://www.nexusmods.com/kingdomcomedeliverance/mods/800
802,Archery for 1.9,https://www.nexusmods.com/kingdomcomedeliverance/mods/802
804,Loose (An Archery Mod),https://www.nexusmods.com/kingdomcomedeliverance/mods/804
827,All Maps From Kingdom Come Deliverance - Ultra High Resolution,https://www.nexusmods.com/kingdomcomedeliverance/mods/827
829,Shop Proper,https://www.nexusmods.com/kingdomcomedeliverance/mods/829
844,Yet Another (Realistic) Reshade,https://www.nexusmods.com/kingdomcomedeliverance/mods/844
864,Official Kingdom Come Deliverance Modding Tools,https://www.nexusmods.com/kingdomcomedeliverance/mods/864
867,APEX Realistic Modding Guide tweaks and fixes,https://www.nexusmods.com/kingdomcomedeliverance/mods/867
879,Original clouds KCD no mipmap,https://www.nexusmods.com/kingdomcomedeliverance/mods/879
883,KingdomCome Rebalancing,https://www.nexusmods.com/kingdomcomedeliverance/mods/883
922,Enhanced Hair Textures,https://www.nexusmods.com/kingdomcomedeliverance/mods/922
930,Photorealistic Beauty,https://www.nexusmods.com/kingdomcomedeliverance/mods/930
950,Henry's Castle at Pribyslavits,https://www.nexusmods.com/kingdomcomedeliverance/mods/950
955,Treasure Maps Of Bohemia,https://www.nexusmods.com/kingdomcomedeliverance/mods/955
957,Dark Souls Death Screen,https://www.nexusmods.com/kingdomcomedeliverance/mods/957
972,Let Me Loot,https://www.nexusmods.com/kingdomcomedeliverance/mods/972
975,Super Natural Reshade,https://www.nexusmods.com/kingdomcomedeliverance/mods/975
977,Alms for Beggars,https://www.nexusmods.com/kingdomcomedeliverance/mods/977
978,minimalistic HUD,https://www.nexusmods.com/kingdomcomedeliverance/mods/978
994,Depth ReShade,https://www.nexusmods.com/kingdomcomedeliverance/mods/994
1009,Perkaholic - PTF updated (1.9.4-1.9.8),https://www.nexusmods.com/kingdomcomedeliverance/mods/1009
1045,MORE BLOOD,https://www.nexusmods.com/kingdomcomedeliverance/mods/1045
1046,Rudy ENB for KCD,https://www.nexusmods.com/kingdomcomedeliverance/mods/1046
1059,Icon ID Resource,https://www.nexusmods.com/kingdomcomedeliverance/mods/1059
1063,Paper UI,https://www.nexusmods.com/kingdomcomedeliverance/mods/1063
1070,Better Combat,https://www.nexusmods.com/kingdomcomedeliverance/mods/1070
1074,Realism Enlighted ReShade - lore-friendly realistic Visual Enhancing and Sharpening - big quality boost on lower resolutions,https://www.nexusmods.com/kingdomcomedeliverance/mods/1074
1080,ReformationFX Reshade,https://www.nexusmods.com/kingdomcomedeliverance/mods/1080
1084,Overpowered Bows - PTF Edition,https://www.nexusmods.com/kingdomcomedeliverance/mods/1084
1088,Polearms Unleashed,https://www.nexusmods.com/kingdomcomedeliverance/mods/1088
1090,Colored Arrows,https://www.nexusmods.com/kingdomcomedeliverance/mods/1090
1092,Pollax replacer (Axe and Hammer head interchangable),https://www.nexusmods.com/kingdomcomedeliverance/mods/1092
1100,Faster archery - PTF Edition,https://www.nexusmods.com/kingdomcomedeliverance/mods/1100
1107,Blood and Steel with NO FPS LOSS,https://www.nexusmods.com/kingdomcomedeliverance/mods/1107
1112,Combat Overhaul,https://www.nexusmods.com/kingdomcomedeliverance/mods/1112
1114,Snow Mod,https://www.nexusmods.com/kingdomcomedeliverance/mods/1114
1148,Combo and Weapon rebalance,https://www.nexusmods.com/kingdomcomedeliverance/mods/1148
1153,More historically accurate item stats,https://www.nexusmods.com/kingdomcomedeliverance/mods/1153
1182,high resolution Kingdome map with all important locations,https://www.nexusmods.com/kingdomcomedeliverance/mods/1182
1193,Weather Mod,https://www.nexusmods.com/kingdomcomedeliverance/mods/1193
1195,Get Water,https://www.nexusmods.com/kingdomcomedeliverance/mods/1195
1196,Better graphics reshade,https://www.nexusmods.com/kingdomcomedeliverance/mods/1196
1197,Proper Cyrillic Fonts,https://www.nexusmods.com/kingdomcomedeliverance/mods/1197
1205,ETSGF - Easy to see glowing Arrow feathers - 1.9.6 - Multi-Colored arrow support,https://www.nexusmods.com/kingdomcomedeliverance/mods/1205
1227,30 FPS Cutscene Fix V3,https://www.nexusmods.com/kingdomcomedeliverance/mods/1227
1243,Easier Enemies PTF (Dumber Enemies),https://www.nexusmods.com/kingdomcomedeliverance/mods/1243
1256,Horus 2.0 KCD Reshade Preset,https://www.nexusmods.com/kingdomcomedeliverance/mods/1256
1258,vShade for GShade Realistic Graphic Preset,https://www.nexusmods.com/kingdomcomedeliverance/mods/1258
1266,Stronger drinks - PTF Edition,https://www.nexusmods.com/kingdomcomedeliverance/mods/1266
1281,4K Kingdom Come PNG Map with EVERYTHING,https://www.nexusmods.com/kingdomcomedeliverance/mods/1281
1283,KINGDOM CINEMATIC ReShade,https://www.nexusmods.com/kingdomcomedeliverance/mods/1283
1291,Eye Candy Reshade,https://www.nexusmods.com/kingdomcomedeliverance/mods/1291
1292,Ultimate Repair Kit 2.0,https://www.nexusmods.com/kingdomcomedeliverance/mods/1292
1308,Less Income Pribyslavitz,https://www.nexusmods.com/kingdomcomedeliverance/mods/1308
1314,Ultimate Ray Tracing KCD Reshade Preset,https://www.nexusmods.com/kingdomcomedeliverance/mods/1314
1322,Mutt Be Quiet,https://www.nexusmods.com/kingdomcomedeliverance/mods/1322
1323,Skalitz Shield Fix AWL,https://www.nexusmods.com/kingdomcomedeliverance/mods/1323
1327,Weather Overhaul,https://www.nexusmods.com/kingdomcomedeliverance/mods/1327
1332,Less Headbob,https://www.nexusmods.com/kingdomcomedeliverance/mods/1332
1334,Fast Learning Henry,https://www.nexusmods.com/kingdomcomedeliverance/mods/1334
1342,Adjusted Ultra Graphics Config,https://www.nexusmods.com/kingdomcomedeliverance/mods/1342
1349,Natural Reshade,https://www.nexusmods.com/kingdomcomedeliverance/mods/1349
1355,Better Crime Stealth Plus No Dogs,https://www.nexusmods.com/kingdomcomedeliverance/mods/1355
1356,Fan Side Quest - Heritage,https://www.nexusmods.com/kingdomcomedeliverance/mods/1356
1367,Apostalus User Configs,https://www.nexusmods.com/kingdomcomedeliverance/mods/1367
1373,Custom UI Loading progress,https://www.nexusmods.com/kingdomcomedeliverance/mods/1373
1375,No Aim Spread (Bow sway disabler),https://www.nexusmods.com/kingdomcomedeliverance/mods/1375
1376,Archery mod - Faster arrows (for real),https://www.nexusmods.com/kingdomcomedeliverance/mods/1376
1380,Black Items Fix,https://www.nexusmods.com/kingdomcomedeliverance/mods/1380
1384,Modified Combat Overhaul - Directional Combat and smarter AI,https://www.nexusmods.com/kingdomcomedeliverance/mods/1384
1391,Better Equipped Runt,https://www.nexusmods.com/kingdomcomedeliverance/mods/1391
1394,KDC ReShader,https://www.nexusmods.com/kingdomcomedeliverance/mods/1394
1403,Ultra Reshade for Low Settings,https://www.nexusmods.com/kingdomcomedeliverance/mods/1403
1410,Better Rain,https://www.nexusmods.com/kingdomcomedeliverance/mods/1410
1414,Real Life Kingdom Come Experience Reshade,https://www.nexusmods.com/kingdomcomedeliverance/mods/1414
1419,Immersive Archery,https://www.nexusmods.com/kingdomcomedeliverance/mods/1419
1424,Better Sleep Fixed,https://www.nexusmods.com/kingdomcomedeliverance/mods/1424
1425,Saving Soles (PTF),https://www.nexusmods.com/kingdomcomedeliverance/mods/1425
1426,Energy and Hunger Patch for Timescale Mods (PTF),https://www.nexusmods.com/kingdomcomedeliverance/mods/1426
1428,Reshade DOF With UI Mask,https://www.nexusmods.com/kingdomcomedeliverance/mods/1428
1452,Storable Halberds,https://www.nexusmods.com/kingdomcomedeliverance/mods/1452
1460,Merchants Have x3 Money,https://www.nexusmods.com/kingdomcomedeliverance/mods/1460
1479,Batch files for all items sorted and easy to read,https://www.nexusmods.com/kingdomcomedeliverance/mods/1479
1501,Smaller Player Marker on Map,https://www.nexusmods.com/kingdomcomedeliverance/mods/1501
1510,Mount while encumbered,https://www.nexusmods.com/kingdomcomedeliverance/mods/1510
1511,JSCR - Just simple custom Reshade,https://www.nexusmods.com/kingdomcomedeliverance/mods/1511
1518,Waystones Give XP,https://www.nexusmods.com/kingdomcomedeliverance/mods/1518
1519,Shooting Nests Gives XP,https://www.nexusmods.com/kingdomcomedeliverance/mods/1519
1520,Shooting Archery Targets Gives XP,https://www.nexusmods.com/kingdomcomedeliverance/mods/1520
1526,Force High Quality Trees in the distance,https://www.nexusmods.com/kingdomcomedeliverance/mods/1526
1527,Infinite Draw Distance,https://www.nexusmods.com/kingdomcomedeliverance/mods/1527
1528,Enchanced Shadows and Shadow Cascades,https://www.nexusmods.com/kingdomcomedeliverance/mods/1528
1535,Dandelion Baron,https://www.nexusmods.com/kingdomcomedeliverance/mods/1535
1538,Batch's Ultra Graphics Settings,https://www.nexusmods.com/kingdomcomedeliverance/mods/1538
1544,Summertime Reshade for Kindom Come,https://www.nexusmods.com/kingdomcomedeliverance/mods/1544
1545,Saddles Have Durability,https://www.nexusmods.com/kingdomcomedeliverance/mods/1545
1548,Immersive Economy,https://www.nexusmods.com/kingdomcomedeliverance/mods/1548
1552,See NPCs and Animals Farther (Increased NPC render distance),https://www.nexusmods.com/kingdomcomedeliverance/mods/1552
1558,Karnages_KCD_Essential_Fixes 2.0,https://www.nexusmods.com/kingdomcomedeliverance/mods/1558
1559,Karnages_Weapons_Damage_Balance 2.0,https://www.nexusmods.com/kingdomcomedeliverance/mods/1559
1560,Karnages_Durability_Redux,https://www.nexusmods.com/kingdomcomedeliverance/mods/1560
1561,Karnages_KCD_user.cfg 2.0,https://www.nexusmods.com/kingdomcomedeliverance/mods/1561
1562,Karnages_Polearm_Rebalance 2.0,https://www.nexusmods.com/kingdomcomedeliverance/mods/1562
1563,Karnages_Polearm_Restoration 2.0,https://www.nexusmods.com/kingdomcomedeliverance/mods/1563
1564,Karnages_Rebalanced_Bows 2.0,https://www.nexusmods.com/kingdomcomedeliverance/mods/1564
1565,Karnages_Arrow_Balance 2.0,https://www.nexusmods.com/kingdomcomedeliverance/mods/1565
1566,Karnages_Lost_Weapons_Pack_Redux 2.0,https://www.nexusmods.com/kingdomcomedeliverance/mods/1566
1568,Karnages_Shop_Prices,https://www.nexusmods.com/kingdomcomedeliverance/mods/1568
1569,Karnages_Shield_Restoration,https://www.nexusmods.com/kingdomcomedeliverance/mods/1569
1570,Karnages_Inventory_Recolour,https://www.nexusmods.com/kingdomcomedeliverance/mods/1570
1572,Increased Experience Gains,https://www.nexusmods.com/kingdomcomedeliverance/mods/1572
1578,Weighed Groschen - PTF Version,https://www.nexusmods.com/kingdomcomedeliverance/mods/1578
1589,Realistic Colour Correction Kingdom Come Deliverance,https://www.nexusmods.com/kingdomcomedeliverance/mods/1589
1594,Having trouble with old mods (Question Mark),https://www.nexusmods.com/kingdomcomedeliverance/mods/1594
1603,Sharper graphic reshade for Kingdom Come Deliverance,https://www.nexusmods.com/kingdomcomedeliverance/mods/1603
1605,Formidable Runt,https://www.nexusmods.com/kingdomcomedeliverance/mods/1605
1612,Remove Auto Camera Lock In Combat,https://www.nexusmods.com/kingdomcomedeliverance/mods/1612
1639,Alternate Food Spoil (2X),https://www.nexusmods.com/kingdomcomedeliverance/mods/1639
1646,AutoLimitFPS,https://www.nexusmods.com/kingdomcomedeliverance/mods/1646
1652,Catches the Worm,https://www.nexusmods.com/kingdomcomedeliverance/mods/1652
1654,Boots with Common Plate Chausses,https://www.nexusmods.com/kingdomcomedeliverance/mods/1654
1655,Save Me Henry,https://www.nexusmods.com/kingdomcomedeliverance/mods/1655
1660,Double Brew Yield,https://www.nexusmods.com/kingdomcomedeliverance/mods/1660
1667,Surface Type Rework,https://www.nexusmods.com/kingdomcomedeliverance/mods/1667
1668,Relaxed RPG Params,https://www.nexusmods.com/kingdomcomedeliverance/mods/1668
1673,Combat musics tweak,https://www.nexusmods.com/kingdomcomedeliverance/mods/1673
1683,Roads Are Dangerous - Redux,https://www.nexusmods.com/kingdomcomedeliverance/mods/1683
1689,Playable Daggers,https://www.nexusmods.com/kingdomcomedeliverance/mods/1689
1797,Nighttime Nighthawk,https://www.nexusmods.com/kingdomcomedeliverance/mods/1797
1800,KCD 2 Reshade,https://www.nexusmods.com/kingdomcomedeliverance/mods/1800
1818,Kingdom Cum Deliverance,https://www.nexusmods.com/kingdomcomedeliverance/mods/1818
1823,RTX 3050 PACK,https://www.nexusmods.com/kingdomcomedeliverance/mods/1823
1829,Mod Order Tool 1.2,https://www.nexusmods.com/kingdomcomedeliverance/mods/1829
1860,Train More Carry More - PTF,https://www.nexusmods.com/kingdomcomedeliverance/mods/1860
1861,Sell Damaged Items At Full Price - PTF,https://www.nexusmods.com/kingdomcomedeliverance/mods/1861
1862,Faster Inury Regeneration - PTF,https://www.nexusmods.com/kingdomcomedeliverance/mods/1862
1863,Dirty And Charismatic - PTF,https://www.nexusmods.com/kingdomcomedeliverance/mods/1863
1864,Cheap Savior Schnapps - PTF,https://www.nexusmods.com/kingdomcomedeliverance/mods/1864
1875,KCD1 Enhanced Visuals - UBER Graphics ReShade,https://www.nexusmods.com/kingdomcomedeliverance/mods/1875
1900,Jiggle Physics,https://www.nexusmods.com/kingdomcomedeliverance/mods/1900
1907,Visorless Helmets,https://www.nexusmods.com/kingdomcomedeliverance/mods/1907
1909,Helmet-Off Dialog (Beta),https://www.nexusmods.com/kingdomcomedeliverance/mods/1909
1956,Auto Hide HUD REBORN,https://www.nexusmods.com/kingdomcomedeliverance/mods/1956
1958,Selected Immersion Breaking Music Mute,https://www.nexusmods.com/kingdomcomedeliverance/mods/1958
1964,KCD1 Reborn - Enhanced Faces and Skin,https://www.nexusmods.com/kingdomcomedeliverance/mods/1964
1972,FINAL Beyond SUPER Ultra Graphics and Visuals Configs,https://www.nexusmods.com/kingdomcomedeliverance/mods/1972
1980,Medieval Loading Screens,https://www.nexusmods.com/kingdomcomedeliverance/mods/1980
1982,Stormy Skies,https://www.nexusmods.com/kingdomcomedeliverance/mods/1982
2030,Clean and Minimal HUD and Map,https://www.nexusmods.com/kingdomcomedeliverance/mods/2030
2040,Polymorphic Projectiles Arrow Overhaul,https://www.nexusmods.com/kingdomcomedeliverance/mods/2040
2046,Arsenal - A Weapons Overhaul - DDDB,https://www.nexusmods.com/kingdomcomedeliverance/mods/2046
2049,Simple Ragdoll Physics,https://www.nexusmods.com/kingdomcomedeliverance/mods/2049
2119,KCD Mod Manager,https://www.nexusmods.com/kingdomcomedeliverance/mods/2119
2153,Engine Tweaks KCD 2.0 - user.cfg details,https://www.nexusmods.com/kingdomcomedeliverance/mods/2153
2158,Finders Keepers,https://www.nexusmods.com/kingdomcomedeliverance/mods/2158
2171,No Stolen Items (PTF),https://www.nexusmods.com/kingdomcomedeliverance/mods/2171
2179,True Hardcore Combat (PTF),https://www.nexusmods.com/kingdomcomedeliverance/mods/2179
2180,Optimized CryEngine simple tweaks,https://www.nexusmods.com/kingdomcomedeliverance/mods/2180
2188,True Hardcore Economy (PTF),https://www.nexusmods.com/kingdomcomedeliverance/mods/2188
2190,ENHANCED Bohemian Redux and FX Overhaul,https://www.nexusmods.com/kingdomcomedeliverance/mods/2190
2192,ENHANCED Toggle Aim Overhaul v2.0 KCD I,https://www.nexusmods.com/kingdomcomedeliverance/mods/2192
2194,ENHANCED Easy FREE Combat Target Overhaul v3.0 KCD I,https://www.nexusmods.com/kingdomcomedeliverance/mods/2194
2196,ENHANCED Adult Bounce KCD I,https://www.nexusmods.com/kingdomcomedeliverance/mods/2196
2208,Medieval Poisons - True Hardcore Compatibility Patch (PTF),https://www.nexusmods.com/kingdomcomedeliverance/mods/2208
2209,Poisonous Enemies - True Hardcore Compatibility Patch (PTF),https://www.nexusmods.com/kingdomcomedeliverance/mods/2209
2210,True Hardcore Alchemy (PTF),https://www.nexusmods.com/kingdomcomedeliverance/mods/2210
2243,Performance Tweaks and best visuals,https://www.nexusmods.com/kingdomcomedeliverance/mods/2243
2244,Kingdom Come Script Extender,https://www.nexusmods.com/kingdomcomedeliverance/mods/2244
2246,Console Editable RpgParams,https://www.nexusmods.com/kingdomcomedeliverance/mods/2246
2331,Bushes Collision Remover Redux,https://www.nexusmods.com/kingdomcomedeliverance/mods/2331
2332,Baptism of Fire Fix Redux,https://www.nexusmods.com/kingdomcomedeliverance/mods/2332
2333,Homecoming - Runt Fight Redux,https://www.nexusmods.com/kingdomcomedeliverance/mods/2333
2340,MatthusTweaks - Equipment and Progression Overhaul (PTF),https://www.nexusmods.com/kingdomcomedeliverance/mods/2340
2359,KCD Kombat Tune,https://www.nexusmods.com/kingdomcomedeliverance/mods/2359
2366,Faster Book Flipping,https://www.nexusmods.com/kingdomcomedeliverance/mods/2366
2367,Pray Animation KCD1,https://www.nexusmods.com/kingdomcomedeliverance/mods/2367
2369,Fewer Tournaments,https://www.nexusmods.com/kingdomcomedeliverance/mods/2369
2371,Circator Weapon Check Disabled,https://www.nexusmods.com/kingdomcomedeliverance/mods/2371
2372,Trough Washing Animation,https://www.nexusmods.com/kingdomcomedeliverance/mods/2372
2384,KCD HI-Res Maps,https://www.nexusmods.com/kingdomcomedeliverance/mods/2384
