id,name,name_source,author_or_series,versions,install,krs_area,fix_status,observation,check_1.9.8,check_source
284,No mo slo mo,user label,,,,,not a defect,Behaviour preference.,,
591,Bushes - Collision Remover,review,JovianStone (original),,,,likely still needed (unconfirmed),Invisible collision on bushes; last update 2018-08. Superseded by 2331.,Still applicable. Its 26 models are byte-identical in every game pak up to 1.9.8 (no patch changed them); official notes do not mention bush collision. 2331 is the rebuilt version; prefer it. Collision itself was not inspected.,measured on the 1.9.8 install + official notes
651,,review,,,,Stay clean,,Large bundle.,,
667,Naked Armor Fix,nexus search,,,,,,Related to the 1577 body-material issue.,,
754,Painted Lords of Leipa Hounskull,user label,,,LEG,,,Legacy install: .pak copied into Data and Data\_fastload. Suggest a Mods-folder package.,,
765,Poison overhaul,user label,,,,perk table,,In the tested list; touches perks per the review; potions area.,,
770,Perkaholic updated,user label,,,,perk table,,In the tested 1.9.6 list. Separate id from 1009.,,
796,Miller Guild Items,user label,,,,,bundled fix,Includes a horse item fix.,,
797,Sorting mod,user label,,,,Localization,,Renames text: per-language upkeep.,,
800,VolumetricFogShadows,nexus search,,1.9.*,,,,,"Enabled on 1.9.8 (wildcard 1.9.*, measured).","engine log, tests/logs"
808,,review,,,,Localization,,Renames text: per-language upkeep.,,
958,Architect,user label,,,DEV,,,Needs the game started in dev mode.,,
1009,Perkaholic PTF,review,,1.9.4-1.9.8,PTF,perk table,,Touches perk rows: check against krs_perks rows ec4c5274 / 61e98757. PTF example worth studying.,"Already lists 1.9.8. Adds 56 perks incl. Bow, Polearm, Unarmed; fixes Cushion and Art Connoisseur. Translations exist (1027, 1273, 1244).",Nexus page summary via web search (page not opened)
1040,Disable Combat Slowmotion,review,,,,,,Adjacent (not in the lists).,,
1093,Fishing in Bohemia,review,,,,,,Title only; unverified.,,
1131,Silver armor,user label,,,,,,"The review's search wrongly returned ""Playable Daggers"" for this id (that is 1689); name from the user's label only.",,
1227,30 FPS Cutscene Fix V3,review,,,,30 FPS cutscene fix,,Adjacent; KRS requires a 30 FPS fix mod.,,
1236,Easy Combat PTF,review,,,,Riposte,,Adjacent (easy parry and master strike): likely touches the same perk area.,,
1259,Easy Assassination,review,,,,,not a game fix,v1.1 fixed the mod's own manifest warning.,,
1260,RPG tweaks,user label,,,,Stay clean,,Large bundle (suggest splitting into modules); in the tested list.,,
1296,Kingdom Come Enhanced Edition 2.0,review,,,,,,Adjacent.,,
1309,,review,,,,,,Replaces a whole shared file (random_event.xml per the page); lists conflicts.,,
1323,Skalitz Shield Fix AWL,review,Meatbag101,,,,check patch notes,Blurry Skalitz Shield (A Woman's Lot); last update 2022-01.,"No evidence of an official fix (1.9.7/1.9.8 notes do not mention it). Last update 2022-01-19, needs A Woman's Lot. Not testable from the workspace; check the Skalitz shield in game.",Nexus page summary via web search (page not opened) + official notes
1327,Weather Overhaul,review,,,,,not a game fix,Replaces a whole shared file; rain-for-days tuning is a design choice.,,
1332,Less headbob,user label,,,LUA,,,Replaces vanilla camerashake.lua loose; may take minutes to apply. Suggest a manifest-based override.,,
1334,Fast Learning Henry,review,,,,,,Adjacent.,,
1380,Black Items Fix,user label,,,,,resolve page first,Page not resolved by the review.,,
1416,Toxic Green Armor - PTF Standalone,review,,,PTF,,,Adjacent.,,
1419,Immersive Archery,readme,,,,Archery,,Altered by the suite; permission granted.,,
1423,Hoods and Scarfs UP (PTF - Dynamic - with Correct Meshes),review,,,PTF,,,PTF example worth studying.,,
1460,Richer merchants,user label,,,,,,Large flat multiplier on merchant gold.,,
1566,Lost weapon pack,user label,,,,,bundled fix,Includes a fix for maces invisible when holstered.,,
1577,Invisible hands FIX (UPDATE),review,Spuchel,,,,check patch notes,Forearms invisible with sleeveless clothes; v3.0 late 2023.,Partly overlapped: the official 1.9.7 notes fix transparent arms for one item (Quilted Vest). The mod fixes the body material alphaTest in general (last update 2023-12-13). Keep until tested with a sleeveless item.,Nexus page summary via web search (page not opened) + official notes
1629,,review,,,,Riposte,,Recommends using it with Restore Riposte.,,
1636,More Sensible Weapons and Armor,nexus search,,,,,,,,
1647,,review,,,,,not a defect,Behaviour preference.,,
1671,,review,,,,,not a defect,Behaviour preference.,,
1678,Better Archery,review,,,,Archery,,Closest comparable to Immersive Archery.,,
1689,Playable Daggers,review,,,,,,Adjacent.,,
1693,Ravens beak and Spiked warhammer icon swap,review,Sibnal,manifest 1.9.6 only,,,check patch notes,Two weapon icons mismatched; 2024-12.,"STILL NEEDED. Current Tables.pak has icon 152 on the Raven's beak and 150 on the spiked warhammer; the mod sets them the other way round. It is a 1 KB table patch (player_item, suffix == mod id), but its manifest lists only 1.9.6 so the 1.9.8 engine disables it until the line is edited (an edited manifest loads, measured).",measured on the 1.9.8 install
1723,,review,,,,,,Replaces a whole shared file (Inventory.gfx); UI cannot use PTF.,,
1730,Drink Sound Effects 1.1,nexus search,,manifest not 1.9.8,,,,,Disabled by the 1.9.8 engine as shipped (measured).,"engine log, tests/logs"
1736,,review,TyburnKetch,,,perk table,,Touches perks.,,
1743,Persistent arrows,review,,1.9.*,,Persistent arrows,,The required mod itself.,"Enabled on 1.9.8 (wildcard 1.9.*, measured).","engine log, tests/logs"
1765,Restore Riposte,readme,AcSiG,manifest 1.9.6 only,PTF,Riposte,,Altered by krs_perks; permission granted.,Disabled by the 1.9.8 engine as shipped (measured). With only that line edited to 1.9.8 it loaded and its perk patch applied (table level; in-game perk screen not tested).,"engine log, tests/logs"
1780,,review,TyburnKetch,,,,,Also author of Medieval Poisons (required by 2208).,,
1797,Nighttime Nighthawk,review,,,,,,Adjacent.,,
1853,Richer Merchants (PTF),nexus search,,,,,,Alternative to 1873/1460.,,
1870,Fair Trade - PTF,review,,,PTF,,,PTF example worth studying.,,
1873,Daily Restock And Rich Merchants - PTF,review,tempbito,problems on latest,PTF,,,Large flat multiplier on merchant gold.,No version statement found; restocks daily and gives merchants 100x money. The review's 'problems on the latest version' is unconfirmed.,Nexus page summary via web search (page not opened)
1882,Devil's Scowl Sheild Fix,nexus search,,,,,,"Another shield fix, next to 1323.",,
1883,Better Pickpocket - FIXED,review,,,,,not a game fix,Fixes a bug in another mod (doubled catch chance in the original).,,
1900,,review,,,,,,Title only; unverified.,,
1951,,review,,,,,not a defect,Behaviour preference.,,
1972,,review,,,CFG,,,Hardware-specific cfg values published as general.,,
1990,,review,,,,perk table,,Touches perks.,,
2022,,review,,,PTF,,,PTF example worth studying.,,
2035,Diaz Dizazter Does Bohemia Ordinance and Archery,nexus search,Diaz Dizazter,,,,,Same author as 2040/2046/2049; archery.,,
2040,Polymorphic Projectiles,review,Diaz Dizazter,>=1.9.7,,Archery,,Changes arrow damage values; mixes balance and novelty arrows (suggest split).,Compatible with 1.9.8 by its statement (1.9.7+); requires the 'Loot Info' mod to show multi-damage arrows.,Nexus page summary via web search (page not opened)
2045,,review,,,PTF,,,PTF example worth studying.,,
2046,,review,Diaz Dizazter,,PTF,,,Weapons/arrows/ragdolls series.,,
2049,,review,Diaz Dizazter,,,,,Weapons/arrows/ragdolls series.,,
2066,Distant Smoke and Fire,review,FogZZZ,"v0.2, 2025-08-22",,,check patch notes,Pop-in of smoke and flames; 2025-08.,Not verifiable here. Edits libs\particles\wh_particels.xml as a whole file (conflicts with other mods that edit it). Official notes do not mention particles.,Nexus page summary via web search (page not opened)
2103,,review,MayDayU1A,,,,,UI series; replaced by 2147.,,
2108,,review,MayDayU1A,,,,,UI series.,,
2119,KCD Mod Manager,review,,,,,,Adjacent.,,
2124,Half-looted,review,,1.9.6 (ok 1.9.7),,,,Large bundle.,"No 1.9.8 statement found; it is a bundle of sub-modules, check before use on 1.9.8.",Nexus page summary via web search (page not opened)
2147,,review,MayDayU1A,,,,,UI series; includes the pickpocket window that 2103 replaces.,,
2153,,review,,,CFG,,,Hardware-specific cfg values published as general.,,
2158,,review,,,PTF,,,Parameter approach (pickpocket); PTF example.,,
2165,Merchants Richer,nexus search,,,,,,Alternative to 1873/1460/1853.,,
2171,,review,,,PTF,,,Misses pickpocketed items; combine with 2158.,,
2173,True Hardcore Maintenance (PTF),nexus search,Nfrog2swamp1,,,,,Series member; touches repairs (compare with krs_qol RepairPriceModif).,,
2174,,review,,,PTF,,,PTF example worth studying.,,
2179,True Hardcore Combat (PTF),review,Nfrog2swamp1,made and tested on 1.9.8,PTF,Riposte,,True Hardcore series; closest comparable for the Riposte area.,Targets 1.9.8.,Nexus page summary via web search (page not opened)
2180,,review,,,CFG,,,Hardware-specific cfg values published as general.,,
2188,True Hardcore Economy (PTF),review,Nfrog2swamp1,,PTF,,,True Hardcore series.,,
2190,,review,DreamMora,,,,,KCD2-port series.,,
2191,,review,DreamMora,,,,,KCD2-port series.,,
2192,,review,DreamMora,,,,,KCD2-port series.,,
2194,,review,DreamMora,,,,,KCD2-port series.,,
2196,,review,DreamMora,,,,,KCD2-port series.,,
2199,,review,DreamMora,,,,,KCD2-port series.,,
2203,,review,,,,Localization,,Renames text: per-language upkeep.,,
2204,,review,,,,Localization,,Renames text: per-language upkeep.,,
2206,,review,DreamMora,,,Persistent arrows,,Overlaps with persistent arrows.,,
2208,Medieval Poisons - True Hardcore Compatibility Patch (PTF),review,Nfrog2swamp1,1.9.8,PTF,,,Requires Medieval Poisons (TyburnKetch); made on 1.9.8.,,
2209,Poisonous Enemies - True Hardcore Compatibility Patch (PTF),review,Nfrog2swamp1,,PTF,,,True Hardcore series.,,
2210,True Hardcore Alchemy (PTF),review,Nfrog2swamp1,1.9.8,PTF,perk table,,True Hardcore series; made on 1.9.8.,Targets 1.9.8.,Nexus page summary via web search (page not opened)
2216,,review,,,,,,Repairs other mods' manifests on the fly: back up before trusting.,,
2218,,review,,,,Stay clean,,Visual comparable to MGsStayClean.,,
2219,True Hardcore Crime (PTF),nexus search,Nfrog2swamp1,made and tested on 1.9.8,,,,Series member found while verifying 2179/2210.,,
2243,,review,,,CFG,,bundled fix,Wall/NPC pixelation fix through a config file; hardware-specific cfg values.,,
2244,KCSE (Kingdom Come Script Extender),review,JerryYOJ,1.9.8.0 only,KCSE,,,Native or version-locked: add version checks.,Matches 1.9.8 only; a companion Address Library (2273) also exists for 1.9.8 only.,Nexus page summary via web search (page not opened)
2255,,review,JerryYOJ,,KCSE,,,Plugin that needs 2244.,,
2273,Address Library For KCSE,nexus search,JerryYOJ,1.9.8 only,,,,Companion of 2244.,,
2276,,review,,,,,,Speed constant is edited by hand.,,
2294,,review,,,,Riposte,,Directional master strikes.,,
2299,1403 - Historical Rebalance,review,,,,,,Large bundle.,,
2317,,review,,,,,,Replaces a whole shared file (HUD.gfx); UI cannot use PTF.,,
2323,,review,,,,,,"Moves items between stashes, horse and pockets: test save safety.",,
2331,Bushes Collision Remover Redux,review,,built for 1.9.7,,,unconfirmed (current),26 models; updated 2026-08.,Current. Replaces 26 vegetation models; no 1.9.8 statement found on the page summary.,Nexus page summary via web search (page not opened)
2333,,review,,,,,,Replaces a whole shared file; lists conflicts.,,
2340,MatthusTweaks - Equipment and Progression Overhaul (PTF),review,,,PTF,,,Modular files; large bundle done right.,Modular PTF; closest comparable to the KRS scope.,Nexus page summary via web search (page not opened)
2348,,review,,,,,,Native or version-locked code.,,
2359,,review,,,,,,Title only; unverified.,,
2366,,review,,,,,,Never looked up (search cap).,,
2367,,review,,,,,,Never looked up (search cap).,,
2369,,review,,,,,,Never looked up (search cap).,,
2371,,review,,,,,,Never looked up (search cap).,,
2372,,review,,,,,,Never looked up (search cap).,,
2381,,review,,,,,,Never looked up (search cap).,,
2384,,review,,,,,,Never looked up (search cap).,,
