archive,nexus_id,size_mb,files,extracted,manifest_modid,effective_id,supports,loads_on_1.9.8,layout,table_patches,suffix_ok,problems,krs_collisions
30 FPSCutscene Fix V2-1227-2-0-1724448782.zip,1227,0.0,3,yes,,fpsfixv2,(none),yes (no version restriction),pak,,,,
AlternateFoodSpoil2X-1639-1-0-1715595738.zip,1639,0.0,4,yes,,alternatefoodspoil2x,(none),yes (no version restriction),pak,food,yes,id 'alternatefoodspoil2x' has characters other than lowercase letters and underscore (the engine warns; patches may not apply),krs_items:food:73ff1fde-ec8b-41e9-95e3-b5938c715bf1
Blood Mod Alpha 3b-681-0-03b-1563915673.7z,681,0.5,4,yes,,blood_mod,(none),yes (no version restriction),pak,,,,
Bushes.Only_Collision.Remover-591-2-0.7z,591,1.7,4,yes,,bushes_collision.remover,(none),yes (no version restriction),pak,,,,
Clean_Items_In_Trough-1691-1-0-1722095684.zip,1691,0.0,4,yes,,clean_items_in_trough,1.*,yes (wildcard),pak,,,"mod.manifest is not valid XML (mismatched tag: line 9, column 4); the engine may reject or misread it",
Colored Arrows and Feathers - White-1090-1-0-3-1599011013.zip,1090,1.1,4,yes,,colored_arrows_and_feathers,1.9.*,yes (wildcard),pak,,,,
Dice-611-1-0.7z,611,1.8,4,yes,,more_visible_dice,(none),yes (no version restriction),pak,,,,
Drink Sound Effects 1.1-1730-1-1-1728087257.zip,1730,0.0,4,yes,,drinksoundeffects,1.9.6,NO (disabled: lists 1.9.6),pak,"item, potion",yes,,
Early Bird NPC rescheduler-726-2-1-0-1640796373.7z,726,0.4,4,yes,,earlybird,(none),yes (no version restriction),pak,soul,yes,,
EcactMoneyDisplay-613-1-9-5-1597597427.zip,613,0.2,5,yes,,exact_money_display,1.9.*,yes (wildcard),pak,,,,
Formidable Runt-1605-1-4-1711201397.zip,1605,0.0,3,yes,,formidablerunt,(none),yes (no version restriction),pak,"armor2clothing_preset, buff, perk, perk_buff, soul, soul2perk, soul2skill",yes,,
Hoods Over Helmets Remove Kettle Helmets NPC-771-1-1-1562422310.7z,771,7.0,16,yes,,hoods_over_helmets,(none),yes (no version restriction),"cfg, pak","ammo, armor, armor2clothing_attachment, clothing, equippable_item, item, melee_weapon, pickable_item, player_item, rpg_param, shop_type2item, soul, weapon, weapon2weapon_preset, weapon_preset",yes,Data\Hoods Over Helmets.pak!Libs/Tables/item/ammo.xml: no suffix: replaces the whole vanilla table | Data\Hoods Over Helmets.pak!Libs/Tables/item/armor.xml: no suffix: replaces the whole vanilla table | Data\Hoods Over Helmets.pak!Libs/Tables/item/armor2clothing_attachment.xml: no suffix: replaces the whole vanilla table | Data\Hoods Over Helmets.pak!Libs/Tables/item/clothing.xml: no suffix: repla,
IntimidationStat-1723-1-1-1728217688.zip,1723,0.2,4,yes,,intimidationstat,(none),yes (no version restriction),pak,,,,
KRS-Items-2017-1-0-0-1749069665.7z,2017,0.0,4,yes,krs_items,krs_items,1.9.x,NO (disabled: lists 1.9.x),pak,,,"Data\krs-items.pak: not a ZIP (the game cannot open it); inner files Tables\item\document__KRS-items.xml, Tables\rpg\rpg_param__KRS-items.xml (no Libs/ root either)",
KRS-Items-2017-1-1-1-1749401836.7z,2017,0.0,3,yes,,,,no manifest in the archive (legacy install: copy into Data),pak,,,"KRS-Items\Data\KRS-Items.pak: not a ZIP (the game cannot open it); inner files Tables\item\document__KRS-items.xml, Tables\rpg\rpg_param__KRS-items.xml, Tables\rpg\sleeping_spot_type__KRS-items.xml (no Libs/ root either)",
LartiguesUpscaleProject2.1-1218-2-1-1734099038.zip,1218,851.1,4,manifest only,,lartigue's_upscale_project,(none),yes (no version restriction),pak,,,,
LartiguesUpscaleProject2.1.1-1218-2-1-1-1750232674.zip,1218,311.9,5,manifest only,,lartigue's_upscale_project,(none),yes (no version restriction),pak,,,,
MGs Stay Clean Longer - Get Dirty Gradually 1.6-390-1-6-1707663382.zip,390,0.0,4,yes,,staycleanlongergetdirtygradually,(none),yes (no version restriction),pak,"perk_rpg_param_override, rpg_param",yes,,
More Artwork Loadingscreens-638-1-0-1539995340.zip,638,12.1,4,yes,,more_loadingscreens,1.*,yes (wildcard),pak,,,,
More Responsive Targeting-83-1-04-1.zip,83,0.0,1,yes,,,,no manifest in the archive (legacy install: copy into Data),cfg,,,,
Persistentarrows-1743-1-2-1729568337.rar,1743,0.0,4,yes,,persistentarrows,1.9.*,yes (wildcard),pak,,,,
Riposte-1765-1-0-2-1735871267.zip,1765,0.0,9,yes,,riposte,1.9.6,NO (disabled: lists 1.9.6),pak,perk,yes,,krs_perks:perk:61e98757-9b32-493b-ad09-0087afdb81be; krs_perks:perk:ec4c5274-50e3-4bbf-9220-823b080647c4
SOLID HELMET VISORS-1485-1-2-1737430681.rar,1485,69.0,42,manifest only,,solid_helmet_visors,(none),yes (no version restriction),"pak, textures",,,,
Time-HD-updated v1.2.zip-1618-1-2-1714429516.zip,1618,0.4,4,yes,,time-hd,(none),yes (no version restriction),pak,,,,
VolumetricFogShadows-800-1-1-1563786542.zip,800,0.1,11,yes,,volumetric_fog_shadows,1.9.*,yes (wildcard),"cfg, pak",,,,
XboxToPS3controller-1997-1-0-0-1--1745349295.zip,1997,0.4,4,yes,,xboxtops3controller,(none),yes (no version restriction),pak,,,,
