id,batch,in_shortlist
83,0 already had (pilot or Vortex downloads),
85,0 already had (pilot or Vortex downloads),yes
390,0 already had (pilot or Vortex downloads),
591,0 already had (pilot or Vortex downloads),
1009,0 already had (pilot or Vortex downloads),yes
1090,0 already had (pilot or Vortex downloads),
1639,0 already had (pilot or Vortex downloads),
1730,0 already had (pilot or Vortex downloads),
1743,0 already had (pilot or Vortex downloads),
1765,0 already had (pilot or Vortex downloads),
1862,0 already had (pilot or Vortex downloads),yes
2017,0 already had (pilot or Vortex downloads),
84,"1 tabs opened, first 100",
284,"1 tabs opened, first 100",
311,"1 tabs opened, first 100",
366,"1 tabs opened, first 100",yes
480,"1 tabs opened, first 100",
651,"1 tabs opened, first 100",
765,"1 tabs opened, first 100",yes
770,"1 tabs opened, first 100",yes
802,"1 tabs opened, first 100",yes
804,"1 tabs opened, first 100",
883,"1 tabs opened, first 100",yes
1040,"1 tabs opened, first 100",
1062,"1 tabs opened, first 100",
1070,"1 tabs opened, first 100",
1084,"1 tabs opened, first 100",yes
1100,"1 tabs opened, first 100",yes
1105,"1 tabs opened, first 100",
1112,"1 tabs opened, first 100",
1148,"1 tabs opened, first 100",
1195,"1 tabs opened, first 100",
1205,"1 tabs opened, first 100",
1236,"1 tabs opened, first 100",yes
1243,"1 tabs opened, first 100",yes
1260,"1 tabs opened, first 100",yes
1266,"1 tabs opened, first 100",yes
1292,"1 tabs opened, first 100",yes
1323,"1 tabs opened, first 100",
1334,"1 tabs opened, first 100",yes
1375,"1 tabs opened, first 100",yes
1376,"1 tabs opened, first 100",
1380,"1 tabs opened, first 100",
1384,"1 tabs opened, first 100",
1419,"1 tabs opened, first 100",yes
1424,"1 tabs opened, first 100",
1425,"1 tabs opened, first 100",yes
1426,"1 tabs opened, first 100",yes
1483,"1 tabs opened, first 100",
1518,"1 tabs opened, first 100",
1519,"1 tabs opened, first 100",
1520,"1 tabs opened, first 100",
1545,"1 tabs opened, first 100",
1558,"1 tabs opened, first 100",
1559,"1 tabs opened, first 100",
1560,"1 tabs opened, first 100",
1563,"1 tabs opened, first 100",
1564,"1 tabs opened, first 100",
1565,"1 tabs opened, first 100",
1569,"1 tabs opened, first 100",
1572,"1 tabs opened, first 100",yes
1578,"1 tabs opened, first 100",yes
1612,"1 tabs opened, first 100",
1629,"1 tabs opened, first 100",
1647,"1 tabs opened, first 100",
1652,"1 tabs opened, first 100",
1655,"1 tabs opened, first 100",
1660,"1 tabs opened, first 100",
1668,"1 tabs opened, first 100",yes
1671,"1 tabs opened, first 100",
1673,"1 tabs opened, first 100",
1678,"1 tabs opened, first 100",yes
1693,"1 tabs opened, first 100",
1736,"1 tabs opened, first 100",yes
1782,"1 tabs opened, first 100",
1839,"1 tabs opened, first 100",yes
1842,"1 tabs opened, first 100",
1853,"1 tabs opened, first 100",yes
1860,"1 tabs opened, first 100",yes
1863,"1 tabs opened, first 100",yes
1864,"1 tabs opened, first 100",yes
1883,"1 tabs opened, first 100",
1893,"1 tabs opened, first 100",yes
1914,"1 tabs opened, first 100",yes
1922,"1 tabs opened, first 100",
1926,"1 tabs opened, first 100",
1938,"1 tabs opened, first 100",yes
1950,"1 tabs opened, first 100",
1951,"1 tabs opened, first 100",
1990,"1 tabs opened, first 100",yes
1991,"1 tabs opened, first 100",
1996,"1 tabs opened, first 100",yes
2011,"1 tabs opened, first 100",yes
2021,"1 tabs opened, first 100",yes
2035,"1 tabs opened, first 100",
2040,"1 tabs opened, first 100",
2045,"1 tabs opened, first 100",yes
2049,"1 tabs opened, first 100",
2066,"1 tabs opened, first 100",
2098,"1 tabs opened, first 100",
2124,"1 tabs opened, first 100",
2165,"1 tabs opened, first 100",
2173,"1 tabs opened, first 100",yes
2179,"1 tabs opened, first 100",yes
2188,"1 tabs opened, first 100",yes
2192,"1 tabs opened, first 100",
2194,"1 tabs opened, first 100",
2207,"1 tabs opened, first 100",yes
2208,"1 tabs opened, first 100",yes
2209,"1 tabs opened, first 100",yes
2210,"1 tabs opened, first 100",yes
2219,"1 tabs opened, first 100",yes
2246,"2 tabs opened, next 100",yes
2256,"2 tabs opened, next 100",
2276,"2 tabs opened, next 100",yes
2280,"2 tabs opened, next 100",
2294,"2 tabs opened, next 100",
2299,"2 tabs opened, next 100",
2318,"2 tabs opened, next 100",
2323,"2 tabs opened, next 100",
2326,"2 tabs opened, next 100",
2331,"2 tabs opened, next 100",
2332,"2 tabs opened, next 100",
2338,"2 tabs opened, next 100",yes
2340,"2 tabs opened, next 100",yes
2343,"2 tabs opened, next 100",
2345,"2 tabs opened, next 100",
2348,"2 tabs opened, next 100",
2359,"2 tabs opened, next 100",
2362,"2 tabs opened, next 100",yes
2372,"2 tabs opened, next 100",
2381,"2 tabs opened, next 100",
106,"2 tabs opened, next 100",
129,"2 tabs opened, next 100",
266,"2 tabs opened, next 100",
326,"2 tabs opened, next 100",
483,"2 tabs opened, next 100",
491,"2 tabs opened, next 100",
554,"2 tabs opened, next 100",
667,"2 tabs opened, next 100",
708,"2 tabs opened, next 100",
726,"2 tabs opened, next 100",
754,"2 tabs opened, next 100",
762,"2 tabs opened, next 100",
771,"2 tabs opened, next 100",
791,"2 tabs opened, next 100",
795,"2 tabs opened, next 100",
796,"2 tabs opened, next 100",
797,"2 tabs opened, next 100",
808,"2 tabs opened, next 100",
827,"2 tabs opened, next 100",
829,"2 tabs opened, next 100",
837,"2 tabs opened, next 100",
840,"2 tabs opened, next 100",
864,"2 tabs opened, next 100",
867,"2 tabs opened, next 100",
879,"2 tabs opened, next 100",
891,"2 tabs opened, next 100",
892,"2 tabs opened, next 100",
905,"2 tabs opened, next 100",
913,"2 tabs opened, next 100",
915,"2 tabs opened, next 100",
922,"2 tabs opened, next 100",
930,"2 tabs opened, next 100",
942,"2 tabs opened, next 100",
950,"2 tabs opened, next 100",
955,"2 tabs opened, next 100",
957,"2 tabs opened, next 100",
958,"2 tabs opened, next 100",
966,"2 tabs opened, next 100",
969,"2 tabs opened, next 100",
972,"2 tabs opened, next 100",
977,"2 tabs opened, next 100",
978,"2 tabs opened, next 100",
1045,"2 tabs opened, next 100",
1059,"2 tabs opened, next 100",
1063,"2 tabs opened, next 100",
1088,"2 tabs opened, next 100",
1089,"2 tabs opened, next 100",
1092,"2 tabs opened, next 100",
1093,"2 tabs opened, next 100",
1107,"2 tabs opened, next 100",
1110,"2 tabs opened, next 100",
1114,"2 tabs opened, next 100",
1153,"2 tabs opened, next 100",
1182,"2 tabs opened, next 100",
1193,"2 tabs opened, next 100",
1197,"2 tabs opened, next 100",
1203,"2 tabs opened, next 100",
1218,"2 tabs opened, next 100",
1259,"2 tabs opened, next 100",
1281,"2 tabs opened, next 100",
1308,"2 tabs opened, next 100",
1309,"2 tabs opened, next 100",
1311,"2 tabs opened, next 100",
1322,"2 tabs opened, next 100",
1327,"2 tabs opened, next 100",
1330,"2 tabs opened, next 100",
1332,"2 tabs opened, next 100",
1337,"2 tabs opened, next 100",
1355,"2 tabs opened, next 100",
1356,"2 tabs opened, next 100",
1373,"2 tabs opened, next 100",
1374,"2 tabs opened, next 100",
1386,"2 tabs opened, next 100",
1391,"2 tabs opened, next 100",
1410,"2 tabs opened, next 100",
1416,"2 tabs opened, next 100",
1423,"2 tabs opened, next 100",
1452,"2 tabs opened, next 100",
1460,"2 tabs opened, next 100",
1479,"2 tabs opened, next 100",
1485,"4 tabs opened, third batch",
1501,"4 tabs opened, third batch",
1510,"4 tabs opened, third batch",
1535,"4 tabs opened, third batch",
1548,"4 tabs opened, third batch",
1562,"4 tabs opened, third batch",
1566,"4 tabs opened, third batch",
1568,"4 tabs opened, third batch",
1570,"4 tabs opened, third batch",
1577,"4 tabs opened, third batch",
1594,"4 tabs opened, third batch",
1605,"4 tabs opened, third batch",
1618,"4 tabs opened, third batch",
1636,"4 tabs opened, third batch",
1654,"4 tabs opened, third batch",
1667,"4 tabs opened, third batch",
1683,"4 tabs opened, third batch",
1689,"4 tabs opened, third batch",
1719,"4 tabs opened, third batch",
1732,"4 tabs opened, third batch",
1779,"4 tabs opened, third batch",
1780,"4 tabs opened, third batch",
1797,"4 tabs opened, third batch",
1829,"4 tabs opened, third batch",
1861,"4 tabs opened, third batch",
1870,"4 tabs opened, third batch",
1873,"4 tabs opened, third batch",
1882,"4 tabs opened, third batch",
1904,"5 tabs opened, list given by the author (reopened)",
1907,"4 tabs opened, third batch",
1909,"4 tabs opened, third batch",
1918,"4 tabs opened, third batch",
1927,"4 tabs opened, third batch",
1944,"4 tabs opened, third batch",
1956,"4 tabs opened, third batch",
1958,"4 tabs opened, third batch",
1961,"4 tabs opened, third batch",
1964,"4 tabs opened, third batch",
1980,"4 tabs opened, third batch",
1981,"4 tabs opened, third batch",
1982,"4 tabs opened, third batch",
1984,"4 tabs opened, third batch",
2005,"4 tabs opened, third batch",
2008,"4 tabs opened, third batch",
2012,"4 tabs opened, third batch",
2022,"4 tabs opened, third batch",
2030,"4 tabs opened, third batch",
2046,"4 tabs opened, third batch",
2061,"4 tabs opened, third batch",
2068,"4 tabs opened, third batch",
2079,"4 tabs opened, third batch",
2081,"4 tabs opened, third batch",
2084,"4 tabs opened, third batch",
2100,"4 tabs opened, third batch",
2103,"4 tabs opened, third batch",
2108,"4 tabs opened, third batch",
2119,"4 tabs opened, third batch",
2132,"4 tabs opened, third batch",
2147,"4 tabs opened, third batch",
2156,"4 tabs opened, third batch",
2158,"4 tabs opened, third batch",
2171,"4 tabs opened, third batch",
2174,"4 tabs opened, third batch",
2190,"4 tabs opened, third batch",
2191,"4 tabs opened, third batch",
2199,"4 tabs opened, third batch",
2202,"4 tabs opened, third batch",
2203,"4 tabs opened, third batch",
2204,"4 tabs opened, third batch",
2206,"4 tabs opened, third batch",
2216,"4 tabs opened, third batch",
2218,"4 tabs opened, third batch",
2223,"4 tabs opened, third batch",
2224,"4 tabs opened, third batch",
2255,"4 tabs opened, third batch",
2261,"4 tabs opened, third batch",
2270,"4 tabs opened, third batch",
2271,"4 tabs opened, third batch",
2277,"4 tabs opened, third batch",
2279,"4 tabs opened, third batch",
2288,"4 tabs opened, third batch",
2293,"4 tabs opened, third batch",
2297,"4 tabs opened, third batch",
2313,"4 tabs opened, third batch",
2316,"4 tabs opened, third batch",
2317,"4 tabs opened, third batch",
2330,"4 tabs opened, third batch",
2333,"4 tabs opened, third batch",
2349,"4 tabs opened, third batch",
2351,"4 tabs opened, third batch",
2365,"4 tabs opened, third batch",
2366,"4 tabs opened, third batch",
2367,"4 tabs opened, third batch",
2369,"4 tabs opened, third batch",
2371,"4 tabs opened, third batch",
2374,"4 tabs opened, third batch",
2375,"4 tabs opened, third batch",
2384,"4 tabs opened, third batch",
844,"4 tabs opened, third batch",
975,"4 tabs opened, third batch",
994,"5 tabs opened, list given by the author",
1046,"5 tabs opened, list given by the author",
1074,"5 tabs opened, list given by the author",
1080,"5 tabs opened, list given by the author",
1196,"5 tabs opened, list given by the author",
1227,"5 tabs opened, list given by the author",
1256,"5 tabs opened, list given by the author",
1258,"5 tabs opened, list given by the author",
1283,"5 tabs opened, list given by the author",
1291,"5 tabs opened, list given by the author",
1296,"5 tabs opened, list given by the author",
1314,"5 tabs opened, list given by the author",
1342,"5 tabs opened, list given by the author",
1349,"5 tabs opened, list given by the author",
1367,"5 tabs opened, list given by the author",
1394,"5 tabs opened, list given by the author",
1403,"5 tabs opened, list given by the author",
1414,"5 tabs opened, list given by the author",
1428,"5 tabs opened, list given by the author",
1511,"5 tabs opened, list given by the author",
1526,"5 tabs opened, list given by the author",
1527,"5 tabs opened, list given by the author",
1528,"5 tabs opened, list given by the author",
1538,"5 tabs opened, list given by the author",
1544,"5 tabs opened, list given by the author",
1552,"5 tabs opened, list given by the author",
1561,"5 tabs opened, list given by the author",
1589,"5 tabs opened, list given by the author",
1603,"5 tabs opened, list given by the author",
1646,"5 tabs opened, list given by the author",
1702,"5 tabs opened, list given by the author",
1720,"5 tabs opened, list given by the author",
1800,"5 tabs opened, list given by the author",
1818,"5 tabs opened, list given by the author",
1823,"5 tabs opened, list given by the author",
1875,"5 tabs opened, list given by the author",
1900,"5 tabs opened, list given by the author",
1972,"5 tabs opened, list given by the author",
2031,"5 tabs opened, list given by the author",
2106,"5 tabs opened, list given by the author",
2152,"5 tabs opened, list given by the author",
2153,"5 tabs opened, list given by the author",
2175,"5 tabs opened, list given by the author",
2180,"5 tabs opened, list given by the author",
2196,"5 tabs opened, list given by the author",
2243,"5 tabs opened, list given by the author",
2353,"5 tabs opened, list given by the author",
