entry,folder,kind,size_bytes,sha256,id,id_from,mod,category,priority,krs_modules,nexus_status,batch,uploaded,uploaded_after_1.9.7,copy_of_name,identical_to,status
No Helmet Vision-28-1-9-1559069013.zip,_unmatched,archive,4913,41b216588aea90b79f58fce559b32e028a94d6b8c43ba7931eb95a5d694cf69f,28,file name,,,,,,not asked for,2019-05-28,no,,,id is not in the index (a misleading link?)
More Responsive Targeting-83-1-04-1.zip,c_combat-ai,archive,328,2f7d29b928620836d9a30fcb70a23fe323c911cc71dce2caef1ff138fc26f3c6,83,file name,More Responsive Targeting,Combat / AI,P2,krs_perks,published,0 already had (pilot or Vortex downloads),,,,,ok
Near Perfect Arrows.-84-69-69.zip,c_archery-arrows,archive,1160,2652a5e733434a3e6f9ef4eecb766aa3f46aa87809aacf7215afac9743d0be99,84,file name,Archery - Realistic Arrow Flight,Archery / arrows,P2,krs_bow (planned),published,"1 tabs opened, first 100",,,,,ok
Perkaholic 1.05-85-1-05.zip,c_progression-xp-perks,archive,2604576,18bf5bca814dd8e2778f2a4ae1f148efa0913385d32fa7b8a75fda6a3e236603,85,file name,Perkaholic,Progression / XP / perks,P2,krs_bow (planned) krs_perks,published,0 already had (pilot or Vortex downloads),,,,,ok
cheat-106-1-58-1732985419.zip,c_tools-reference,archive,143828,99f6cce00463e813e8dfe4fb72053a3b84b9b2077832cef707cd03380309b5d3,106,file name,Cheat,Tools / reference,P3,,published,"2 tabs opened, next 100",2024-11-30,no,,,ok
All Referenced Strings-266-1-0.7z,c_tools-reference,archive,994601,a23f0803f075faf451d08972dd7d152b3ac527fab4fcae033649e62f7f2ef404,266,file name,All Referenced Strings In Kingdom Come Deliverance,Tools / reference,P3,,published,"2 tabs opened, next 100",,,,,ok
NoMoSlowMo - Options-284-2-0b-1672359814.7z,c_crime-stealth-loot,archive,1163813,7d23928add58af6f849b09a08ed8dfabee7177c4ddc433c7afa65d1e844a0f24,284,file name,No Mo' Slow Mo - Configurable Perfect Block Slow Motion and AI Master Strike frequency,Crime / stealth / loot,P2,krs_perks,published,"1 tabs opened, first 100",2022-12-30,no,,,ok
5.5-6 Nourishment and 4 Energy lost per hour-311-1-0.7z,c_alchemy-food-survival,archive,4329,1046b3e45385d9cbdb726757e526399a5b2d82592d24c90c5f19f380bb6c8fc7,311,file name,O' Hungry Henry,Alchemy / food / survival,P2,krs_items,published,"1 tabs opened, first 100",,,,,ok
Knox's Labelled Items (XML)-326-1-0-2.zip,c_tools-reference,archive,265989,5ed7a42d1bbb95a58d50d194e292db17ce55f5fa8d374ee9d539633127eba394,326,file name,Knox's Labelled Items (XML),Tools / reference,P3,,published,"2 tabs opened, next 100",,,,,ok
First-person Herb Picking-366-1-9-5-1583164522.zip,c_alchemy-food-survival,archive,2324,512f9397643ce78bdf910f9d232d0e1d37ed50d05e6266e2d2c5b7a7baae9483,366,file name,First-person Herb Picking,Alchemy / food / survival,P2,krs_items krs_qol,published,"1 tabs opened, first 100",2020-03-02,no,,,ok
MGs Stay Clean Longer - Get Dirty Gradually 1.6-390-1-6-1707663382,c_alchemy-food-survival,folder (already extracted),,,390,file name,Stay Clean Longer - Get Dirty Gradually,Alchemy / food / survival,P2,krs_items,published,0 already had (pilot or Vortex downloads),2024-02-11,no,,,ok
Sky and Grass Fix 1.2-392-1-2.rar,_unmatched,archive,32177,9d2a9a5a21fc0c086a9670b830e2ec718737b1fd060372b8a5dd892b70ebafb6,392,file name,,,,,,not asked for,,,,,id is not in the index (a misleading link?)
Bed Comfort Restored-480-1-0.zip,c_alchemy-food-survival,archive,1191,af40e6f5094fd5b816f25e1022e580252d1c864093a51a4325d1296cf75ef865,480,file name,Bed Comfort Restored,Alchemy / food / survival,P2,krs_items,published,"1 tabs opened, first 100",,,,,ok
Dynamic Hoods and Scarfs up and down-483-1-9-1590343806.zip,c_weapons-armor-items,archive,114931,08cf93c8ea97c7dad9e3b80de213c5e57f13ddbf6094365464e995873fd07b97,483,file name,Hoods and Scarfs UP (dynamic),Weapons / armor / items,P3,,published,"2 tabs opened, next 100",2020-05-24,no,,,ok
JCD_LootInfo-491-1-8-0-1582327030.zip,c_crime-stealth-loot,archive,44416,bf0300a8028184c4f34070f314af4bf4306467087710b1b6d6fbb0a4b6f95bd0,491,file name,Loot Info - Container is empty or I already opened-looted it,Crime / stealth / loot,P3,,published,"2 tabs opened, next 100",2020-02-21,no,,,ok
CLAM-502-1-2-0.zip,_unmatched,archive,3741,8fcc60989534d8f0d403314da854831a790d9f51ab41c66506cd22e1c7b22fde,502,file name,,,,,,not asked for,,,,,id is not in the index (a misleading link?)
Parameters Plus-554-1-5-1562283931.zip,c_tools-reference,archive,14980,12047e1420e38410ec9edf1f94bf440003cdacf28de4f426ca3296a227772d7d,554,file name,Parameters Plus,Tools / reference,P3,,published,"2 tabs opened, next 100",2019-07-04,no,,,ok
Bushes.Only_Collision.Remover.pak,c_world-weather-visuals,loose file,1769007,5608a439ac6f925c4745a8cc695c3fbb8da025215d1468568703379839a6540e,591,matched by name in the Vortex download folder,Bushes- Collision Remover,World / weather / visuals,P2,,published,0 already had (pilot or Vortex downloads),,,,,ok
Dice.pak,_unmatched,loose file,2032101,81c134836006cdcbe19296678cbdb163cb9f28e893496fb11d6ab25aeafa1101,611,matched by name in the Vortex download folder,,,,,,not asked for,,,,,id is not in the index (a misleading link?)
Better Combat and Immersion Compilation-651-1-6-2-1641836099.zip,c_combat-ai,archive,1971600,c1fffa02c7b31897fbc38218b10fe1f1bcf055152f261aa169e528dbc944a876,651,file name,Better Combat and Immersion Compilation,Combat / AI,P2,krs_bow (planned) krs_perks,published,"1 tabs opened, first 100",2022-01-10,no,,,ok
Apex ENB-660-2-2-1590351047.7z,_unmatched,archive,21038,8e58a83f805f69bb7d38f40de4dfba2f70b18f0c9c1d5e331ddc5c28c5d5cd6d,660,file name,,,,,,not asked for,2020-05-24,no,,,id is not in the index (a misleading link?)
Naked Armor Fix 1.1-667-1-1-1545056415.zip,c_weapons-armor-items,archive,3088,aa51fa0fb5b137963c7673bd997f6371d5b63bd570a2dc62a5aa6644943ba00c,667,file name,Naked Armor Fix,Weapons / armor / items,P3,,published,"2 tabs opened, next 100",2018-12-17,no,,,ok
Early Bird NPC rescheduler-726-2-1-0-1640796373.7z,c_quests-lore-content,archive,407376,a35a24e69a4741ffdc96551683a026e49b6e8b0ca9952811ba2f1edc65f0aa3f,726,file name,Early Bird NPC Schedules,Quests / lore / content,P3,,published,"2 tabs opened, next 100",2021-12-29,no,,,ok
earlybird.pak,c_quests-lore-content,loose file,406910,9b4de0fdb76a5304ccb798baa0476eacf948a47cd78e576203691d19367b1b09,726,matched by name in the Vortex download folder,Early Bird NPC Schedules,Quests / lore / content,P3,,published,"2 tabs opened, next 100",,,,,ok
Painted Leipa Hounskull-754-1-0-1559896602.zip,c_weapons-armor-items,archive,6784381,f87f2e7e066f3a0495645ff4bd03ae6ebeb1bbe15ddc8a51d7877896a56ae73d,754,file name,Painted Lords of Leipa Hounskull,Weapons / armor / items,P3,,published,"2 tabs opened, next 100",2019-06-07,no,,,ok
Poison Overhaul v1.2-765-1-2-1657391917.zip,c_alchemy-food-survival,archive,5814,6e5fde3599bea9568a0b5fb6401968788521e3845990767f91c78aacaf22ae3e,765,file name,Poison Overhaul,Alchemy / food / survival,P2,krs_items krs_perks,published,"1 tabs opened, first 100",2022-07-09,no,,,ok
Perkaholic 1.07-770-1-07-1561341650.zip,c_progression-xp-perks,archive,113727,038d12e03ad21ccc8a6eeb22d06780260799f154c8d5daa3f8d29a139c92511f,770,file name,Perkaholic updated,Progression / XP / perks,P2,krs_bow (planned) krs_perks,published,"1 tabs opened, first 100",2019-06-24,no,,,ok
Hoods Over Helmets Remove Kettle Helmets NPC-771-1-1-1562422310,c_quests-lore-content,folder (already extracted),,,771,file name,Hoods Over Helmats Removed Clipping Helmets On NPC'S,Quests / lore / content,P3,,published,"2 tabs opened, next 100",2019-07-06,no,,,ok
Hoods Over Helmets Remove Kettle Helmets NPC-771-1-1-1562422310.7z,c_quests-lore-content,archive,7289219,ff841594ae40b8e1fa4c3dca5ec3a58885f691aba8f57537c6cb5a16a0920899,771,file name,Hoods Over Helmats Removed Clipping Helmets On NPC'S,Quests / lore / content,P3,,published,"2 tabs opened, next 100",2019-07-06,no,,,ok
Miller Guild Items-796-1-3-1564712669.7z,c_world-weather-visuals,archive,635958,c7dbbf167c457489bf8217bf54d0a5209c6e5cf3ecb78c0ebab03fbeb04fc695,796,file name,Miller Guild Items,World / weather / visuals,P3,,published,"2 tabs opened, next 100",2019-08-02,no,,,ok
Inventoried - Standard-797-1-6-3-1605332384.zip,c_maps-ui-hud,archive,24238,4b7963abac9bfb07c2f1091ad8f06319a8e01815be12caeefa28bce3fbaafa90,797,file name,Inventoried,Maps / UI / HUD,P3,,published,"2 tabs opened, next 100",2020-11-14,no,,,ok
VolumetricFogShadows-800-1-1-1563786542,c_graphics-config-cfg,folder (already extracted),,,800,file name,Volumetric Fog Shadows,Graphics config (cfg),P4,,published,not asked for,2019-07-22,no,,,"downloaded, but not in any batch asked for"
Archer for 1.9-802-1-1563644280.7z,c_archery-arrows,archive,3073,c6a686ef8dad0cbd0cd677af79a150b7b5cb148f84186e15104953f0d560750d,802,file name,Archery for 1.9,Archery / arrows,P2,krs_bow (planned),published,"1 tabs opened, first 100",2019-07-20,no,,,ok
Loose (An Archery Mod) V1.1-804-1-1-1565191248.7z,c_archery-arrows,archive,4108,b271366e1dbd1b69eff1105afc7824cf990b4254647e3dde86b0a973dbc5a3c2,804,file name,Loose (An Archery Mod),Archery / arrows,P2,krs_bow (planned),published,"1 tabs opened, first 100",2019-08-07,no,,,ok
Named NPCs (BIO version) 1.4-808-1-4-1568060707.7z,c_quests-lore-content,archive,195575,76e87950ee1d66fff54c6e51872f712604e0d19e93c4834ecbc45b73206536fd,808,file name,Named NPCs,Quests / lore / content,P3,,published,"2 tabs opened, next 100",2019-09-09,no,,,ok
Named NPCs 1.4-808-1-4-1568060673.7z,c_quests-lore-content,archive,194132,795c4b2ebd80488c01ac8545daedb99e72ee8531f33665aa0747cd25f6a692bd,808,file name,Named NPCs,Quests / lore / content,P3,,published,"2 tabs opened, next 100",2019-09-09,no,,,ok
Shop Proper-829-1-0-5-1575357704.7z,c_economy-merchants,archive,57833,abd0b17956553219393fdfcd619ccf4700c957e0000c681f38448927f039ee42,829,file name,Shop Proper,Economy / merchants,P3,,published,"2 tabs opened, next 100",2019-12-03,no,,,ok
EasyEdit-837--1-1567314659.zip,c_unclassified,archive,11212,55a21d70d03ad6fca3061a916848ba11385ac625010c70d957b50aeeb8dafbad,837,file name,Easy Edit,(unclassified),P3,,published,"2 tabs opened, next 100",2019-09-01,no,,,ok
Blood and Iron Encounter System-840-1-0-1567464422.7z,c_quests-lore-content,archive,804143,f87807553573c68d593cc7112355d7bc6f8d42b88caeb34b2c46c3d524d0ee81,840,file name,Blood and Iron Encounter System,Quests / lore / content,P3,,published,"2 tabs opened, next 100",2019-09-02,no,,,ok
Yet Another Reshade-844-1-0-1567756118.7z,c_reshade-enb-visual-preset,archive,8786112,981a9e543d0b42238d7bd94d52c3c14935591d2217543c3acaaa9f01b1b8fb45,844,file name,Yet Another (Realistic) Reshade,Reshade / ENB / visual preset,P4,,published,"4 tabs opened, third batch",2019-09-06,no,,,ok
cfg files-867-1-4-1585770880.7z,c_tools-reference,archive,2999,e04b0e718ce6bd8dcfe37672b7d8e090e327102fe5a05b8a5de93e2324a9a063,867,file name,APEX Realistic Modding Guide tweaks and fixes,Tools / reference,P3,,published,"2 tabs opened, next 100",2020-04-01,no,,,ok
zima101-879-1-0-1575121825.zip,c_world-weather-visuals,archive,34850577,58a333ea6cc6ec3fb11965f27451008d56b36b8bef92ee745f92dceddf3d173d,879,file name,Original clouds KCD no mipmap,World / weather / visuals,P3,,published,"2 tabs opened, next 100",2019-11-30,no,,,ok
Rebalancing 1.3-883-1-3-1593332571.7z,c_progression-xp-perks,archive,40967535,f898dc3de879ec043d14d0847abc7ce7feadf433a35bbef6234c3d879ed5ad78,883,file name,KingdomCome Rebalancing,Progression / XP / perks,P2,krs_perks krs_qol,published,"1 tabs opened, first 100",2020-06-28,no,,,ok
Baselard Dagger Mod-892-1-0-2-1581856259.zip,c_weapons-armor-items,archive,2169879,af217a5e5f7bec668a347f6a03cb84ff0d7ca32675461a86eacd3d5fcdfc0256,892,file name,Baselard Dagger,Weapons / armor / items,P3,,published,"2 tabs opened, next 100",2020-02-16,no,,,ok
Enhanced Hair Textures by Grimsy 1.1-922-1-1-1583842369.rar,c_world-weather-visuals,archive,44161289,5189f3800c4aaa99a0fb7c5c188d0c805c8d5062dc754871d60bbaa7ec4e2c9b,922,file name,Enhanced Hair Textures,World / weather / visuals,P3,,published,"2 tabs opened, next 100",2020-03-10,no,,,ok
Photorealistic Beauty 3.0-930-3-0-1584403800.zip,c_world-weather-visuals,archive,10109904,4769a588c727ea01fa46b0f3f14b3f1250b033b06599c4c7a37122f13d9a9fb9,930,file name,Photorealistic Beauty,World / weather / visuals,P3,,published,"2 tabs opened, next 100",2020-03-17,no,,,ok
Castle Pribyslavits-950-1-2-1583519496.zip,c_world-weather-visuals,archive,555096247,5a3ea93c75dd2ceb48ba20f2ae5545089a8877ae00a0d97653db74c7ba21f05c,950,file name,Henry's Castle at Pribyslavits,World / weather / visuals,P3,,published,"2 tabs opened, next 100",2020-03-06,no,,,ok
Treasure Maps Of Bohemia-955-1-9-5-1-1585332038.7z,c_quests-lore-content,archive,103245573,4b81bf0c5c733b8b6e7a1c6bd1a5f4ce274f37571b9ed665e8cf502e989f534a,955,file name,Treasure Maps Of Bohemia,Quests / lore / content,P3,,published,"2 tabs opened, next 100",2020-03-27,no,,,ok
DSDeathScreen (Option 1)-957-1-0-1584101845.rar,c_maps-ui-hud,archive,271150,feb7b2d1f5ac263ef03ade6ffa5acf724a9a62918b926815b0427c66097ab55f,957,file name,Dark Souls Death Screen,Maps / UI / HUD,P3,,published,"2 tabs opened, next 100",2020-03-13,no,,,ok
ottomansword-966-1-0-1584472459.rar,c_weapons-armor-items,archive,3286609,d3c6552f7f212f0d140c67c10fdac5cf112a93e45d9c1bfaf60f91071f6115af,966,file name,15th to 16th Century style Ottoman sword,Weapons / armor / items,P3,,published,"2 tabs opened, next 100",2020-03-17,no,,,ok
Enhanced Eyes 1.1-969-1-1-1585051202.zip,c_world-weather-visuals,archive,194241,2bfc0fc00b5a5b6b06e9f01777f1b1e5576a860e4ea3eaa8c26281e93c104c23,969,file name,Enhanced Eyes,World / weather / visuals,P3,,published,"2 tabs opened, next 100",2020-03-24,no,,,ok
Let Me Loot v1.3-972-1-3-1592335957.zip,c_crime-stealth-loot,archive,75179,5a7721ea6ea0b09af6fb929f2265481baef7b06888253443d6b4874231a26f61,972,file name,Let Me Loot,Crime / stealth / loot,P3,,published,"2 tabs opened, next 100",2020-06-16,no,,,ok
Super Natural Reshade v1.5-975-v1-5-1587646699.zip,c_reshade-enb-visual-preset,archive,4993,d62cc4272ec8e198f5bef9575aec500c853d21c58c16c069aeafafbd291cb937,975,file name,Super Natural Reshade,Reshade / ENB / visual preset,P4,,published,"4 tabs opened, third batch",2020-04-23,no,,,ok
Beggars_alms_mod_v1.5.2-977-1-5-2-1590399761.zip,c_economy-merchants,archive,48974,f0178f1b682cb897f6d8d94049ea1f697e8f8f98116987a8d37060bee745b675,977,file name,Alms for Beggars,Economy / merchants,P3,,published,"2 tabs opened, next 100",2020-05-25,no,,,ok
minimalisticHUD-978-1-0-1585828036.zip,c_maps-ui-hud,archive,363760,1db99ea559615eead50cca45983b62b6435db9f9c1e3218fb77ce25d2a9bca20,978,file name,minimalistic HUD,Maps / UI / HUD,P3,,published,"2 tabs opened, next 100",2020-04-02,no,,,ok
Perkaholic PTF-1009-1-2-3-1714642782,c_progression-xp-perks,folder (already extracted),,,1009,file name,Perkaholic - PTF updated (1.9.4-1.9.8),Progression / XP / perks,P2,krs_bow (planned) krs_perks,published,0 already had (pilot or Vortex downloads),2024-05-02,no,,,ok
Perkaholic PTF-1009-1-2-3-1780997771.rar,c_progression-xp-perks,archive,83612,6ab9f7694aafd2a023e35e7752ec934a99a9d93d158e24dc5aaa386dfa7a63e3,1009,file name,Perkaholic - PTF updated (1.9.4-1.9.8),Progression / XP / perks,P2,krs_bow (planned) krs_perks,published,0 already had (pilot or Vortex downloads),2026-06-09,yes,,,ok
DisableCombatSlowmotion.zip-1040-1-9-5-1592222070.zip,c_combat-ai,archive,1860,b7970264e999f84b5cda0a163022bee4c649f8b69a3a0133301179888618380d,1040,file name,Disable Combat Slowmotion,Combat / AI,P2,krs_perks,published,"1 tabs opened, first 100",2020-06-15,no,,,ok
More blood-1045-0-2-2-1592095918.zip,c_world-weather-visuals,archive,8330,1c64866fd864b1a448afe18e5a8434a2b5c396ddaf91bbee0c98c269b38b38e0,1045,file name,MORE BLOOD,World / weather / visuals,P3,,published,"2 tabs opened, next 100",2020-06-14,no,,,ok
Icon ID Resource-1059-1-0-1592792055.rar,c_tools-reference,archive,14822715,c779efb4e313c852f962297242dc647e856014f553c5fbaa0ff16c494d7dc110,1059,file name,Icon ID Resource,Tools / reference,P3,,published,"2 tabs opened, next 100",2020-06-22,no,,,ok
SIM_Camping.zip-1062-1-5-1-1-1598039154.zip,c_alchemy-food-survival,archive,40887,97e0ae885f7a63d022d25d8de868935b3b9e7f06e54d90a84d0cc71471161884,1062,file name,SIM Camping Mini ML 1.5.1.1,Alchemy / food / survival,P2,krs_items,published,"1 tabs opened, first 100",2020-08-21,no,,,ok
PaperUI-1063-1-0-1593630274.rar,c_maps-ui-hud,archive,2837508,e96b52f0ca22bd6932906e0407d68e31da712bd72f1fc55f7458c404a11b2d1f,1063,file name,Paper UI,Maps / UI / HUD,P3,,published,"2 tabs opened, next 100",2020-07-01,no,,,ok
Better Combat-1070-1-2-1594609210.rar,c_combat-ai,archive,2894,64265293588b3452637094c10842c280b5ffff99ed5d85ec9f848acf783dda6c,1070,file name,Better Combat,Combat / AI,P2,krs_perks,published,"1 tabs opened, first 100",2020-07-13,no,,,ok
op_bows_power_100-1084-1-1-1598736006.rar,c_archery-arrows,archive,1163,af8a2688b0770f470ae838a574cdcda2b9c1e7ade1b2d9598a78f62ce9979a73,1084,file name,Overpowered Bows - PTF Edition,Archery / arrows,P2,krs_bow (planned),published,"1 tabs opened, first 100",2020-08-29,no,,,ok
PolearmsUnleashed-1088-2-4-3-1603958640.7z,c_weapons-armor-items,archive,217422,fc8bce4f1c165c6eec4999d906c19c1207fdd0a88027b7d70cf3d3e87713a948,1088,file name,Polearms Unleashed,Weapons / armor / items,P3,,published,"2 tabs opened, next 100",2020-10-29,no,,,ok
Colored Arrows and Feathers - White-1090-1-0-3-1599011013.zip,c_archery-arrows,archive,1154032,d822301df4a9542ec450de09a57ce6d67317e5b3dc5e7d0205e70c6e723fedcc,1090,file name,Colored Arrows,Archery / arrows,P2,krs_bow (planned),published,0 already had (pilot or Vortex downloads),2020-09-02,no,,,ok
pollax-1092-1-4-1601148804.7z,c_weapons-armor-items,archive,98305,83768c7c548db8ef4bf5709b72d781deb27027f95fb357d51e133f35f13830c0,1092,file name,Pollax replacer (Axe and Hammer head interchangable),Weapons / armor / items,P3,,published,"2 tabs opened, next 100",2020-09-26,no,,,ok
Fishing in Bohemia 1.1-1093-1-1-1598974175.7z,c_quests-lore-content,archive,6736,458aec0aa035b4b047119a9c98ca71caaead5016eb98010dde5dfe0d5a015078,1093,file name,Fishing in Bohemia,Quests / lore / content,P3,,published,"2 tabs opened, next 100",2020-09-01,no,,,ok
Faster archery easy-1100-1-0-1600006459.rar,c_archery-arrows,archive,1199,c9c3c8387ed726097be64997ddb77cfbe29f4588f0d798c42ffe16bab3685064,1100,file name,Faster archery - PTF Edition,Archery / arrows,P2,krs_bow (planned),published,"1 tabs opened, first 100",2020-09-13,no,,,ok
Service Prices-1105-1-0-1600469221.zip,c_economy-merchants,archive,7040,937235cead19614da9f88d79b64957e6e517e0ad726b46371e8095ff12640d67,1105,file name,Service Prices,Economy / merchants,P2,krs_items,published,"1 tabs opened, first 100",2020-09-18,no,,,ok
Blood and Steel-1107-1-0-1600512585.zip,c_world-weather-visuals,archive,58309,384fba70533ccfa2e9207d8479d8b876e612fd7f4b49194f7ee0ecd2ab48c06f,1107,file name,Blood and Steel with NO FPS LOSS,World / weather / visuals,P3,,published,"2 tabs opened, next 100",2020-09-19,no,,,ok
resource-1110-1-5-1603783234.7z,c_tools-reference,archive,147096,b34db427e4ebff4726f21afb6427c3a08b5d9888d563c74f0f006f1181373cef,1110,file name,AI Standalone Library,Tools / reference,P3,,published,"2 tabs opened, next 100",2020-10-27,no,,,ok
combatoverhaul-1112-1-6-4-1603868865.7z,c_combat-ai,archive,20529,f77401505b1843e550c811be76a3067bf2c497f423ab12907ad064091b146844,1112,file name,Combat Overhaul,Combat / AI,P2,krs_perks,published,"1 tabs opened, first 100",2020-10-28,no,,,ok
Snow-Mod-1114-0-5-1600873143.zip,c_world-weather-visuals,archive,357605520,3ae519111db97ea887b936f41344e4db991e13efdf9ea49807f8247763c47e63,1114,file name,Snow Mod,World / weather / visuals,P3,,published,"2 tabs opened, next 100",2020-09-23,no,,,ok
deadlycombo-1148-1-1605253363.7z,c_combat-ai,archive,6245,cf22904bba06dcdd40a7b69caec1fb7aee09f7b762346b541a2df48451bde21f,1148,file name,Combo and Weapon rebalance,Combat / AI,P2,krs_perks,published,"1 tabs opened, first 100",2020-11-13,no,,,ok
mod-1153-1-0-0-1605526312.zip,c_weapons-armor-items,archive,108024,6ce633155a26cd59114caefbb135f03f257dea78fb94d7d50ab5240156ce0578,1153,file name,More historically accurate item stats,Weapons / armor / items,P3,,published,"2 tabs opened, next 100",2020-11-16,no,,,ok
Weather Mod-1193-1-0-1610176393.7z,c_world-weather-visuals,archive,68723,0120efa622abaca1eb97e49adcc3654dd296b3b5f80a16a5473abb93451417f1,1193,file name,Weather Mod,World / weather / visuals,P3,,published,"2 tabs opened, next 100",2021-01-09,no,,,ok
Get Water-1195-1-0-1612638603.7z,c_alchemy-food-survival,archive,6712,e63fef591d1104a537482e765bdd4120f6151f136fb0bc7a794223e52622c3c5,1195,file name,Get Water,Alchemy / food / survival,P2,krs_items,published,"1 tabs opened, first 100",2021-02-06,no,,,ok
ProperCyrillicFonts.zip-1197-1-2-1612480063.zip,c_maps-ui-hud,archive,13294563,6c3150787b817a32d189f9b7c21b134ef311b6cd5748e7e600e1632744fe7134,1197,file name,Proper Cyrillic Fonts,Maps / UI / HUD,P3,,published,"2 tabs opened, next 100",2021-02-04,no,,,ok
ETSGF Multi-Color HiViz (Made by Bluefirevortex)-1205-1-0-1740342886.7z,c_archery-arrows,archive,5921,0dbdf63ad789f63cd899b5710b98b1cdf1f75a185adc8bf64c9b9e1faab35051,1205,file name,ETSGF - Easy to see glowing Arrow feathers  - 1.9.6 - Multi-Colored arrow support,Archery / arrows,P2,krs_bow (planned),published,"1 tabs opened, first 100",2025-02-23,no,,,ok
ETSGF Multi-Color LowViz (Made by Bluefirevortex)-1205-1-0-1740343056.7z,c_archery-arrows,archive,9628,8d331c6318e85e64f811a2c7585ad413f44df7f1936fdec8bbbb643ae69c6c6e,1205,file name,ETSGF - Easy to see glowing Arrow feathers  - 1.9.6 - Multi-Colored arrow support,Archery / arrows,P2,krs_bow (planned),published,"1 tabs opened, first 100",2025-02-23,no,,,ok
LartiguesUpscaleProject2.1-1218-2-1-1734099038,c_maps-ui-hud,folder (already extracted),,,1218,file name,Lartigue's Upscale Project 2.0 - Upscaled UI and icons,Maps / UI / HUD,P3,,published,"2 tabs opened, next 100",2024-12-13,no,,,ok
LartiguesUpscaleProject2.1.1-1218-2-1-1-1750232674.zip,c_maps-ui-hud,archive,327011246,816653456f3219d96b8d2fefeeaab57acc3bec42c889ae428003388087c44884,1218,file name,Lartigue's Upscale Project 2.0 - Upscaled UI and icons,Maps / UI / HUD,P3,,published,"2 tabs opened, next 100",2025-06-18,no,,,ok
easycombat-1236-1-1-1618287536.rar,c_combat-ai,archive,1303,74fb5bf108da51585f34cd14869e7b1ff0b9221bcc09aefb638061181e331864,1236,file name,Easy Combat PTF (easy parry and master strike),Combat / AI,P2,krs_perks,published,"1 tabs opened, first 100",2021-04-13,no,,,ok
02- 50 percent dumber enemies-1243-1-1-1618286957.rar,c_combat-ai,archive,1076,4ff7ea15aaeb412f94bef26a597359d1b328ca329c3ee8dec5f9a9e5390abfae,1243,file name,Easier Enemies PTF (Dumber Enemies),Combat / AI,P2,krs_perks,published,"1 tabs opened, first 100",2021-04-13,no,,,ok
04- no npc master strike-1243-1-0-1618262566.rar,c_combat-ai,archive,1904,ccf6fcbd0a13db30cf2bc1bd88e6f99e70ab6fba8f18630baea73a6ac21a3545,1243,file name,Easier Enemies PTF (Dumber Enemies),Combat / AI,P2,krs_perks,published,"1 tabs opened, first 100",2021-04-12,no,,,ok
EasyAssassination 1.1-1259-1-1-1628879677.zip,c_crime-stealth-loot,archive,1812,7b952129883585a4be1a854dd45aace7e95ac200eac6563b822244c3e59e8bf0,1259,file name,Easy Assassination,Crime / stealth / loot,P3,,published,"2 tabs opened, next 100",2021-08-13,no,,,ok
Rpg Tweaks 0.9.1-1260-0-9-1-1627282645.rar,c_progression-xp-perks,archive,4067,ec71d81cc96da43af38a680d0eb0783637072b3e8eeb433e95260964c9e0ca17,1260,file name,RPG Tweaks,Progression / XP / perks,P2,krs_bow (planned) krs_items krs_perks krs_qol,published,"1 tabs opened, first 100",2021-07-26,no,,,ok
stronger_drinks-1266-1-0-1627071776.rar,c_alchemy-food-survival,archive,1675,b906cb6dc0ed04425ab5b5822d3f9f9421dc8817194c96505696175c1c360fb1,1266,file name,Stronger drinks - PTF Edition,Alchemy / food / survival,P2,krs_items,published,"1 tabs opened, first 100",2021-07-23,no,,,ok
Ultimate Repair Kit 2.0-1292-1-2-1642365001.7z,c_weapons-armor-items,archive,1604,4a480796c80679cd92c06e5cd09a5bed4915d0d9a3cdac1f4780c3ebdc61ecf9,1292,file name,Ultimate Repair Kit 2.0,Weapons / armor / items,P2,krs_bow (planned) krs_perks krs_qol,published,"1 tabs opened, first 100",2022-01-16,no,,,ok
less_income_Pribyslavitz-1308-1-1640897693.zip,c_economy-merchants,archive,3948,c1286dcf916abea48ffc1b1cb330df7484de22e5f2e75602ebf8c83273716d32,1308,file name,Less Income Pribyslavitz,Economy / merchants,P3,,published,"2 tabs opened, next 100",2021-12-30,no,,,ok
less_encounters-1309-1-1640901979.zip,c_quests-lore-content,archive,2637,2b2a52708e7eeb92938853cf4205c228923a7f84b0ada1317c30dfd99c2807fc,1309,file name,Less Encounters,Quests / lore / content,P3,,published,"2 tabs opened, next 100",2021-12-30,no,,,ok
Knightly Robard and Bernard-1311-1-1-1641324997.zip,c_quests-lore-content,archive,98850,4c03e63205b28cecd6a1b7f255b6c7eedd5e0320b7c6bb0f2f622c297b4e6bce,1311,file name,Knightly Robard and Bernard,Quests / lore / content,P3,,published,"2 tabs opened, next 100",2022-01-04,no,,,ok
Mutt Be Quiet-1322-1-0-1642520795.7z,c_animations-audio,archive,2333,74ee970fedbf0e1e8820c7cf7e15a75e1537b085a20bdce74bfd1c2ccd154feb,1322,file name,Mutt Be Quiet,Animations / audio,P3,,published,"2 tabs opened, next 100",2022-01-18,no,,,ok
Skalitz Shield Fix-1323-1-0-1642601960.7z,c_weapons-armor-items,archive,6460517,2d35f591c3a2197f65ecde631d74b1d6dfdfe84bb31bd6ad8a5179e869d5d210,1323,file name,Skalitz Shield Fix AWL,Weapons / armor / items,P2,,published,"1 tabs opened, first 100",2022-01-19,no,,,ok
Weather Overhaul DLC-1327-1-2-1669068726.7z,c_world-weather-visuals,archive,44724,79797e38552b9fdb8ad830653fc22c71a2b7c026475469d604eeab83ccc3533c,1327,file name,Weather Overhaul,World / weather / visuals,P3,,published,"2 tabs opened, next 100",2022-11-21,no,,,ok
Weather Overhaul-1327-1-2-1669068697.7z,c_world-weather-visuals,archive,44179,ec24d1fd6a8260247c501f41b5a3f674822c375ecfb9c3032e02f7e9355679a3,1327,file name,Weather Overhaul,World / weather / visuals,P3,,published,"2 tabs opened, next 100",2022-11-21,no,,,ok
Noble Sir Hans-1330-1-1-1645324411.zip,c_quests-lore-content,archive,1517,bb0d6bd3380d6c5168a5fec57a8b5caa328878cc7afbd15642221b7703ce3b17,1330,file name,Noble Sir Hans,Quests / lore / content,P3,,published,"2 tabs opened, next 100",2022-02-20,no,,,ok
KCB Less Headbob-1332-1-0-1644512525.7z,c_animations-audio,archive,519,ea21337b4b00c452cb58b4eb9223a246e92fec3493ee88f3ac45911f1aa39fd1,1332,file name,Less Headbob,Animations / audio,P3,,published,"2 tabs opened, next 100",2022-02-10,no,,,ok
FastLearningHenry1.0-1334-0-5-1644641439.7z,c_progression-xp-perks,archive,5831,066fd3bfac33a865473916ec408a70a75c64096069c063ac5e1067404dd21eee,1334,file name,Fast Learning Henry,Progression / XP / perks,P2,krs_perks,published,"1 tabs opened, first 100",2022-02-12,no,,,ok
WhisHelmetVision-1337-1-2-1644818002.rar,c_weapons-armor-items,archive,1522091,dfa2df421fc97b11dfaba6ecd30db968d990d6027df37c4c3e22bb5544f91707,1337,file name,Helmet Vision,Weapons / armor / items,P3,,published,"2 tabs opened, next 100",2022-02-14,no,,,ok
Better Stealth Plus Crime-1355-1-0-1648906747.zip,c_crime-stealth-loot,archive,3640,dd0ee1c272e972569c510d7ef01e64fc6f8d45c842569b088198e2770b630b0c,1355,file name,Better Crime Stealth Plus No Dogs,Crime / stealth / loot,P3,,published,"2 tabs opened, next 100",2022-04-02,no,,,ok
heritage_release-1356-1-2-1648922073.rar,c_maps-ui-hud,archive,1515592,a4f315c3007a671c66881c91246eedbec828a108bc510182d366fd92236e64d7,1356,file name,Fan Side Quest - Heritage,Maps / UI / HUD,P3,,published,"2 tabs opened, next 100",2022-04-02,no,,,ok
UI Loading Progress Retexture-1373-1-0-1652104461.zip,c_maps-ui-hud,archive,143420,bd834b811a48f5f0ada7839f064995aaaa8e4fc879268c277a6bdcc811e909a0,1373,file name,Custom UI Loading progress,Maps / UI / HUD,P3,,published,"2 tabs opened, next 100",2022-05-09,no,,,ok
No Aim Spread - Normal version-1375-2-2-1775620893.zip,c_archery-arrows,archive,3366,01703013988823213884ea351c590df452e041ff20c4c9f8f64a5686f3242c22,1375,file name,No Aim Spread (Bow sway disabler),Archery / arrows,P2,krs_bow (planned) krs_perks,published,"1 tabs opened, first 100",2026-04-08,yes,,,ok
Archery mod - Faster arrows-1376-1-1-1775621786.zip,c_archery-arrows,archive,3797,22552684180c37225689d956f3e930f586113fd8c01ac7f70ad271348f219f30,1376,file name,Archery mod - Faster arrows (for real),Archery / arrows,P2,krs_bow (planned),published,"1 tabs opened, first 100",2026-04-08,yes,,,ok
BlackItems - PTF-1380-1-1-1780999063.rar,c_weapons-armor-items,archive,337071,0635e8f505a19ac2a88946820befdc03ac77f2dbd34490f52c2f37508a3450c8,1380,file name,Black Items Fix,Weapons / armor / items,P2,,published,"1 tabs opened, first 100",2026-06-09,yes,,,ok
zzz_BCAIC_BetterCombatLite.pak-1384-2-1654111935.zip,c_combat-ai,archive,17279,94fc1cc5d809182c3ff9fbf0007c5c6c0d05a6aa7bea03934eda79f5035fdd1d,1384,file name,Modified Combat Overhaul - Directional Combat and smarter AI,Combat / AI,P2,krs_perks,published,"1 tabs opened, first 100",2022-06-01,no,,,ok
Better Equipped Runt-1391-1-0-1655791454.zip,c_quests-lore-content,archive,1769,99f9859fc486f8633acb8d250f9528f780c85fcc5396ca0e74d18cfce8286ee4,1391,file name,Better Equipped Runt,Quests / lore / content,P3,,published,"2 tabs opened, next 100",2022-06-21,no,,,ok
Better Rain mod 2.1-1410-2-1-1676326729.zip,c_world-weather-visuals,archive,107304041,31ee03e298255db10c8a8fe8f55fc48f9a837c8bf585e036ff348ed7259d6c70,1410,file name,Better Rain,World / weather / visuals,P3,,published,"2 tabs opened, next 100",2023-02-13,no,,,ok
Immersive Archery-1419-1-2-1665671489.zip,c_archery-arrows,archive,2404,6d879f57f6f6a47d594806df823c786d546f0573a432d852f5983d1c2a29fd6e,1419,file name,Immersive Archery,Archery / arrows,P2,krs_bow (planned),published,"1 tabs opened, first 100",2022-10-13,no,,,ok
HoodsUp-1423-1-2-1673054605.rar,c_weapons-armor-items,archive,6735,e082132be2ac261c28c55b7e4305cb2371c1bbf406c9fd5f0ba60a44d9d149bb,1423,file name,Hoods and Scarfs UP (PTF - Dynamic - with Correct Meshes),Weapons / armor / items,P3,,published,"2 tabs opened, next 100",2023-01-07,no,,,ok
Better Sleep Fixed-1424-1-1-1666227085.zip,c_alchemy-food-survival,archive,1139,1e0aff549f6583c144daf814b40e2d0d7e7ed678821538a1d634f70705d83a0a,1424,file name,Better Sleep Fixed,Alchemy / food / survival,P2,krs_items,published,"1 tabs opened, first 100",2022-10-20,no,,,ok
SavingSoles-1425-1-0-1666738645.rar,c_weapons-armor-items,archive,957,76a8b3ab93e4e8e2feeb3a6b0a432dd82ecdb5ec6c6202a97ead18d718081fda,1425,file name,Saving Soles (PTF),Weapons / armor / items,P2,krs_qol,published,"1 tabs opened, first 100",2022-10-25,no,,,ok
1to10 Timescale Patch-1426-1-0-1666809096.rar,c_alchemy-food-survival,archive,1070,7b8679d1b980cf470f75af272679c5f07fc98c71b6eb3d28647ecf8888774adf,1426,file name,Energy and Hunger Patch for Timescale Mods (PTF),Alchemy / food / survival,P2,krs_items,published,"1 tabs opened, first 100",2022-10-26,no,,,ok
Storable Halberds v1.0-1452-1-0-1673203304.rar,c_weapons-armor-items,archive,2251,1bd90d2ed355007183ced5c445f0a9e4294bd710c9248a7b45d71f4ba2e046c6,1452,file name,Storable Halberds,Weapons / armor / items,P3,,published,"2 tabs opened, next 100",2023-01-08,no,,,ok
For 1.9.6-1460-1-1674511920.rar,c_economy-merchants,archive,36578,9ea9521bf97a3ee0bd3c3194e552d6342e08f0de83f753ae19ca60f5adae8524,1460,file name,Merchants Have x3 Money,Economy / merchants,P3,,published,"2 tabs opened, next 100",2023-01-23,no,,,ok
KCD Batch files-1479-1-0-1676653419.rar,c_tools-reference,archive,72168,e89c001732c93ef1da502d237bd216c9a0289ae77f32a2f32b073e101ef45c4a,1479,file name,Batch files for all items sorted and easy to read,Tools / reference,P3,,published,"2 tabs opened, next 100",2023-02-17,no,,,ok
TSM Splower Food Spoil-1483-1-0-1677271171.7z,c_alchemy-food-survival,archive,16961,41dc79241e5649ff9f156a080b4d45d468c8fc61ae9faa62771c1b687c667846,1483,file name,TSM Slower Food Spoil,Alchemy / food / survival,P2,krs_items krs_qol,published,"1 tabs opened, first 100",2023-02-24,no,,,ok
SOLID HELMET VISORS-1485-1-2-1737430681.rar,c_weapons-armor-items,archive,72310799,5084d94e4806ca21fc129cbacb9bf363ad25914c5d5a38ac4d4548b3dbbf9073,1485,file name,SOLID HELMET VISORS,Weapons / armor / items,P3,,published,"4 tabs opened, third batch",2025-01-21,no,,,ok
mount_while_encumbered-1510-1-0-1684251631.zip,c_horses,archive,1490,073483cbc0602b89b48b70bbbca72f799e15edaf0f212f21ea76cacc769f4e9d,1510,file name,Mount while encumbered,Horses,P3,,published,"4 tabs opened, third batch",2023-05-16,no,,,ok
Wayshrine gives XP-1518-0-1-1689422764.7z,c_progression-xp-perks,archive,1361,38fae9993fbcc81b6fe0e61aa6de5ac0448e7688ece3dc0e8bc1a8d6fb449ac2,1518,file name,Waystones Give XP,Progression / XP / perks,P2,krs_items krs_perks,published,"1 tabs opened, first 100",2023-07-15,no,,,ok
Shooting Nests Gives XP-1519-0-1-1689446256.7z,c_progression-xp-perks,archive,1998,45ea2931a8d42b118a54f6a851670928de455f026ab786d2be10ce63ddaba77e,1519,file name,Shooting Nests Gives XP,Progression / XP / perks,P2,krs_bow (planned) krs_perks,published,"1 tabs opened, first 100",2023-07-15,no,,,ok
Targets give XP-1520-0-1-1689866187.7z,c_progression-xp-perks,archive,2131,8902366ab13390c31ded2fa4b834c8544b302b361f860f4bce3e4e08fc7a2eca,1520,file name,Shooting Archery Targets Gives XP,Progression / XP / perks,P2,krs_bow (planned) krs_perks,published,"1 tabs opened, first 100",2023-07-20,no,,,ok
DandelionBaron-1535-1-0-1691856480.7z,c_quests-lore-content,archive,2881,13a0e2ee6b9589b660d839319b379948e9fd15b4f62ba752a5982ab2d7a25927,1535,file name,Dandelion Baron,Quests / lore / content,P3,,published,"4 tabs opened, third batch",2023-08-12,no,,,ok
Saddles Have Durability-1545-1-0-1694353149.7z,c_weapons-armor-items,archive,1907,f64f3cf6a019b4c80d4f6cba9be83186038ddbbe4f077b3671b9955c94f89792,1545,file name,Saddles Have Durability,Weapons / armor / items,P2,krs_qol,published,"1 tabs opened, first 100",2023-09-10,no,,,ok
Immersive Economy-1548-1-1-1696198684.7z,c_economy-merchants,archive,3804,f303651de51c201b2f85d6357579437b6366dcc5b208d97174d435749a7d8e6e,1548,file name,Immersive Economy,Economy / merchants,P3,,published,"4 tabs opened, third batch",2023-10-01,no,,,ok
Karnages_KCD_Essential_Fixes 2.0-1558-1-0-0-1700590734.7z,c_fix-bundle,archive,4462,d8d6f65f8402192d7dffe8dad2c498bdc44f76b27a004287c2766811ae9aa821,1558,file name,Karnages_KCD_Essential_Fixes 2.0,Fix bundle,P2,,published,"1 tabs opened, first 100",2023-11-21,no,,,ok
Karnages_Weapons_Damage_Balance 2.0-1559-1-0-0-1700591190.7z,c_weapons-armor-items,archive,4185,2b90d64424e6b17513b1460e54ddb30438ce205520736c5dec52cdef6e34ba32,1559,file name,Karnages_Weapons_Damage_Balance 2.0,Weapons / armor / items,P2,krs_bow (planned),published,"1 tabs opened, first 100",2023-11-21,no,,,ok
Karnages_Durability_Redux-1560-1-0-0-1700591696.7z,c_weapons-armor-items,archive,65656,48fbd50aeb6dc4afaeb22ae646e46473188d44b6add54563ff69d303fdf25d39,1560,file name,Karnages_Durability_Redux,Weapons / armor / items,P2,krs_qol,published,"1 tabs opened, first 100",2023-11-21,no,,,ok
Karnage's_Polearm_Rebalance 2.0-1562-1-0-0-1700618129.7z,c_weapons-armor-items,archive,1292,132b34e1be5d2eda2f8c560c82b79087a1d8f84c9e9f4fe647fb9cebeab91240,1562,file name,Karnages_Polearm_Rebalance 2.0,Weapons / armor / items,P3,,published,"4 tabs opened, third batch",2023-11-22,no,,,ok
Karnages_Polearm_Restoration 2.0-1563-1-0-0-1700618380.7z,c_weapons-armor-items,archive,221445,f87d5d9e2e066579f93cb508a22dda3d8e297aa03b74a727251715a0384d5002,1563,file name,Karnages_Polearm_Restoration 2.0,Weapons / armor / items,P2,krs_perks,published,"1 tabs opened, first 100",2023-11-22,no,,,ok
Karnages_Rebalanced_Bows 2.0-1564-1-0-0-1700618747.7z,c_archery-arrows,archive,2091,46bdc6fd6d794277a57c29c22bd2f4eaff6151ae54668b84a72a2fc97f0312b4,1564,file name,Karnages_Rebalanced_Bows 2.0,Archery / arrows,P2,krs_bow (planned),published,"1 tabs opened, first 100",2023-11-22,no,,,ok
Karnages_Arrow_Balance 2.0-1565-1-0-0-1700618949.7z,c_archery-arrows,archive,2324,698f19eb78124a275c4006a7500bfdfa9490dd4af03330f700f99de243e66d84,1565,file name,Karnages_Arrow_Balance 2.0,Archery / arrows,P2,krs_bow (planned),published,"1 tabs opened, first 100",2023-11-22,no,,,ok
Karnages_Lost_Weapons_Pack_Redux 2.0-1566-1-0-0-1700619203.7z,c_weapons-armor-items,archive,6459,f7536deff2e07e87976bced1e2bc0b1d5bb34249009433bdb5c0b601ba9053dd,1566,file name,Karnages_Lost_Weapons_Pack_Redux 2.0,Weapons / armor / items,P3,,published,"4 tabs opened, third batch",2023-11-22,no,,,ok
Karnages_Shop_Prices-1568-1-0-0-1700623554.7z,c_economy-merchants,archive,3036,f53858b17eef9ad07f879728839c7d4b135e2c832ef4d5cb3c79259a717c50d5,1568,file name,Karnages_Shop_Prices,Economy / merchants,P3,,published,"4 tabs opened, third batch",2023-11-22,no,,,ok
Karnages_Shield_Restoration-1569-1-0-0-1700623905.7z,c_weapons-armor-items,archive,1020,fbd83741edb95f0433f445e28187dbe65af37c4977aeb1ce7028e4e531181a22,1569,file name,Karnages_Shield_Restoration,Weapons / armor / items,P2,krs_perks,published,"1 tabs opened, first 100",2023-11-22,no,,,ok
Karnages_Inventory_Recolour-1570-1-0-0-1700624167.7z,c_maps-ui-hud,archive,3764119,76e1b898af858ecc3c4ce5ec855b9934252ffc3cd14a841887f17ae0b45112ce,1570,file name,Karnages_Inventory_Recolour,Maps / UI / HUD,P3,,published,"4 tabs opened, third batch",2023-11-22,no,,,ok
Increased Experience Minor - 1.5x-1572-0-1-1701102679.zip,c_progression-xp-perks,archive,2591,4394b0a13472bd23a9ddf48e8161bbd08e5c43b8b62883236cf4a483f7765057,1572,file name,Increased Experience Gains,Progression / XP / perks,P2,krs_items krs_perks krs_qol,published,"1 tabs opened, first 100",2023-11-27,no,,,ok
Vest Fix 3.0-1577-3-0-1702474761.zip,c_fix-bundle,archive,1320907,24c163441f259cff60a4c120f3082f07f0aa58234a7f53a40c933ddb30e5a6c0,1577,file name,Invisible hands FIX (UPDATE),Fix bundle,P3,,published,"4 tabs opened, third batch",2023-12-13,no,,,ok
Weiged Groschen - PTF Version-1578-1-9-5-1702120734.zip,c_economy-merchants,archive,1138,77b90319fbaa263b87502e70b313d8e5069b754e04487e7f965273707e2e8973,1578,file name,Weighed Groschen - PTF Version,Economy / merchants,P2,krs_qol,published,"1 tabs opened, first 100",2023-12-09,no,,,ok
Formidable Runt-1605-1-4-1711201397.zip,c_quests-lore-content,archive,5301,c31a7f15783c29743e22d00115674646dc751b4a3b4e50ad8131984b57c9fccb,1605,file name,Formidable Runt,Quests / lore / content,P3,,published,"4 tabs opened, third batch",2024-03-23,no,,,ok
RemoveAutoCameraLockInCombat-1612-1-0-0-1713519576.7z,c_combat-ai,archive,215,67ab4668339962f6fb414ba815e202c84d98c344938fbfdc48f9747fa1012c71,1612,file name,Remove Auto Camera Lock In Combat,Combat / AI,P2,krs_perks,published,"1 tabs opened, first 100",2024-04-19,no,,,ok
Time-HD-updated v1.2.zip-1618-1-2-1714429516.zip,c_maps-ui-hud,archive,452708,1f2d4268e25ef7fd02e27c2538f6abbda04265a1c8d70911a629389b2fe54dbe,1618,file name,HD Clock Retexture - Inventory Clock Updated,Maps / UI / HUD,P3,,published,"4 tabs opened, third batch",2024-04-29,no,,,ok
MadHUD-AutoHideHUDRebornEdition-MsRhtBttnComptblVr-1625-r1-1-0-1745126962.zip,_unmatched,archive,16043,1fa5a6339b216d3d78a51f37147ea59a6b37b9ce3254e9d75dfb085d1b8dc64d,1625,file name,,,,,,not asked for,2025-04-20,no,,,id is not in the index (a misleading link?)
MakeThemReasonable-1629-1-2-0-1736432412.zip,c_combat-ai,archive,159862,f960eebe53bce171d0d9410eaa8c2ee28f93f904f8f19d63c92915f1ccf7de96,1629,file name,Exclusive Master Strikes - Make Them Reasonable,Combat / AI,P2,krs_perks,published,"1 tabs opened, first 100",2025-01-09,no,,,ok
More Sensible Weapons and Armor-1636-1-11-1741394601.zip,c_weapons-armor-items,archive,272576,c91885f76c56fcb09736946b2b9cbe5c0e87da370517fa55ffec71ad250dbe31,1636,file name,More Sensible Weapons and Armor,Weapons / armor / items,P3,,published,"4 tabs opened, third batch",2025-03-08,no,,,ok
AlternateFoodSpoil2X-1639-1-0-1715595738.zip,c_alchemy-food-survival,archive,8560,76fc1e46af3876c6e980283e88b732cccabf28af8c3f304294883196fe50ac20,1639,file name,Alternate Food Spoil (2X),Alchemy / food / survival,P1,krs_items,published,0 already had (pilot or Vortex downloads),2024-05-13,no,,,ok
SloMoBegone-1647-1-0-0-1716234169.zip,c_combat-ai,archive,1565,8a235233e46a5a2396cf08f7a62a8660901709ab4cdcc732b1364e186f32c822,1647,file name,Slo Mo Begone,Combat / AI,P2,krs_perks,published,"1 tabs opened, first 100",2024-05-20,no,,,ok
catche the worm-1652-1-0-1716593673.zip,c_alchemy-food-survival,archive,817533,9d8f37aaf9758ddd0dae5fdc81b84822854cc7bd22948b76ffbff115c59e141c,1652,file name,Catches the Worm,Alchemy / food / survival,P2,krs_items,published,"1 tabs opened, first 100",2024-05-24,no,,,ok
Plate Legs-1654-1-0-1716846598.7z,c_weapons-armor-items,archive,1113,81f0246457ffc3d07412cb3f9f53f1e3b0c01aae0b80bce6274ddb08a82cd37c,1654,file name,Boots with Common Plate Chausses,Weapons / armor / items,P3,,published,"4 tabs opened, third batch",2024-05-27,no,,,ok
MagusSaveMeHenry-1655-Unknown-1720541841.7z,c_progression-xp-perks,archive,9860,bbe945dd95e6ea1ddbbbfb5119e2115d03111c1b3a7b22d265f23c2420bb3c73,1655,file name,Save Me Henry,Progression / XP / perks,P2,krs_perks,published,"1 tabs opened, first 100",2024-07-09,no,,,ok
Double Brew Yield-1660-1-0-1717587176.zip,c_alchemy-food-survival,archive,2836,b5eda76fe9b9d5aa5d1a8d167040cba5d6bab8c6d50e6320e6330547d1153337,1660,file name,Double Brew Yield,Alchemy / food / survival,P2,krs_items,published,"1 tabs opened, first 100",2024-06-05,no,,,ok
Surface Type Rework-1667-1-0-0-1718540697.7z,c_world-weather-visuals,archive,2706,c2647c86e45a1f02635cb1fbb9f444c54856dc003c302de3180d1fb6104ee9cf,1667,file name,Surface Type Rework,World / weather / visuals,P3,,published,"4 tabs opened, third batch",2024-06-16,no,,,ok
Relaxed RPG Params-1668-1-0-1-1718992231.7z,c_progression-xp-perks,archive,1845,4f82a7592ff7d6039d4b91a7a35b43d84eb198618158c74e61542af2250309f5,1668,file name,Relaxed RPG Params,Progression / XP / perks,P2,krs_bow (planned) krs_items krs_perks,published,"1 tabs opened, first 100",2024-06-21,no,,,ok
MagusAngrinessBegone-1671-Unknown-1718907026.7z,c_combat-ai,archive,901,580392cff0fa9ed6552bef390e5d029b7110671c4e2160420b814a37c6f4e261,1671,file name,Angriness Begone,Combat / AI,P2,krs_perks,published,"1 tabs opened, first 100",2024-06-20,no,,,ok
Combat music A Stressfull version-1673-1-0-1718966803.zip,c_combat-ai,archive,105345,52dae9dd1442082ca245bf61b81b884b26c77cbb1188582a58ad473b64827948,1673,file name,Combat musics tweak,Combat / AI,P2,krs_perks,published,"1 tabs opened, first 100",2024-06-21,no,,,ok
Combat music A and Unreleased one-1673-1-0-1718968202.zip,c_combat-ai,archive,105207,29f1c97921b852a92115fd89ac9be751efbcc42f607a8b977a14502b6c9dcfc2,1673,file name,Combat musics tweak,Combat / AI,P2,krs_perks,published,"1 tabs opened, first 100",2024-06-21,no,,,ok
Better_Archery-1678-1-0-1720015220.7z,c_archery-arrows,archive,1984,4abd9a608aa6e0638f35dfd8267ee8c185b683b0e77ce0b87c471d4360196785,1678,file name,Better Archery,Archery / arrows,P2,krs_bow (planned),published,"1 tabs opened, first 100",2024-07-03,no,,,ok
RAD_redix-1683-0-1-1721003439.zip,c_quests-lore-content,archive,4481,9146b7aa964d062523f49c4473be19a165f3a30505b5935ffae50e615f4907ce,1683,file name,Roads Are Dangerous - Redux,Quests / lore / content,P3,,published,"4 tabs opened, third batch",2024-07-15,no,,,ok
PlayableDaggers-1689-V3-0-1736559656.7z,c_weapons-armor-items,archive,2181126,48520ebe8ae5b6f58e01899e4c0bca6f105a22d4271df88045a99030ddc824ad,1689,file name,Playable Daggers,Weapons / armor / items,P3,,published,"4 tabs opened, third batch",2025-01-11,no,,,ok
zzz_Clean_Items_In_Trough.pak,_unmatched,loose file,11058,e414975ca13c7084e2253282286ffb4bfdac976cf4c17ce4ba2e03b4303f6c89,1691,matched by name in the Vortex download folder,,,,,,not asked for,,,,,id is not in the index (a misleading link?)
Ravens beak icon swap-1693-1-2-1733597371.7z,c_weapons-armor-items,archive,1025,c383e285ce5f69667b07a910830b15d32d38df33d85fd98623424230768c4513,1693,file name,Ravens beak and Spiked warhammer icon swap,Weapons / armor / items,P2,,published,"1 tabs opened, first 100",2024-12-07,no,,,ok
IntimidationStat-1723-1-1-1728217688,c_maps-ui-hud,folder (already extracted),,,1723,file name,Intimidation Stat In Inventory,Maps / UI / HUD,P3,,published,not asked for,2024-10-06,no,,,"downloaded, but not in any batch asked for"
DrinkSoundEffects.pak,c_alchemy-food-survival,loose file,1744,49797eb701b60322a68374221b75882505404acae8eae10494b6faea0a7d5cc4,1730,matched by name in the Vortex download folder,Drink Sound Effects,Alchemy / food / survival,P2,krs_items,published,0 already had (pilot or Vortex downloads),,,,,ok
Torch Light Radius-1732-1-0-1728140274.zip,c_world-weather-visuals,archive,4222,588b9d0deae8a152886e0396273363f6479825ff091701935f14ca6520b9296d,1732,file name,Torch Radius,World / weather / visuals,P3,,published,"4 tabs opened, third batch",2024-10-05,no,,,ok
MedievalPoisons-1733-V2-0-1729998376.7z,_unmatched,archive,6679765,5bd450ad44f3c7c56826dba0ce13ee98970fcb9b983b77d2151f8d9fcb0ed51e,1733,file name,,,,,,not asked for,2024-10-27,no,,,id is not in the index (a misleading link?)
RogueLife-1736-V1-1-1739826542.7z,c_progression-xp-perks,archive,23322,c3c3d0de384b556b8db2ea4ede56ad5bff897d61aacf96812a2e2c1207f67b65,1736,file name,Rogue Life,Progression / XP / perks,P2,krs_bow (planned) krs_items krs_perks,published,"1 tabs opened, first 100",2025-02-17,no,,,ok
Persistentarrows-1743-1-2-1729568337.rar,c_archery-arrows,archive,1508,876cfd50b5bccd9f4e030681861d01f4569130295d91a095dfce71e5eb044c7b,1743,file name,Persistent Arrows,Archery / arrows,P2,krs_bow (planned),published,0 already had (pilot or Vortex downloads),2024-10-22,no,,,ok
Riposte-1765-1-0-2-1735871267,c_combat-ai,folder (already extracted),,,1765,file name,Restore Riposte,Combat / AI,P1,krs_perks,published,0 already had (pilot or Vortex downloads),2025-01-03,no,,,ok
Diseases-1777-V2-0-1739366414.7z,_unmatched,archive,126526317,189694e1065c86cd2e74ece4327041deccaf559969d976b0f65bda44c16858da,1777,file name,,,,,,not asked for,2025-02-12,no,,,id is not in the index (a misleading link?)
Diseases_NoAudio-1777-V2-0-1739366653.7z,_unmatched,archive,126526524,07fc90176cc613b3a1c5c5a08b032d87b775450fc2ae7bcdb4de8bbdf432c22b,1777,file name,,,,,,not asked for,2025-02-12,no,,,id is not in the index (a misleading link?)
souls_sorted_v1.2-1779-1-2-1736773918.zip,c_tools-reference,archive,648096,19015c75730011d671f74fdca7590a68f7e700ecc745d98f98f73fe65d29011b,1779,file name,Semi Sorted soul XML,Tools / reference,P3,,published,"4 tabs opened, third batch",2025-01-13,no,,,ok
TimedQuestIndicator-1780-V1-1-1736764991.7z,c_maps-ui-hud,archive,4503,f5156b555bd7d97cb20e22bf553212cb3018ec6b61a6910b371714609532d345,1780,file name,Timed Quest Indicator,Maps / UI / HUD,P3,,published,"4 tabs opened, third batch",2025-01-13,no,,,ok
Andrew Clothing Fix-1782-1-0-1736793391.rar,c_world-weather-visuals,archive,2413,65159cdbc3d6084fb9fab75cc59f69e324d2bcfc65b2f7c35bdd01fa154e2ae1,1782,file name,No more clipping elbows for Andrew,World / weather / visuals,P2,,published,"1 tabs opened, first 100",2025-01-13,no,,,ok
PoisonousEnemies-1807-V1-1-1739657277.7z,_unmatched,archive,75601,518d1ff9231391c0c59d952a13f5c9445b128c81105168c85b9b1a678cfb8f34,1807,file name,,,,,,not asked for,2025-02-15,no,,,id is not in the index (a misleading link?)
EN-1829-1-2-1741033054.zip,c_tools-reference,archive,23097,21d341facadc4bc749fd762f6691a8794e0b901e1bd4b0e9b0195ff9095cef32,1829,file name,Mod Order Tool 1.2,Tools / reference,P3,,published,"4 tabs opened, third batch",2025-03-03,no,,,ok
Realistic Horses-1839-1-0-1739145195.rar,c_horses,archive,81481,9172c1a2f69148c10910db656c485d71f49aa3ce02f7f6a9c8f49f52f49fb373,1839,file name,Realistic Horses,Horses,P2,krs_qol,published,"1 tabs opened, first 100",2025-02-09,no,,,ok
Realistic Repairs 1.1-1842-1-1-1739569897.rar,c_weapons-armor-items,archive,1731,cb4fac5e40aa3febd4b9bdf2d49f529af3eed3a14cbf67c059a5badc934aeb0c,1842,file name,Realistic Repairs,Weapons / armor / items,P2,krs_qol,published,"1 tabs opened, first 100",2025-02-14,no,,,ok
RicherMerchantsPRF-1853-1-0-1739403404.rar,c_economy-merchants,archive,1231,62377d82736edc99385ee270b5fee6406cb3fd24be93d98434033cbe415d9e27,1853,file name,Richer Merchants (PTF),Economy / merchants,P2,krs_qol,published,"1 tabs opened, first 100",2025-02-12,no,,,ok
Train More Carry More x10-1860-1-0-1739697344.zip,c_progression-xp-perks,archive,1256,9031b798bc939549e98ed5b456524dd88443a874f72d35340178e6c3eb20ed10,1860,file name,Train More Carry More - PTF,Progression / XP / perks,P2,krs_perks krs_qol,published,"1 tabs opened, first 100",2025-02-16,no,,,ok
Sell Damaged Items At Full Price-1861-1-0-1739532223.zip,c_economy-merchants,archive,1436,a084109ab31de9eb0ac34da952d63ca6d6ac3dbe59d6c7d3c15b28850975bbcd,1861,file name,Sell Damaged Items At Full Price - PTF,Economy / merchants,P3,,published,"4 tabs opened, third batch",2025-02-14,no,,,ok
Faster Injury Regeneration x2-1862-1-0-1739533911.zip,c_alchemy-food-survival,archive,1471,257710fd452cb29e703fea89524e568598c6668c8c05b7aed27ce04d91711a32,1862,file name,Faster Inury Regeneration - PTF,Alchemy / food / survival,P2,krs_items,published,0 already had (pilot or Vortex downloads),2025-02-14,no,,,ok
Dirty And Charismatic-1863-1-0-1739534931.zip,c_progression-xp-perks,archive,1455,076e3b81c718712d1148753d5bb40fb3b836a84122a41b20f85edec0e40619e2,1863,file name,Dirty And Charismatic - PTF,Progression / XP / perks,P2,krs_perks,published,"1 tabs opened, first 100",2025-02-14,no,,,ok
Cheap Savior Schnapps (No Alcohol Version)-1864-1-1-1739629893.zip,c_economy-merchants,archive,2271,c81f4b5cd37bd4d646a99496c01f3a819eaa7328976936bc49735d3cc3881487,1864,file name,Cheap Savior Schnapps - PTF,Economy / merchants,P2,krs_items,published,"1 tabs opened, first 100",2025-02-15,no,,,ok
Fair Trade-1870-1-0-1739553563.zip,c_economy-merchants,archive,3615,0d9dbf4a6194bbb778c59b81bd24ce9d48e563b3f427db7e2357b02c05a1253a,1870,file name,Fair Trade - PTF,Economy / merchants,P3,,published,"4 tabs opened, third batch",2025-02-14,no,,,ok
Daily Restock And Rich Merchants-1873-1-0-1739611543.zip,c_economy-merchants,archive,4446,5e960f64b55bb5c4a5b275d669d486e53b24344bcd4c06030a80adb79d98ef60,1873,file name,Daily Restock And Rich Merchants - PTF,Economy / merchants,P3,,published,"4 tabs opened, third batch",2025-02-15,no,,,ok
BetterPickpocket-1883-1-1-1773177388.zip,c_crime-stealth-loot,archive,1782,71b7892d566bb401961cff56663a86164536cfc50ef7e0bd1ebbfca798ec9714,1883,file name,Better Pickpocket - FIXED,Crime / stealth / loot,P2,krs_items,published,"1 tabs opened, first 100",2026-03-10,yes,,,ok
Bianca's Ring PTF-1893-0-1-1740174007.zip,c_weapons-armor-items,archive,2072,406a46e82d7a566f6aae33924f0a6d9502f740827da3dbe0288a8ed9c44ac9d2,1893,file name,Bianca's Ring PTF,Weapons / armor / items,P2,krs_bow (planned),published,"1 tabs opened, first 100",2025-02-21,no,,,ok
Visorless Helmets-1907-1-0-2-1741145962.zip,c_weapons-armor-items,archive,4689180,ea6ec548daed9b934201f377356ac97c3d4df2461362c9703d630d132a3451d4,1907,file name,Visorless Helmets,Weapons / armor / items,P3,,published,"4 tabs opened, third batch",2025-03-05,no,,,ok
Helmet-Off Dialog-1909-1-4-3-1743453648.zip,c_weapons-armor-items,archive,21880,9ee0f67b2b76c261c2bbea390bcc7f72d97d395499bd9cca790d6644d0cdcbbb,1909,file name,Helmet-Off Dialog (Beta),Weapons / armor / items,P3,,published,"4 tabs opened, third batch",2025-03-31,no,,,ok
Weightless_Herbs-1914-1-1741286285.zip,c_alchemy-food-survival,archive,1909,7c3f9a2e9d17849e639b3be3ee77a232775e2147b919fc924d826282dd7429f3,1914,file name,Weightless Herbs,Alchemy / food / survival,P2,krs_items krs_qol,published,"1 tabs opened, first 100",2025-03-06,no,,,ok
Checkers Verdant Vegetation-1918-1-0-1743125688.zip,c_world-weather-visuals,archive,185633645,702d60056eba18b029f997de46218d0fa9c238c75eff503b2d043eda88b840ea,1918,file name,KCD1 Reborn - Verdant Vegetation,World / weather / visuals,P3,,published,"4 tabs opened, third batch",2025-03-28,no,,,ok
No Prefixes in Alchemy Book-1922-1-0-1-1741961065.zip,c_alchemy-food-survival,archive,31316,9dfc857694618422135891e97751542b69bd43477f4a680bd34dde8538739b06,1922,file name,No Prefixes in Alchemy Book,Alchemy / food / survival,P2,krs_items,published,"1 tabs opened, first 100",2025-03-14,no,,,ok
PotionNoSatietyAndHealEnergy-1926-1-0-1741597951.7z,c_alchemy-food-survival,archive,1629,f1074af628968d887deec83731cebeb79c7fa2789efdd776a03963575a32db85,1926,file name,Potion no Satiety and ADD Heal plus Energy,Alchemy / food / survival,P2,krs_items,published,"1 tabs opened, first 100",2025-03-10,no,,,ok
Checkers Terrain and Structures-1927-1-3-5-1743121857 (1).zip,c_world-weather-visuals,archive,1970644756,f9dce5e11f5ce7d5f306a5b4f8f71f8b3047e0dee7e2cb18eef9ae4edf765253,1927,file name,KCD1 Reborn-Terrain and Structures,World / weather / visuals,P3,,published,"4 tabs opened, third batch",2025-03-28,no,yes,,ok
Herb Picking Radius 2x-1938-1-0-1742117458.zip,c_alchemy-food-survival,archive,1211,f81eefbe99330361413622c1e21758ab1091fe765a6e9544a48ef7e97c5e7e73,1938,file name,My Herb Picking Radius,Alchemy / food / survival,P2,krs_items krs_qol,published,"1 tabs opened, first 100",2025-03-16,no,,,ok
Die Of Lore-1944-1-3-1756187796.zip,c_quests-lore-content,archive,4196,8c0f49dcd9177194a31ebfeaabb9621e1b1bb6c006ad193e7313a12c43bff526,1944,file name,Lore Of Die,Quests / lore / content,P3,,published,"4 tabs opened, third batch",2025-08-26,no,,,ok
Lore Of Die Pricing Module-1944-1-0-1743087028.zip,c_quests-lore-content,archive,57497,b7257ea7be671d94296f0d5868bde5624f93fcf48999723678e4c50b2305a268,1944,file name,Lore Of Die,Quests / lore / content,P3,,published,"4 tabs opened, third batch",2025-03-27,no,,,ok
Skill Books Take Time 2x-1950-1-0-1742313588.zip,c_progression-xp-perks,archive,3308,84a6cb3266d1905fefa684bdee808ac8ea451260a3e347c8d6550f5ac60e3a1a,1950,file name,Skill Books Take Time,Progression / XP / perks,P2,krs_items krs_perks,published,"1 tabs opened, first 100",2025-03-18,no,,,ok
energy increased as if rested-1951-1-0-0-1742338696.7z,c_alchemy-food-survival,archive,18928,308a7238f6e68490b2dd904245f2ef39186826fa74ddcb25741af82a5e2dd44c,1951,file name,Baths dont affect energy and nourishment,Alchemy / food / survival,P2,krs_items,published,"1 tabs opened, first 100",2025-03-18,no,,,ok
AutoHideHUDReborn-1956-1-4-0-1777734198.zip,c_maps-ui-hud,archive,3425079,6512b48e03157fafc3950b1c4a3b3c8e90ff413f59d5e420eca8a698c0889a83,1956,file name,Auto Hide HUD REBORN,Maps / UI / HUD,P3,,published,"4 tabs opened, third batch",2026-05-02,yes,,,ok
SIBMM All-1958-1-2-1743947561.zip,c_animations-audio,archive,4960,066ccf77539aca0db1882319d8a0c82706675e1b1f6c9b5ec93f70a7f5033bc3,1958,file name,Selected Immersion Breaking Music Mute,Animations / audio,P3,,published,"4 tabs opened, third batch",2025-04-06,no,,,ok
Unconscious Crime UI-1961-1-0-1742809272.zip,c_crime-stealth-loot,archive,1569,c900da8a6f45eb4d2a197431d04b34b13d01882307112840cc3d1d6ae24d33da,1961,file name,Unconscious Crime UI,Crime / stealth / loot,P3,,published,"4 tabs opened, third batch",2025-03-24,no,,,ok
Checkers Enhanced Faces and Skin-1964-0-95-1743115948 (1).zip,c_world-weather-visuals,archive,2098912075,50b11e7854ecdbb1ea9ea470c1fcd6a1a0a6e9ede875b5b4d3e2f5cf03d61cbc,1964,file name,KCD1 Reborn - Enhanced Faces and Skin,World / weather / visuals,P3,,published,"4 tabs opened, third batch",2025-03-27,no,yes,,ok
MedievalLoadingScreens-1980-1-1-1744118421 (1).rar,c_maps-ui-hud,archive,13022862,94a1ab12aa5468fe8e3e4add0be8c90e9caa061ab375496ecceb7115265b06c7,1980,file name,Medieval Loading Screens,Maps / UI / HUD,P3,,published,"4 tabs opened, third batch",2025-04-08,no,yes,,ok
LIP - Annual Contract Supplies Cost Patch-1981-1-0-1744439495.zip,c_economy-merchants,archive,1755,812721392e6b4d74593580230c4b38210d7eecc0f9d2f5c3305f92d33b420343,1981,file name,Lesser Income Pribyslavitz - Supplies Cost Patch,Economy / merchants,P3,,published,"4 tabs opened, third batch",2025-04-12,no,,,ok
LIP - Supplies Cost Patch-1981-1-1-1744439433.zip,c_economy-merchants,archive,1724,f0a2b951c18f0c8656c58f9f7241e017322042d39f74b2bff524319094ee10f1,1981,file name,Lesser Income Pribyslavitz - Supplies Cost Patch,Economy / merchants,P3,,published,"4 tabs opened, third batch",2025-04-12,no,,,ok
Stormy_Skies_v1.0.zip-1982-1-0-1744237965 (1).zip,c_world-weather-visuals,archive,1619334,086ee508b5331498e68d98dbe98b4e4a67f8c348637efdfbf2abf729396b68ae,1982,file name,Stormy Skies,World / weather / visuals,P3,,published,"4 tabs opened, third batch",2025-04-09,no,yes,,ok
Sharpening Overhaul-1984-2-1-1749895972.zip,c_weapons-armor-items,archive,13186,270b61c027d768ed64632d295359e36b0960a5216d27ced655e299eabf58f49a,1984,file name,Sharpening Overhaul,Weapons / armor / items,P3,,published,"4 tabs opened, third batch",2025-06-14,no,,,ok
Veteran Hunting 1.0-1990-1-0-1745597572.zip,c_alchemy-food-survival,archive,5741,a2f20f14a81640b8fac012cbd35a09a4ec3c48f178b3110af77830aa43cdaa6d,1990,file name,Veteran Hunting,Alchemy / food / survival,P2,krs_items krs_perks,published,"1 tabs opened, first 100",2025-04-25,no,,,ok
BCAIC - Restore Hunting Spot Icons - Patch-1991-1-0-1745002325.zip,c_alchemy-food-survival,archive,16790,c86af02549d76dd6914bb69f7e8a5f4ac8fca88b13c64136849c7b628ff46b4f,1991,file name,BCAIC - Restore Hunting Spots - Patch,Alchemy / food / survival,P2,krs_items,published,"1 tabs opened, first 100",2025-04-18,no,,,ok
Alcohol Is Not Food Anymore-1996-1-0-1745154676.zip,c_alchemy-food-survival,archive,1802,4b144c52f68741f2862ecc66e288195991d911358c934150e4833b3cfb8651c2,1996,file name,Alcohol Is Not Food Anymore,Alchemy / food / survival,P2,krs_items,published,"1 tabs opened, first 100",2025-04-20,no,,,ok
Snarky Loading Screens PTF-2005-1-0-1746781186.zip,c_maps-ui-hud,archive,2833,f868ebc19512f67bc4fd21b8c2892499b8a35f7e44f67766073d16d750070bd5,2005,file name,Snarky Loading Screens PTF Edition,Maps / UI / HUD,P3,,published,"4 tabs opened, third batch",2025-05-09,no,,,ok
Preset-2008-1-0-1748032883.zip,c_other,archive,160458,48ff8053e5fc47d6abfa5a0700c95c76a5c21fa571f27a9bc4cb102ef26c5e7a,2008,file name,Perfection,Other,P3,,published,"4 tabs opened, third batch",2025-05-23,no,,,ok
Chefs Kiss 2011 3.7 2026-06-21T22-06Z HM0uQNJkR.7z,c_alchemy-food-survival,archive,28622,e8a73c6c4c22e6b00c403543f00e35c9bd966f64c19885302573eaf12cad1738,2011,file name,Chefs Kiss,Alchemy / food / survival,P2,krs_items,published,"1 tabs opened, first 100",2026-06-21,yes,,,ok
KRS-Items-2017-1-0-0-1749069665.7z,c_weapons-armor-items,archive,2722,d79b12f36322fd965e1cb9e9f97511abaad030ee6e85548984ace4e4a95c26a4,2017,file name,Realistic Items,Weapons / armor / items,P1,,published,0 already had (pilot or Vortex downloads),2025-06-04,no,,,ok
KRS-Items-2017-1-1-1-1749401836.7z,c_weapons-armor-items,archive,2608,e3b936f38b80820d5261b6e3a059eec6cae1eb7b0cfcf8dfbe7edb11ad13471d,2017,file name,Realistic Items,Weapons / armor / items,P1,,published,0 already had (pilot or Vortex downloads),2025-06-08,no,,,ok
Repair Kits - Balanced and Scaled PTF-2021-1-2-1779784418.7z,c_weapons-armor-items,archive,1129,b62b38d529891b788cd3e281efcf239358722063cd00a301ff2db9c51fe6d2e8,2021,file name,Repair Kits - Balanced and Scaled PTF,Weapons / armor / items,P2,krs_qol,published,"1 tabs opened, first 100",2026-05-26,yes,,,ok
Restored Sabres PTF-2022-1-1-1779784649.7z,c_weapons-armor-items,archive,2966396,9bafed53493fb1462a959106d850105e37abda88fe3f7b7c24587b1db0f005ce,2022,file name,Restored Sabres PTF,Weapons / armor / items,P3,,published,"4 tabs opened, third batch",2026-05-26,yes,,,ok
Clean and Minimal HUD-2030-0-1-1749657994.zip,c_maps-ui-hud,archive,982633,80b0a6abe50c43c7dbdd49f9fcd2136c9098b8e5974fd7102c5ba7b4d4d2c74b,2030,file name,Clean and Minimal HUD and Map,Maps / UI / HUD,P3,,published,"4 tabs opened, third batch",2025-06-11,no,,,ok
Ordinance Archery Overhaul DDDB-2035-6-1774914958.7z,c_archery-arrows,archive,11037,2ae0366ecc9a9b0efd40fc191dc74b15d6839bef28d8680a423be0c045604b26,2035,file name,Ordinance an Archery Overhaul,Archery / arrows,P2,krs_bow (planned),published,"1 tabs opened, first 100",2026-03-30,yes,,,ok
Polymorphic Fire Arrow-2040-2-1774384773.7z,c_archery-arrows,archive,3083,4746c76694ff0ab77a50d62cb4dfbfe7c86583255a13d8ab5758c59585d3b1cd,2040,file name,Polymorphic Projectiles Arrow Overhaul,Archery / arrows,P2,krs_bow (planned),published,"1 tabs opened, first 100",2026-03-24,yes,,,ok
Polearms Unleashed Rebalanced Lite Edition-2045-1-1-1779784172.7z,c_weapons-armor-items,archive,206063,50490b37cca3b2b7307074f800df696070aeeca71badd53440486c7fdedb1ab9,2045,file name,Polearms Unleashed Rebalanced Lite Edition PTF,Weapons / armor / items,P2,krs_perks,published,"1 tabs opened, first 100",2026-05-26,yes,,,ok
Arsenal Melee Weapons Overhaul-2046-6-1774914631.7z,c_weapons-armor-items,archive,36171,d965304ccc7f36ea68b54cff063f610997740551a40eab3ee561ad8e255d4de3,2046,file name,Arsenal - A Weapons Overhaul - DDDB,Weapons / armor / items,P3,,published,"4 tabs opened, third batch",2026-03-30,yes,,,ok
Semi Functional Ragdoll Physics-2049-3-1772969471.7z,c_combat-ai,archive,37618220,d23038504791b57c182892955d77573e31fddeb2c45235e0431508e3b7adaf72,2049,file name,Simple Ragdoll Physics,Combat / AI,P2,krs_perks,published,"1 tabs opened, first 100",2026-03-08,yes,,,ok
Meticulously Edited Shops (and Services)-2061-0-4-4-1771229823.zip,c_economy-merchants,archive,930206,9cbada0f0738e50058e858a1f69458bfd5a8e0358a48e9260c07d055524d7f50,2061,file name,Meticulously Edited Shops and Services,Economy / merchants,P3,,published,"4 tabs opened, third batch",2026-02-16,yes,,,ok
DistantFireAndSmoke-2066-0-2-1755855018.zip,c_world-weather-visuals,archive,24997,8070e8d29f7deb9b8623ee124c77e4104b436cbf40596726d18650ae4c2825fc,2066,file name,Distant Smoke and Fire,World / weather / visuals,P2,,published,"1 tabs opened, first 100",2025-08-22,no,,,ok
SPOA SKA for KCD (2K textures)-2068-1-03-1755982732.zip,c_weapons-armor-items,archive,137384272,32d48c42fdf2bf904e7329f59cc644b89744c08c62a2665763769c72cf622de2,2068,file name,SPOA Silver Knight Armor for Kingdom Come Deliverance,Weapons / armor / items,P3,,published,"4 tabs opened, third batch",2025-08-23,no,,,ok
Thin The Herd 2079 1.3.1 2026-07-16T19-00Z ksgvwCnjt.zip,c_crime-stealth-loot,archive,135533,f1f949835d3d44f10bfeb37c642d43152f624fc2c82beabc2d1931cef13eab20,2079,file name,Thin The Herd - Immersive Hunting and Realistic Animal Loot,Crime / stealth / loot,P3,,published,"4 tabs opened, third batch",2026-07-16,yes,,,ok
Mount Horse - Torch Toggle Keys-2084-1-0-1758809416.rar,c_horses,archive,4572,235ac9dd021594a85785d3e1ccfd7ca5526cd0525a12b70e32c7b109457b98ca,2084,file name,Mount  Horse - Torch Toggle Keys,Horses,P3,,published,"4 tabs opened, third batch",2025-09-25,no,,,ok
spolszczenie do moda Tyburn's Medieval Poisons-2098-1-0-1763383230.rar,c_alchemy-food-survival,archive,8776,7677c3676c1b3a26ad76c034c798d7f95718fc8c1a23c86efa92191604c589fd,2098,file name,Medieval Poisons - spolszczenie,Alchemy / food / survival,P2,krs_items,published,"1 tabs opened, first 100",2025-11-17,no,,,ok
Diseases - Spolszczenie-2100-1-0-1763742966.rar,c_unclassified,archive,28251,f0feda8179f18aff7a6b1c3726c38e205d4f78e9c4985bcd20c4ab62e2967c6b,2100,file name,Diseases - spolszczenie,(unclassified),P3,,published,"4 tabs opened, third batch",2025-11-21,no,,,ok
pickpocket_kcd2 1.1-2103-1-1-0-1764612642 (1).zip,c_crime-stealth-loot,archive,2857860,64b564122a86eba0db762f3f42d61da6315ae3ecf70cffabb43e7a0a2a7de14f,2103,file name,Pickpocket menu  from KCD2,Crime / stealth / loot,P3,,published,"4 tabs opened, third batch",2025-12-01,no,yes,,ok
new_hud_2.0 1.3-2108-1-3-0-1770680449 (1).rar,c_maps-ui-hud,archive,3110243,a3ff3c67d787a7db36bfa7d17858d496f392e10db64086a247ebf85212a83617,2108,file name,New KCD HUD 2.0,Maps / UI / HUD,P3,,published,"4 tabs opened, third batch",2026-02-09,no,yes,,ok
Complete EHLR mod collection with documentation 2124 2.5.0 2026-07-22T00-51Z 37afHBvHt.zip,c_progression-xp-perks,archive,1325238,6b7bc2e4a1e6e62e975b4e4b7d57ad01aa298e3627bcae55c5f71a6445cbb113,2124,file name,Half-looted Rebalance,Progression / XP / perks,P2,krs_perks,published,"1 tabs opened, first 100",2026-07-22,yes,,,ok
ModsCheckEng-2132-1-1-1768208612.7z,c_fix-bundle,archive,2280,f4bec16054202877f9c0dafd159c83010862cb3bb820201047509e2aada3f864,2132,file name,MOD file override conflicts and PTF patch detection,Fix bundle,P3,,published,"4 tabs opened, third batch",2026-01-12,no,,,ok
FindersKeepers_Wait_No-2158-1-2-1773048312.zip,c_crime-stealth-loot,archive,62098,e46cba081b9999b693df6b8956d5478ca7f1c655cc95e1253a3e7d699152c671,2158,file name,Finders Keepers,Crime / stealth / loot,P3,,published,"4 tabs opened, third batch",2026-03-09,yes,,,ok
MerchantsRicher_3x-2165-1-0-2-1774198117.zip,c_economy-merchants,archive,11176,29ea7f7bbe66e2de20ccf4b2789ff34cd79a9d38a50ba305a5aad60654b214d5,2165,file name,Merchants Richer,Economy / merchants,P2,krs_qol,published,"1 tabs opened, first 100",2026-03-22,yes,,,ok
No Stolen Items-2171-1-2-1772686214.zip,c_crime-stealth-loot,archive,1495,b9ae299d6456021c30aac5d9d864af426820d70115a499817a0b3a454dfe3aea,2171,file name,No Stolen Items (PTF),Crime / stealth / loot,P3,,published,"4 tabs opened, third batch",2026-03-05,yes,,,ok
True Hardcore Maintenance-2173-2-0-1776308890.zip,c_repair-durability,archive,8032,7d95daced03bfbbf971e0d7f4f478d8f213deea37f0367cd4f148662d6b0fad8,2173,file name,True Hardcore Maintenance (PTF),Repair / durability,P2,krs_qol,published,"1 tabs opened, first 100",2026-04-16,yes,,,ok
Barding Improved-2174-1-0-1-1772742779 (1).zip,c_horses,archive,21586861,0a81f179f080aa2251f90c6f073188e70267217238ba53e10c4ab5d05dc7278a,2174,file name,Horse Body Armor (Barding),Horses,P3,,published,"4 tabs opened, third batch",2026-03-05,yes,yes,,ok
True Hardcore Combat-2179-1-3-1778946895.zip,c_combat-ai,archive,19464,9629762142136c4e52e0430f6b8277f2d9b5b003b0ad22a5e2d8557920c3a627,2179,file name,True Hardcore Combat (PTF),Combat / AI,P2,krs_bow (planned) krs_perks,published,"1 tabs opened, first 100",2026-05-16,yes,,,ok
True Hardcore Economy-2188-1-3-1779017497.zip,c_combat-ai,archive,45778,006c395bcf9802df1852758a21cf09f112077e504153712f43566be44349aa2b,2188,file name,True Hardcore Economy (PTF),Combat / AI,P2,krs_perks,published,"1 tabs opened, first 100",2026-05-17,yes,,,ok
ENHANCED Bohemian Redux FX Overhaul-2190-2-0-1774439071 (1).rar,c_world-weather-visuals,archive,19588552,6179b173582fc10830f1791cbb844f69c7703c9e99ae997f508390c2fa3d3fe9,2190,file name,ENHANCED Bohemian Redux  and FX Overhaul,World / weather / visuals,P3,,published,"4 tabs opened, third batch",2026-03-25,yes,yes,,ok
Realistic Footprints v2.0 KCD1-2191-3-0-1780731196.rar,c_world-weather-visuals,archive,958503,6a86dc83bf4d948d3e755c8a613f0462b45150388bd0cd78fb05c83f3d56b278,2191,file name,Realistic Footprints v2.0 KCD I,World / weather / visuals,P3,,published,"4 tabs opened, third batch",2026-06-06,yes,,,ok
ENHANCED Toggle Aim Overhaul v2.0 KCD1 2192 2.0.1 2026-09-14T17-58Z sgZiUxTkd.zip,c_combat-ai,archive,1859,7e1f1c15ec4a3917b0237299095f8d51b0cbdf204dd06d42896c1102366128cb,2192,file name,ENHANCED Toggle Aim Overhaul v2.0 KCD I,Combat / AI,P2,krs_bow (planned) krs_perks,published,"1 tabs opened, first 100",2026-09-14,yes,,,ok
ENHANCED Easy FREE Combat Target Overhaul KCD1-2194-1-1-1774268047.rar,c_combat-ai,archive,2452,5fa14d98ad2afd90dc770ceeb57df09a2032220f2c94dea716af3fe3cad7e0b4,2194,file name,ENHANCED Easy FREE Combat Target Overhaul v3.0 KCD I,Combat / AI,P2,krs_perks,published,"1 tabs opened, first 100",2026-03-23,yes,,,ok
DualSense Buttons-2199-2-0-1778555602.rar,c_maps-ui-hud,archive,714063,3c0459cbe89f5dc3e03aeba49f182d33bde358913af4dd18e72115b6b8a96c42,2199,file name,DualSense Buttons,Maps / UI / HUD,P3,,published,"4 tabs opened, third batch",2026-05-12,yes,,,ok
LootStatSplit-2202-1-1774557285.zip,c_crime-stealth-loot,archive,444965,b6a267220d82ce88af2b223811b3975f9d5506591d0ad80f5747d7508d2e1684,2202,file name,Animals Looted Statistic Tracker - Separate from Corpses Looted,Crime / stealth / loot,P3,,published,"4 tabs opened, third batch",2026-03-26,yes,,,ok
CategorizedSortedInventory-2203-1-0-0-1775489193.zip,c_maps-ui-hud,archive,44096,e7f0e58e59c61e2dd4f70ad98dc0fb74cfde800d3e0e8a59e5048024ed0f47ad,2203,file name,Categorized Sorted Inventory,Maps / UI / HUD,P3,,published,"4 tabs opened, third batch",2026-04-06,yes,,,ok
A Real Sorted Inventory 2204 1.3.3.1 2026-06-26T10-36Z M04BeYC8a.zip,c_maps-ui-hud,archive,259833,821e21018c7131f8616da7438a397a728ebb62a281957ee299919e870f2c6372,2204,file name,A Real Sorted Inventory (ARSI),Maps / UI / HUD,P3,,published,"4 tabs opened, third batch",2026-06-26,yes,,,ok
Rivers of Blood KCD I HD v2.0-2206-1-0-1775912726.rar,c_world-weather-visuals,archive,6449892,e6a1e173d8e110e4fa799db028f9961e7e8d887ee69ff72c3bb2b3323919b700,2206,file name,Rivers of Blood KCD I HD v2.0,World / weather / visuals,P3,,published,"4 tabs opened, third batch",2026-04-11,yes,,,ok
Findable Herbs HD-2207-1-0-1776182143.7z,c_alchemy-food-survival,archive,10521357,5b5f8d6e3af4a567fcaabce6da84d4b81bd715805ce9555c2d20366b0ad1b470,2207,file name,Findable Herbs HD,Alchemy / food / survival,P2,krs_items krs_qol,published,"1 tabs opened, first 100",2026-04-14,yes,,,ok
patch True Hardcore Medieval Poisons-2208-1-1-1778440401.zip,c_combat-ai,archive,24762,dc2b2c9ff6573c50916fd4e0081a7e6415c74012a8e4ec10609c07be49754525,2208,file name,Medieval Poisons - True Hardcore Compatibility Patch (PTF),Combat / AI,P2,krs_items krs_perks,published,"1 tabs opened, first 100",2026-05-10,yes,,,ok
patch True Hardcore Poisonous Enemies-2209-1-0-1776249027.zip,c_combat-ai,archive,9475,40cc00209b5af47798b473b5586a75b177a3786bf2e8b6b80dbfc728a78612f4,2209,file name,Poisonous Enemies - True Hardcore Compatibility Patch (PTF),Combat / AI,P2,krs_items krs_perks,published,"1 tabs opened, first 100",2026-04-15,yes,,,ok
True Hardcore Alchemy-2210-1-2-1778440238.zip,c_combat-ai,archive,30346,6c8b8e7857ae9fa284858e84907e8935696ceb4fe8450825e5caf0faa69b9ab9,2210,file name,True Hardcore Alchemy (PTF),Combat / AI,P2,krs_items krs_perks,published,"1 tabs opened, first 100",2026-05-10,yes,,,ok
Plugins-2216-3-4-2-1778799500.7z,c_tools-reference,archive,4002,edc66055407ae54308dec09d31f629c55ca040374cc1edb0bdbb2c3fd141c4b5,2216,file name,KCD Mod Organizer Plugin (Steam - GOG - Epic),Tools / reference,P3,,published,"4 tabs opened, third batch",2026-05-14,yes,,,ok
True Hardcore Crime-2219-1-1-1779142069.zip,c_crime-stealth-loot,archive,36986,b0352d4baf1a1d0866f93b718310ec70ca19ca339291b66b65041fb65de1cbaa,2219,file name,True Hardcore Crime (PTF),Crime / stealth / loot,P2,krs_perks,published,"1 tabs opened, first 100",2026-05-18,yes,,,ok
StopLookingUpOnHorseback-2223-2-1778010739.7z,c_horses,archive,285,96c2bbd59a2a1c49083ec718be34078dc7cc2043f66a75a80ff36c7d84f87991,2223,file name,Stop Looking Up On Horseback,Horses,P3,,published,"4 tabs opened, third batch",2026-05-05,yes,,,ok
HorseHandlingKCD-2224-1-1778012631.7z,c_horses,archive,278,ed0170b1ae71ec54aecf04b2dd8c92fa087ed3df388e2cd75f2eec7817b307e6,2224,file name,More Realistic Horse Handling,Horses,P3,,published,"4 tabs opened, third batch",2026-05-05,yes,,,ok
KCSE 2244 3 2026-06-29T13-46Z b37E8uyAU.zip,c_tools-reference,archive,8183571,5bc35504d1d2904043acd18688355df28ec1da8a5b5d2a3b90599860f75d7b4f,2244,file name,Kingdom Come Script Extender,Tools / reference,P3,,published,not asked for,2026-06-29,yes,,,"downloaded, but not in any batch asked for"
Console Editable RpgParams 2246 3 2026-06-29T13-59Z gZWc5POkF.zip,c_progression-xp-perks,archive,3183962,f15edddfc4cac97a967299090650024e953f705f641a31bed6e69918bdbcf555,2246,file name,Console Editable RpgParams,Progression / XP / perks,P2,krs_perks,published,"2 tabs opened, next 100",2026-06-29,yes,,,ok
FastTravelTweaks 2255 3 2026-06-29T13-59Z EfL7D0slv.zip,c_maps-ui-hud,archive,3211989,64f4c42b4861f4a91bfeae0b46670cf8530d56f203fee2152b17d3d7baa744b9,2255,file name,Fast Travel Tweaks,Maps / UI / HUD,P3,,published,"4 tabs opened, third batch",2026-06-29,yes,,,ok
Proper Third Person View (TPV Camera) 2261 1.0.1 2026-06-30T19-31Z pA6IjrMhB.zip,c_maps-ui-hud,archive,812208,e89568b8b48d731e3df824bf2959912abd1bcf1f1186022f9aa0b492963973e6,2261,file name,Proper Third Person View (TPV Camera),Maps / UI / HUD,P3,,published,"4 tabs opened, third batch",2026-06-30,yes,,,ok
HorseControlTweaks 2270 2 2026-06-29T14-02Z OrmK3LNnM.zip,c_horses,archive,3259297,f10f4977538a3e19b18c1108771919af910e9108d8b5c9fbcf789a423aeb2ce0,2270,file name,Horse Control Tweaks,Horses,P3,,published,"4 tabs opened, third batch",2026-06-29,yes,,,ok
NoHorseMane Basic 2271 1.0.1 2026-07-13T20-32Z NYwqvZpIg.zip,c_horses,archive,21081,faadcaf69dcd948828b79dd95cd78ae22fd724b35b4e3adb327303f8f0a6b814,2271,file name,No Horse Manes,Horses,P3,,published,"4 tabs opened, third batch",2026-07-13,yes,,,ok
1.9.8 Steam Epic GOG 2273 1 2026-06-29T13-38Z U5RChtbYi.zip,c_tools-reference,archive,7767030,4b862110087e61fd7eea0313e4222f6909774fac4bacb448378a8537639db123,2273,file name,Address Library For KCSE,Tools / reference,P3,,published,not asked for,2026-06-29,yes,,,"downloaded, but not in any batch asked for"
Instant Herb Picking Merged 4x version 2276 1 2026-07-01T21-38Z 9pAt2OHcY.zip,c_alchemy-food-survival,archive,210960,66f635a01803926fb8f0ac62afff1d4a62d07a86e738ca0d76f0ac495924f702,2276,file name,Instant Herb and faster Alchemy Merger,Alchemy / food / survival,P2,krs_items krs_qol,published,"2 tabs opened, next 100",2026-07-01,yes,,,ok
ToggleHud 2277 1.1.1 2026-07-05T16-42Z sgZiUxTFA.zip,c_tools-reference,archive,4919915,ee1cd466b6569e193f0afbcec32ab5552a71d2cf74c44f372c0bc04e1e62e5f6,2277,file name,Toggle Hud - KCSE,Tools / reference,P3,,published,"4 tabs opened, third batch",2026-07-05,yes,,,ok
ImmersiveEconomyFIXED 2279 1.0.2 2026-07-17T19-29Z 6b3zKD4k2.zip,c_economy-merchants,archive,48548,3f31ff081fca3b06f23014e20d79f141e5b1280cf05eeaaee3439c31716ef1d2,2279,file name,Immersive Economy FIXED,Economy / merchants,P3,,published,"4 tabs opened, third batch",2026-07-17,yes,,,ok
No Wormwood Artemisia Potion Effect 2280 1 2026-07-05T17-40Z GK8rEaX2G.zip,c_alchemy-food-survival,archive,1741,4be4504585492db1589018caf1ea7505646c759912762928fd3f9c97e1b29957,2280,file name,Remove Artemisia (Wormwood) Potion Visual Effect Overlay,Alchemy / food / survival,P2,krs_items,published,"2 tabs opened, next 100",2026-07-05,yes,,,ok
Lightarmvam 2288 1 2026-07-16T21-14Z ZWdhR2r8c.zip,c_weapons-armor-items,archive,1750,afc043dc292709934a7a06b72f79ba1d060705a5cee867e579b7f60b586bd325,2288,file name,Light Armour Vambraces,Weapons / armor / items,P3,,published,"4 tabs opened, third batch",2026-07-16,yes,,,ok
Bigger Hud KCD1 2.0 Update 2293 2 2026-07-19T03-12Z A6blGm0FF.zip,c_maps-ui-hud,archive,205057,678acb27c0a2cdc4588e22caf16c7414033247a6971fbb4bb522930ed0bfea5d,2293,file name,Bigger Hud (KCD1),Maps / UI / HUD,P3,,published,"4 tabs opened, third batch",2026-07-19,yes,,,ok
FasterCombat FOMOD 2294 1.2.1 2026-07-30T00-33Z U5RChtbhP.zip,c_combat-ai,archive,2414718,a2719ac85087de405e3a5039671a049d3eb2abbb9b9049fbb6a7277bcd7795b7,2294,file name,Faster Combat - Directional Master Strikes - Better Group Fights,Combat / AI,P2,krs_bow (planned) krs_perks,published,"2 tabs opened, next 100",2026-07-30,yes,,,ok
Ultimate Loadingscreen Overhaul 2297 1.1 2026-07-19T21-10Z 2jGTl3Qoz.zip,c_animations-audio,archive,47881204,8c7ab7659d1dec31d16dbbc3c68a83ad95dd7f064f3516cf2ebc93f6864c491b,2297,file name,Ultimate Loadingscreen Artwork Overhaul,Animations / audio,P3,,published,"4 tabs opened, third batch",2026-07-19,yes,,,ok
1403 2299 1.5 2026-08-21T17-11Z ZWdhR2re2.zip,c_progression-xp-perks,archive,1052320,f67157a311de253a9fe1bfcaa0dc2cc184a48fa47d67a6443d763e53f918ea2c,2299,file name,1403 - Historical Rebalance,Progression / XP / perks,P2,krs_perks,published,"2 tabs opened, next 100",2026-08-21,yes,,,ok
Reshield 2313 3 2026-08-01T01-48Z OrmK3LN3q.zip,c_weapons-armor-items,archive,5955,1b35e71d4496063f1a8c57df3b018637ab7e226b83a2046ccb72833495b51031,2313,file name,Reshield From Torch,Weapons / armor / items,P3,,published,"4 tabs opened, third batch",2026-08-01,yes,,,ok
EnemyBar 2317 1 2026-07-31T06-38Z VnT2AzaAK.zip,c_maps-ui-hud,archive,103359,3a9babb041fa0bcf7307063439bacfb1f9bc60a9a84b9713316fad7bf2962ad0,2317,file name,Enemy Health Bar,Maps / UI / HUD,P3,,published,"4 tabs opened, third batch",2026-07-31,yes,,,ok
Visual Combo Helper 1.0.0 2318 1.0.0 2026-07-31T14-42Z uBF0oq5om.zip,c_combat-ai,archive,229825,80c5235f9c0906c9e41bb1f73e18c567bcd90c0e81a824c72b7d230284127aa0,2318,file name,Visual Combo Helper,Combat / AI,P2,krs_perks,published,"2 tabs opened, next 100",2026-07-31,yes,,,ok
Zz Alchemy Stash Link 2323 1.0 2026-08-03T20-39Z eXqNkidke.7z,c_alchemy-food-survival,archive,12272,d2c95c60610af3b1468da7d6331981741dc698ca2e4af41bad55d78fee9748a5,2323,file name,Alchemy Stash Link,Alchemy / food / survival,P2,krs_items,published,"2 tabs opened, next 100",2026-08-03,yes,,,ok
Permadeath 0.91 2326 0.91 2026-08-09T14-26Z aSoQ0kcTE.zip,c_progression-xp-perks,archive,197291,69d9a4d891faf7758733c5a1bb5fb301981e648d648c0472fefe1a499754f30d,2326,file name,Permanent Death,Progression / XP / perks,P2,krs_perks,published,"2 tabs opened, next 100",2026-08-09,yes,,,ok
Wayfinder 1.0.2 (Compatibility Patched) 2330 2 2026-09-10T02-01Z 6b3zKD4Qh.zip,c_maps-ui-hud,archive,338465,5ea9a1d21547aa2f49b77606f1ba1f1480dc5b0ef6f081ada773767b4466a3d5,2330,file name,Compass and Map Upgrades - Wayfinder,Maps / UI / HUD,P3,,published,"4 tabs opened, third batch",2026-09-10,yes,,,ok
Bushes Collision Remover Redux 2331 1 2026-08-12T06-14Z 4yvkqUP3B.zip,c_world-weather-visuals,archive,1747669,ba838683b48ccc355aff499dd9b5836eb40350cf787e94066c7067d9fc9a3a77,2331,file name,Bushes Collision Remover Redux,World / weather / visuals,P2,,published,"2 tabs opened, next 100",2026-08-12,yes,,,ok
Baptism Of Fire Fix Redux 2332 1.0.0 2026-08-12T09-22Z q1JwghIHz.zip,c_quests-lore-content,archive,37088,80f682d8259fff9dac1c089007ff5a743ae143e53fd4120fdfcef9e1eba2a4a7,2332,file name,Baptism of Fire Fix Redux,Quests / lore / content,P2,,published,"2 tabs opened, next 100",2026-08-12,yes,,,ok
Homecoming Runt Fight Redux 2333 1.0.0 2026-08-12T10-25Z JCx5Wpz09.zip,c_quests-lore-content,archive,28118,cdabd6858112dc0330b4432c00b83bac08c4a4b12ab3d707a57071168cae897b,2333,file name,Homecoming - Runt Fight Redux,Quests / lore / content,P3,,published,"4 tabs opened, third batch",2026-08-12,yes,,,ok
HorseCollisionMod 2338 6.0.0 2026-09-30T04-12Z vicgJRjyv.zip,c_horses,archive,196648,9df412cd648940fa0bc199d21faf9b604479c17c6fee2572c4dcf4ff7c3cc71f,2338,file name,Horse Collision Mod,Horses,P2,krs_perks,published,"2 tabs opened, next 100",2026-09-30,yes,,,ok
MatthusTweaksKCD All In One V1.5 2340 1.5 2026-09-01T23-59Z mDuHaewyB.zip,c_progression-xp-perks,archive,87794,5ad45e528b9a52d5cadfb1ebc27a4da5e3459c2670f22eaeafc4d6a405743081,2340,file name,MatthusTweaks - Equipment and Progression Overhaul (PTF),Progression / XP / perks,P2,krs_perks,published,"2 tabs opened, next 100",2026-09-01,yes,,,ok
MatthusTweaksKCD Layered Damage Fix V1.0 2340 1 2026-09-02T00-01Z M04BeYCgC.zip,c_progression-xp-perks,archive,2294,c8474f078eb36b0adb2dad75c44a48a623f7101c7496be99d1d5f4c586d4186d,2340,file name,MatthusTweaks - Equipment and Progression Overhaul (PTF),Progression / XP / perks,P2,krs_perks,published,"2 tabs opened, next 100",2026-09-02,yes,,,ok
MatthusTweaksKCD Sabres V1.0 2340 1 2026-08-31T00-37Z 5RVx9I3GV.zip,c_progression-xp-perks,archive,2245,ea03c22fc994385e65ca4175f70c0a705900753a96ae52d51877fba53032fc1e,2340,file name,MatthusTweaks - Equipment and Progression Overhaul (PTF),Progression / XP / perks,P2,krs_perks,published,"2 tabs opened, next 100",2026-08-31,yes,,,ok
Ultimate Horse Caparison Fix V1.0 2343 1.0 2026-08-24T20-12Z yvis1527X.zip,c_horses,archive,624426,4cbc40df7be8730ace51f64323b9fdd862ee9feef4d1950f3fe1e0ec78d22353,2343,file name,Ultimate Horse Caparison Fix,Horses,P2,,published,"2 tabs opened, next 100",2026-08-24,yes,,,ok
Food And Drinks Rebalance 2345 1 2026-08-30T23-35Z RVnPpl7KV.rar,c_alchemy-food-survival,archive,8645,546f12451ade0cc90e6db7858d9bc58c8ca5ff1cd226dfbb71a2280ee3749722,2345,file name,Food and Drinks rebalance,Alchemy / food / survival,P2,krs_items,published,"2 tabs opened, next 100",2026-08-30,yes,,,ok
KcdZeroDurabilityRepair Release 2348 1 2026-09-03T11-13Z 8HMDLo1kO.zip,c_weapons-armor-items,archive,15712,89ded47fc9c5e9001247e3d47f598e259718f2db0dc4469a7cb69433c7cecdd1,2348,file name,KCD Zero Durability Repair,Weapons / armor / items,P2,krs_qol,published,"2 tabs opened, next 100",2026-09-03,yes,,,ok
MapCursorContrast Bold 2.1.0 2349 2.1.0 2026-09-05T04-03Z QeXoFvWUO.zip,c_maps-ui-hud,archive,5729,827dcc965b6e4adf4a06fae85bb09fdd32a2912759a40b2569f7480701f63e73,2349,file name,KCD1 Map Cursor Contrast - Visible Ring and X,Maps / UI / HUD,P3,,published,"4 tabs opened, third batch",2026-09-05,yes,,,ok
Keyboard Controls - Global 2351 1 2026-09-06T01-30Z 4yvkqUPWj.zip,c_maps-ui-hud,archive,1292,86fcd2902cedbbd9a3e8178a514797bf92948fa51c3852d3367827e80ffc89c7,2351,file name,Keyboard Controls,Maps / UI / HUD,P3,,published,"4 tabs opened, third batch",2026-09-06,yes,,,ok
KcdCombatTune 2359 3 2026-09-12T07-45Z FksyYJVBR.zip,c_combat-ai,archive,248666,48a14f05f68de95f84b0f873ed82fbedba608cd0103914b135114a5060a1cc2d,2359,file name,KCD Kombat Tune,Combat / AI,P2,krs_perks,published,"2 tabs opened, next 100",2026-09-12,yes,,,ok
Better Perk Descriptions 2362 1.0 2026-09-13T23-47Z pA6IjrM9q.zip,c_progression-xp-perks,archive,43542,1df5f9c302cf96db6e680cbb36afcb53482030c7d2c11b845f7be47fd50df0ed,2362,file name,Better Perk Descriptions,Progression / XP / perks,P2,krs_perks,published,"2 tabs opened, next 100",2026-09-13,yes,,,ok
Kcdt 2365 1 2026-09-16T13-46Z 8HMDLo1KJ (1).zip,c_unclassified,archive,152245,f937845246b8f342e0b560a2939aa149cdf41cbbe944ac160eff80d29f17e04c,2365,file name,KCDT,(unclassified),P3,,published,"4 tabs opened, third batch",2026-09-16,yes,yes,Kcdt 2365 1 2026-09-16T13-46Z 8HMDLo1KJ.zip,ok
Kcdt 2365 1 2026-09-16T13-46Z 8HMDLo1KJ.zip,c_unclassified,archive,152245,f937845246b8f342e0b560a2939aa149cdf41cbbe944ac160eff80d29f17e04c,2365,file name,KCDT,(unclassified),P3,,published,"4 tabs opened, third batch",2026-09-16,yes,,Kcdt 2365 1 2026-09-16T13-46Z 8HMDLo1KJ (1).zip,ok
FasterBookFlipping 2366 1 2026-09-17T08-10Z aSoQ0kc7B.zip,c_maps-ui-hud,archive,79431,1672a366972fd4a50373b1170b0071311a9eb3e9e3c949e8342dd4ee50a4f18c,2366,file name,Faster Book Flipping,Maps / UI / HUD,P3,,published,"4 tabs opened, third batch",2026-09-17,yes,,,ok
Pray Animation KCD1 2367 1 2026-09-18T23-43Z 8HMDLo1Kr.zip,c_quests-lore-content,archive,416,ca954d06e6b04b691db77460bc4b4162dd11ba258f1a0da78c7c44cf5c38de05,2367,file name,Pray Animation KCD1,Quests / lore / content,P3,,published,"4 tabs opened, third batch",2026-09-18,yes,,,ok
Rattay Tournament 15 Days Cycle 2369 1.0 2026-09-19T12-07Z ZWdhR2rgE.zip,c_crime-stealth-loot,archive,227549,cf64fd3f3ef2fc77c6d45735fe5bc7f9d1613da2398ba937301b963d9b2ae4aa,2369,file name,Fewer Tournaments,Crime / stealth / loot,P3,,published,"4 tabs opened, third batch",2026-09-19,yes,,,ok
Trough Washing Animation 2372 1.0 2026-09-26T11-00Z U5RChtbw2.zip,c_alchemy-food-survival,archive,5702329,a95b3e43abf9e94abf1905de5f4dee1d18844bb2d51c2b072a7789cacb437507,2372,file name,Trough Washing Animation,Alchemy / food / survival,P2,krs_items,published,"2 tabs opened, next 100",2026-09-26,yes,,,ok
NestOfVipersStealth 2381 1 2026-10-01T03-43Z 2jGTl3QNE.zip,c_crime-stealth-loot,archive,47809,5c2891720288864946f9d102aacd220615e81547b36240a53647a207c6e61b59,2381,file name,Nest of Vipers Stealth,Crime / stealth / loot,P2,krs_bow (planned) krs_items krs_perks,published,"2 tabs opened, next 100",2026-10-01,yes,,,ok
KCD In-game Maps 2384 1.0.0 2026-10-02T17-16Z LQeSByZ98.zip,c_maps-ui-hud,archive,74257759,4b6fc9ef389e3b755b92ab47c47631bdbe71abdd355ef76e3d8472c65c22b323,2384,file name,KCD HI-Res Maps,Maps / UI / HUD,P3,,published,"4 tabs opened, third batch",2026-10-02,yes,,,ok
Exact money display,_unmatched,folder (already extracted),,,,,,,,,,,,,,,no mod id: look at it by hand
Food Spoil faster,_unmatched,folder (already extracted),,,,,,,,,,,,,,,no mod id: look at it by hand
Não confirmado 711221.crdownload,_incomplete,incomplete download,63176704,,,,,,,,,,,,,,incomplete: download again
