id,mod,batch,priority,category,krs_modules,in_shortlist,nexus_status,note,url
129,Equal Horse Caparisons,"2 tabs opened, next 100",P3,Horses,,,published,,https://www.nexusmods.com/kingdomcomedeliverance/mods/129?tab=files
994,Depth ReShade,"5 tabs opened, list given by the author",P4,Reshade / ENB / visual preset,,,published,,https://www.nexusmods.com/kingdomcomedeliverance/mods/994?tab=files
1046,Rudy ENB for KCD,"5 tabs opened, list given by the author",P4,Reshade / ENB / visual preset,,,published,,https://www.nexusmods.com/kingdomcomedeliverance/mods/1046?tab=files
1074,Realism Enlighted ReShade - lore-friendly realistic Visual Enhancing and Sharpening - big quality boost on lower resolutions,"5 tabs opened, list given by the author",P4,Reshade / ENB / visual preset,,,published,,https://www.nexusmods.com/kingdomcomedeliverance/mods/1074?tab=files
1080,ReformationFX Reshade,"5 tabs opened, list given by the author",P4,Reshade / ENB / visual preset,,,published,,https://www.nexusmods.com/kingdomcomedeliverance/mods/1080?tab=files
1196,Better graphics reshade,"5 tabs opened, list given by the author",P4,Reshade / ENB / visual preset,,,published,,https://www.nexusmods.com/kingdomcomedeliverance/mods/1196?tab=files
1227,30 FPS Cutscene Fix V3,"5 tabs opened, list given by the author",P4,Graphics config (cfg),,,published,in the Vortex download folder,https://www.nexusmods.com/kingdomcomedeliverance/mods/1227?tab=files
1256,Horus 2.0 KCD Reshade Preset,"5 tabs opened, list given by the author",P4,Reshade / ENB / visual preset,,,published,,https://www.nexusmods.com/kingdomcomedeliverance/mods/1256?tab=files
1258,vShade for GShade Realistic Graphic Preset,"5 tabs opened, list given by the author",P4,Reshade / ENB / visual preset,,,published,,https://www.nexusmods.com/kingdomcomedeliverance/mods/1258?tab=files
1283,KINGDOM CINEMATIC ReShade,"5 tabs opened, list given by the author",P4,Reshade / ENB / visual preset,,,published,,https://www.nexusmods.com/kingdomcomedeliverance/mods/1283?tab=files
1291,Eye Candy Reshade,"5 tabs opened, list given by the author",P4,Reshade / ENB / visual preset,,,published,,https://www.nexusmods.com/kingdomcomedeliverance/mods/1291?tab=files
1296,Kingdom Come Enhanced Edition 2.0 - DELETED,"5 tabs opened, list given by the author",P4,Quests / lore / content,,,removed,,https://www.nexusmods.com/kingdomcomedeliverance/mods/1296?tab=files
1314,Ultimate Ray Tracing KCD Reshade Preset,"5 tabs opened, list given by the author",P4,Reshade / ENB / visual preset,,,published,,https://www.nexusmods.com/kingdomcomedeliverance/mods/1314?tab=files
1342,Adjusted Ultra Graphics Config,"5 tabs opened, list given by the author",P4,Graphics config (cfg),,,published,,https://www.nexusmods.com/kingdomcomedeliverance/mods/1342?tab=files
1349,Natural Reshade,"5 tabs opened, list given by the author",P4,Reshade / ENB / visual preset,,,published,,https://www.nexusmods.com/kingdomcomedeliverance/mods/1349?tab=files
1367,Apostalus User Configs,"5 tabs opened, list given by the author",P4,Graphics config (cfg),,,published,,https://www.nexusmods.com/kingdomcomedeliverance/mods/1367?tab=files
1394,KDC ReShader,"5 tabs opened, list given by the author",P4,Reshade / ENB / visual preset,,,published,,https://www.nexusmods.com/kingdomcomedeliverance/mods/1394?tab=files
1403,Ultra Reshade for Low Settings,"5 tabs opened, list given by the author",P4,Reshade / ENB / visual preset,,,published,,https://www.nexusmods.com/kingdomcomedeliverance/mods/1403?tab=files
1414,Real Life Kingdom Come Experience Reshade,"5 tabs opened, list given by the author",P4,Reshade / ENB / visual preset,,,published,,https://www.nexusmods.com/kingdomcomedeliverance/mods/1414?tab=files
1428,Reshade DOF With UI Mask,"5 tabs opened, list given by the author",P4,Reshade / ENB / visual preset,,,published,,https://www.nexusmods.com/kingdomcomedeliverance/mods/1428?tab=files
1511,JSCR - Just simple custom Reshade,"5 tabs opened, list given by the author",P4,Reshade / ENB / visual preset,,,published,,https://www.nexusmods.com/kingdomcomedeliverance/mods/1511?tab=files
1526,Force High Quality Trees in the distance,"5 tabs opened, list given by the author",P4,Graphics config (cfg),,,published,,https://www.nexusmods.com/kingdomcomedeliverance/mods/1526?tab=files
1527,Infinite Draw Distance,"5 tabs opened, list given by the author",P4,Graphics config (cfg),,,published,,https://www.nexusmods.com/kingdomcomedeliverance/mods/1527?tab=files
1528,Enchanced Shadows and Shadow Cascades,"5 tabs opened, list given by the author",P4,Graphics config (cfg),,,published,,https://www.nexusmods.com/kingdomcomedeliverance/mods/1528?tab=files
1538,Batch's Ultra Graphics Settings,"5 tabs opened, list given by the author",P4,Graphics config (cfg),,,published,,https://www.nexusmods.com/kingdomcomedeliverance/mods/1538?tab=files
1544,Summertime Reshade for Kindom Come,"5 tabs opened, list given by the author",P4,Reshade / ENB / visual preset,,,published,,https://www.nexusmods.com/kingdomcomedeliverance/mods/1544?tab=files
1552,See NPCs and Animals Farther (Increased NPC render distance),"5 tabs opened, list given by the author",P4,Graphics config (cfg),,,published,,https://www.nexusmods.com/kingdomcomedeliverance/mods/1552?tab=files
1561,Karnages_KCD_user.cfg 2.0,"5 tabs opened, list given by the author",P4,Graphics config (cfg),,,published,,https://www.nexusmods.com/kingdomcomedeliverance/mods/1561?tab=files
1589,Realistic Colour Correction Kingdom Come Deliverance,"5 tabs opened, list given by the author",P4,Reshade / ENB / visual preset,,,published,,https://www.nexusmods.com/kingdomcomedeliverance/mods/1589?tab=files
1603,Sharper graphic reshade for Kingdom Come Deliverance,"5 tabs opened, list given by the author",P4,Reshade / ENB / visual preset,,,published,,https://www.nexusmods.com/kingdomcomedeliverance/mods/1603?tab=files
1646,AutoLimitFPS,"5 tabs opened, list given by the author",P4,Graphics config (cfg),,,published,,https://www.nexusmods.com/kingdomcomedeliverance/mods/1646?tab=files
1702,SLEE realistic reshade preset and performance file,"5 tabs opened, list given by the author",P4,Reshade / ENB / visual preset,,,published,,https://www.nexusmods.com/kingdomcomedeliverance/mods/1702?tab=files
1720,Performance Configuration (Mid-High End),"5 tabs opened, list given by the author",P4,Graphics config (cfg),,,published,,https://www.nexusmods.com/kingdomcomedeliverance/mods/1720?tab=files
1800,KCD 2 Reshade,"5 tabs opened, list given by the author",P4,Reshade / ENB / visual preset,,,published,,https://www.nexusmods.com/kingdomcomedeliverance/mods/1800?tab=files
1818,Kingdom Cum Deliverance,"5 tabs opened, list given by the author",P4,Adult / nudity,,,published,,https://www.nexusmods.com/kingdomcomedeliverance/mods/1818?tab=files
1823,RTX 3050 PACK,"5 tabs opened, list given by the author",P4,Graphics config (cfg),,,published,,https://www.nexusmods.com/kingdomcomedeliverance/mods/1823?tab=files
1875,KCD1 Enhanced Visuals - UBER Graphics ReShade,"5 tabs opened, list given by the author",P4,Reshade / ENB / visual preset,,,published,,https://www.nexusmods.com/kingdomcomedeliverance/mods/1875?tab=files
1900,Jiggle Physics,"5 tabs opened, list given by the author",P4,Adult / nudity,,,published,,https://www.nexusmods.com/kingdomcomedeliverance/mods/1900?tab=files
1972,FINAL Beyond SUPER Ultra Graphics and Visuals Configs,"5 tabs opened, list given by the author",P4,Graphics config (cfg),,,published,,https://www.nexusmods.com/kingdomcomedeliverance/mods/1972?tab=files
2031,Mud and Iron Kingdom Come Deliverance Reshade,"5 tabs opened, list given by the author",P4,Reshade / ENB / visual preset,,,published,,https://www.nexusmods.com/kingdomcomedeliverance/mods/2031?tab=files
2106,High FPS FX (KCD1),"5 tabs opened, list given by the author",P4,Graphics config (cfg),,,published,,https://www.nexusmods.com/kingdomcomedeliverance/mods/2106?tab=files
2152,Lighting and Shadow 2.0 - ENB for KCD,"5 tabs opened, list given by the author",P4,Reshade / ENB / visual preset,,,published,,https://www.nexusmods.com/kingdomcomedeliverance/mods/2152?tab=files
2153,Engine Tweaks KCD 2.0 - user.cfg details,"5 tabs opened, list given by the author",P4,Graphics config (cfg),,,published,,https://www.nexusmods.com/kingdomcomedeliverance/mods/2153?tab=files
2175,Enhanced Color Grading,"5 tabs opened, list given by the author",P4,Reshade / ENB / visual preset,,,published,,https://www.nexusmods.com/kingdomcomedeliverance/mods/2175?tab=files
2180,Optimized CryEngine simple tweaks,"5 tabs opened, list given by the author",P4,Graphics config (cfg),,,published,,https://www.nexusmods.com/kingdomcomedeliverance/mods/2180?tab=files
2196,ENHANCED Adult Bounce KCD I,"5 tabs opened, list given by the author",P4,Adult / nudity,,,published,,https://www.nexusmods.com/kingdomcomedeliverance/mods/2196?tab=files
2243,Performance Tweaks and best visuals,"5 tabs opened, list given by the author",P4,Graphics config (cfg),,,published,,https://www.nexusmods.com/kingdomcomedeliverance/mods/2243?tab=files
2353,Ultimate Graphics Adjustment,"5 tabs opened, list given by the author",P4,Graphics config (cfg),,,published,,https://www.nexusmods.com/kingdomcomedeliverance/mods/2353?tab=files
1904,Better Map Icons,"5 tabs opened, list given by the author (reopened)",P3,Maps / UI / HUD,,,published,,https://www.nexusmods.com/kingdomcomedeliverance/mods/1904?tab=files
