id,name,reason,decided
1416,Toxic Green Armor - PTF Standalone,"cosmetic armor (re-skin), not a table mod","2026-10-04 (author: unwanted, seen on the opened pages)"
1386,Hoods UP - PTF Standalone,older Hoods Up variant; the better-meshes version is already in use,"2026-10-04 (author: unwanted, seen on the opened pages)"
1374,Henry Malone,"face texture, cosmetic","2026-10-04 (author: unwanted, seen on the opened pages)"
1281,4K Kingdom Come PNG Map with EVERYTHING,"map image, not a gameplay mod","2026-10-04 (author: unwanted, seen on the opened pages)"
1203,Long Targaryen waffenrock,cosmetic armor,"2026-10-04 (author: unwanted, seen on the opened pages)"
1182,high resolution Kingdome map with all important locations,"map image, not a gameplay mod","2026-10-04 (author: unwanted, seen on the opened pages)"
1089,Overpowered Swords - PTF Edition,weapon-stat mod that overlaps a better version already in use,"2026-10-04 (author: unwanted, seen on the opened pages)"
958,Architect,"build/construction mod: content, not a PTF tweak","2026-10-04 (author: unwanted, seen on the opened pages)"
942,Danish longsword type XVIIIe - Devil's edition,weapon model,"2026-10-04 (author: unwanted, seen on the opened pages)"
915,Early Type Ottoman Turkish Kilij,weapon model,"2026-10-04 (author: unwanted, seen on the opened pages)"
913,Joyeuse,weapon model,"2026-10-04 (author: unwanted, seen on the opened pages)"
905,Duke's Sword,weapon model,"2026-10-04 (author: unwanted, seen on the opened pages)"
891,Hand-and-a-Half Sword,weapon model,"2026-10-04 (author: unwanted, seen on the opened pages)"
864,Official Kingdom Come Deliverance Modding Tools,"modding tools, not a mod","2026-10-04 (author: unwanted, seen on the opened pages)"
827,All Maps From Kingdom Come Deliverance - Ultra High Resolution,"map images, not a gameplay mod","2026-10-04 (author: unwanted, seen on the opened pages)"
795,Midnight Armor Set (v1.9 Compatible),armor model,"2026-10-04 (author: unwanted, seen on the opened pages)"
791,ALL Hoods Up (With Correct Meshes),older Hoods Up variant; the better version is already in use,"2026-10-04 (author: unwanted, seen on the opened pages)"
762,Queen of Sheba's sword,weapon model,"2026-10-04 (author: unwanted, seen on the opened pages)"
708,Viking Set,armor/weapon model set,"2026-10-04 (author: unwanted, seen on the opened pages)"
129,Equal Horse Caparisons,horse caparisons: older upload with better similar versions,"2026-10-04 (author: unwanted, seen on the opened pages)"
