item,item_id,food_type_id,food_subtype_id,decay_game,decay_1483_2x,decay_1483_3x,decay_1483_5x,decay_1639,decay_2011,decay_2345,decay_2179,nutrition_game,nutrition_2011,nutrition_2345,nutrition_2179,refresh_game,refresh_2011,refresh_2345,refresh_2179,health_game,health_2011,health_2345,health_2179,other_2011_changes
Abortion potion,20361656-5917-40e9-be7f-a5e6cc07981d,3,,0,,,,,,,,0,-12,,,0,13,,,0,37,,,
Aesop potion,73ff1fde-ec8b-41e9-95e3-b5938c715bf1,3,,0,,,,,,,,10,-10,2.5,,4,-10,,,0,15,,,
Antidote,8b713d0c-9a04-4354-a53f-ffd384057fa6,3,,0,,,,,,,,5,30,2.5,,4,37,,,0,18,,,alcohol_content=6
Apple,2264f217-590e-4c0f-a4c6-f50c6532b9f6,0,0,120,240,360,600,240,,,,2,8,3,,0,5,0.2,,2,1,,,food_subtype_id=1
Apple cooked,295c54f8-76a3-42fa-8fe1-8f1ecb63576b,0,,48,96,144,240,96,60,,,3,8,3.5,,0,1.5,,,2,1,,,max_status=60
Aqua Vitalis,850d28d9-9d0a-4b2e-9feb-e6c48c5f1aad,3,,0,,,,,,,,5,-10,2.5,,4,25,,-3,0,19,,,
Bacon,154a8471-b753-4f84-ac5f-d989c8532d02,2,2,72,144,216,360,144,100,,,15,11,12,,-0.5,1,-2,,0,2,,,max_status=120
Bard potion,34d9f446-e5a7-4af4-858a-e96473de814f,3,,0,,,,,,,,5,-7,2.5,,4,-7,,,0,7,,,
Beef,81c21fdc-3d62-4d1f-854f-eb364db1bcff,2,6,24,48,72,120,48,0,,,7,5,3,,-8,7,-4,,0,15,,,max_status=50
Beef_cooked,44593169-7482-4293-80bc-01c3144e4fa2,2,,48,96,144,240,96,81,60,,21,14,5,,-4,5,-1,,0,70,,,
Beer,52afd6fa-9377-457c-83a2-b5b39321a4dc,3,,0,,,,,,,,7,-6.66,2,,-2,14,,,0,,,,
Beet,7899825d-ed6f-4f00-b698-649ba652cf6d,6,14,120,240,360,600,240,96,,,2.5,7,,,0.5,4,,,1,,,,
Beet cooked,55537a99-41ba-4497-925c-a543ced248e3,6,,48,96,144,240,96,69,,,4,8,3.5,,0,1.5,,,2,1,,,
Bivoj's rage,2b24a290-ec3c-454c-901e-fea76aa76d74,3,,0,,,,,,,,7,-15,2.5,,10,15,,5,0,40,,-5,
Boar meat,ba4b74ad-f8f1-427e-905b-1bc8c27163e7,2,6,24,48,72,120,48,,,,10,5,2.5,,-7,7,-4,,0,8,,,
Boar meat cooked,db357169-2012-4c12-b82b-d021cd4c8d9f,2,,48,96,144,240,96,81,60,,22,10,5,,-4,4,-1,,0,29,,,
Boletus,4dab452b-7f35-4cd9-942f-f59fd14c83fe,7,14,24,48,72,120,48,38,,,1,4,,,0,5,,,0,2,,,
Boletus cooked,81358847-cc24-4036-aa0f-99f180cd4ecc,7,,48,96,144,240,96,55,60,,2,6,1.5,,0.5,10,0.2,,0,8,,,max_status=24
bowl_mash,b73fc42f-829f-4f3e-8ae5-2b6fc5f4b157,,,48,96,144,240,96,70,,,9,,8,,0,6,-0.5,,0,4,,,food_type_id=0;max_status=80
Bowman's Brew,3157d51d-7461-4fdc-9601-93bd5ed42156,3,,0,,,,,,,,5,-12,2.5,,4,25,,-3,0,12,,,
Bread,86e4ff24-88db-4024-abe6-46545fa0fbd1,8,,96,192,288,480,192,60,,,17,5,10,,0,10,-1,,0,4,,,max_status=40
breadroll,ca873759-2d0d-4f2f-ba05-49b6c1872a9e,8,,96,192,288,480,192,60,,,7,4,5,,0,9,-1,,0,5,,,max_status=40
Bun,e1c06864-38e2-4bb8-a5c2-dcc52eee1c44,8,,96,192,288,480,192,60,,,8,3,6,,0,8,-1,,0,6,,,max_status=30
cabbage,8d6964b1-b645-4aa1-adcc-db22646f3722,6,14,96,192,288,480,192,,,,16,7,8,,0,4,,,1,,,,
cabbage cooked,5585da96-12c9-478d-a1a2-d5f206d9fe72,6,,48,96,144,240,96,69,,,20,8,11,,-2,1.5,-1,,2,1,,,
camp pot snack,6198800d-2524-4b66-b9ca-b640e2ae99f5,,,48,96,144,240,96,58,,,25,8,12,,0,1,-1,,0,1,,,food_type_id=0
campPotHardcoreMode,4adfbd53-aeed-42a8-b79a-9acad76c6351,2,,24,48,72,120,48,,,,5,,,,-4,,,,0,,,,
carrot,b7ee311c-736b-4f7c-987b-8431ce3b5600,6,14,96,192,288,480,192,110,,,2,7,,,0.5,3,0.2,,1,,0.5,,
carrot cooked,bc26419a-f9d5-40bb-98f0-05b6c527e85a,6,,48,96,144,240,96,69,60,,2.5,8,,,0.5,1.5,0.2,,2,1,,,max_status=30
charl_horndust,4f4b113c-0d1c-4f37-b846-77869d810ab5,,,0,,,,,,,,0,100,,,0,420,,,0,420,,,
charl_wine,ca5a0aa3-e373-48ec-96e4-1c3b9907bac3,3,3,0,,,,,,,,16,-8,2,,6,36,,,5,8,,,
Cheese quarter,b2f8f5e3-8e5e-4600-a4bb-be17e2d4a058,9,15,120,240,360,600,240,,,,10,7,8,,-3,1.5,,,0,1,,,food_subtype_id=1
ChickenHeart,de574125-0ff9-4d98-a1d9-74a7cf1f019c,5,6,24,48,72,120,48,,,,10,7,3,,-2,10,-0.2,,0,12.5,,,max_status=28
ChickenHeart cooked,0a78fe34-737c-4346-9762-6b3036fbc9c6,5,,24,48,72,120,48,,,,6,5,2,,-4,4,-1,,0,20,,,max_status=70
chickenThigh,76fd4ad3-84e2-444c-9822-b67c4adbc349,2,,48,96,144,240,96,81,60,,14,9,10,,-2,3,-1.5,,0,17,,,
coffee,ddb0fc96-be22-42d8-ba8c-ff00b68c0481,3,,0,,,,,,,,1,3,,,10,42,,,0,6,,,
cow_tongue,5ff91d0f-e525-4b37-9256-d8fea8be1c8d,5,6,24,48,72,120,48,48,,,10,5,7,,-9,8,-7,,0,8,,,max_status=40
cow_tongue cooked,5c0981cd-1c99-4690-8e54-29dbfc315c1d,5,,48,96,144,240,96,54,,,22,15,14,,-6,30,-4,,0,30,,,max_status=85
craclings,265f4d46-a993-464f-8f84-919569aa6818,2,,72,144,216,360,144,90,,,13,9,10,,-1,2,-1.5,,0,2,,,
cream,0b4e244a-e3de-4502-afd0-fb7fe309629a,9,,48,96,144,240,96,,,,16,11,8,,0,8,,,0,8,,,max_status=27
crystal meth,22eb16a0-1175-4e2e-a951-33d362e288fb,0,,0,,,,,,,,0,-30,,,250,333,,,0,-20,,,max_status=200
Dandelion syrup,36d4b46d-75cb-4e58-a430-b1a0aa283088,3,,0,,,,,,,,0,5,,,0,25,,,0,10,,,
dandelion_syrup,1ae018d8-f41b-482c-a679-d529f33ca335,3,,0,,,,,,,,0,2,,,0,7,,,0,6,,,
Dead Chicken,18ff9093-2cc4-4ab3-9f34-7cb0dd7cd30a,2,6,24,48,72,120,2400,0,,,8,5,10,,-6,7,-12,,0,4,-10,,max_status=60
Dead Chicken cooked,4eed0a2b-1233-40b4-88f5-7f67de916b58,2,,48,96,144,240,96,,60,,16,,25,,-12,,,,0,,,,
Deadly potion,6d08f32a-997e-44f1-b6b6-9caf2ade9cf3,3,5,0,,,,,,,,0,-30,,,0,-33,,,0,-66,,,
Deer meat,a0a6a756-e204-4943-b215-543471b5cc39,2,6,24,48,72,120,48,,,,8,5,4,,-6,7,-5,,0,7,,,
Deer meat cooked,43e66d17-75e5-4832-a511-48c77b8d4cb3,2,,48,96,144,240,96,81,,,17,12,8,,-3,5,-1.5,,0,62,,,
deer_kidney,7c97d412-d1db-4d42-a85a-27f381f4a9e9,5,6,24,48,72,120,48,,,,7,5,6,,-6,5,,,0,7,,,
deer_kidney cooked,bd6a9ffc-68b6-4222-b7fd-7bd72634b712,5,,48,96,144,240,96,54,,,15,16,10,,-2,19,-1.5,,0,20,,,max_status=80
deer_liver,e86b8924-37b9-479d-9249-b082b019d435,5,6,24,48,72,120,48,,,,8,5,7,,-6,8,,,0,6,,,
deer_liver cooked,be9bd6b7-b2c1-432a-90a7-4a13c58c0936,5,,48,96,144,240,96,54,60,,11,12,14,,-2,22,-4,,0,11,,,max_status=90
Dementia potion,1322a0ca-1be1-449a-b1fa-cd7079a9ba90,3,,0,,,,,,,,0,-20,,,0,-7,,,0,3,,,
Diarrhoea potion,0340b85d-71b0-4314-a6c9-8856d884bc92,3,,0,,,,,,,,0,-15,,,0,36,,,0,-15,,,
Digestive potion,eca88106-4bab-4419-8772-4450739c193c,3,,0,,,,,,,,-20,,-25,,4,-10,,,0,40,,,
doe meat,0fc6cac7-29e6-4753-8873-0bcbbeba5548,2,6,24,48,72,120,48,72,,,6,12,2.5,,-6,,-2,,0,14,,,max_status=40
doe meat cooked,bc7771bc-5ef2-4177-8c8e-3b0e989175a4,2,,48,96,144,240,96,81,60,,16,11,2.5,,-3,3,-0.5,,0,25,,,
doe_kidney,fe68ee1c-579a-4414-a794-da184ea494cd,5,6,24,48,72,120,48,,,,8,6,5,,-6,6,-5,,0,6,,,
doe_kidney_cooked,fdd2036c-15a6-462e-9a0e-acbe20288bcc,5,,48,96,144,240,96,54,,,11,13,10,,-2,20,-3,,0,30,,,max_status=90
dog_lard,0686c001-d42b-467c-b3de-f87beb915c68,5,6,120,240,360,600,240,0,,,14,-4,,,-4,-2,-6,,0,2,,,food_subtype_id=;food_type_id=3
dog_meat,ff25cae9-7182-4d55-bbb0-0706404e5b69,2,6,24,48,72,120,48,,,,5,,2,,-6,7,-3,,0,5,,,
dog_meat cooked,d7248e1e-64dd-4d38-8049-826eb2fb39d0,2,,48,96,144,240,96,81,60,,14,9,2.5,,-2,4,,,0,33,,,
Dollmaker potion,5c17d1d9-70ec-49d9-9b05-ae23247c045f,3,5,0,,,,,,,,7,-15,0,,4,-17,,,0,-10,,,
Dried Apple,02d9c556-6c40-4e5e-abab-48b2acc7287a,,,0,,,,,,,,2,10,,,-4,4,,,0,2,,,max_status=70
Dried Beef,b1de7a91-1644-4ad6-b186-a5b40764be7f,2,,0,,,,,,,,5,,4,,-1,,,,0,,,,
Dried Boar meat,ff44440b-aeeb-409a-9830-4f29d7feabbf,2,,0,,,,,,,,10,12,4.5,,-1,10,,,1,17,,,max_status=66
Dried Boletus,ef881d5c-0490-402c-b39f-79daa80c0471,,,0,,,,,,,,2,,1.5,,-4,,0,,0,,,,
Dried Cheese quarter,9e06cfd7-6412-446c-99dc-e27c6bcef003,,,0,,,,,,,,5,10,6,,-2,4,-3,,0,2,,,max_status=70
Dried Dead Chicken,1d8ffd19-af12-4bd7-8afd-43b9b0348ade,2,,0,,,,,,,,4,,18,,-2,,-7,,0,,,,
Dried Deer meat,2a10687c-b9ed-430c-bf7d-644ece4fc1e5,2,,0,,,,,,,,9,10,7,,-3,7,-2,,0,,,,max_status=66
Dried doe meat,f07b7801-a1ce-4263-908f-809fe1ad21ca,2,,0,,,,,,,,7,12,2.5,,-1,10,-0.5,,0,13,,,max_status=66
Dried dog_meat,07029524-8385-4926-8fee-035db316d770,2,,0,,,,,,,,2,11,,,-2,7,-1.5,,0,11,,,max_status=66
Dried horse_meat,5690cb19-872c-4b84-a437-d40d96b0ee51,2,,0,,,,,,,,7,13,4,,-6,9,-3,,0,,,,max_status=66
Dried lamb_meat,94f31361-094b-4f8a-ad6c-dbf357c98d74,2,,0,,,,,,,,5,,,,-5,,-4,,0,,,,
Dried Lepiota,f6ede291-0b47-4dab-85bf-c507ad0e90a7,,,0,,,,,70,,,2,7,,,-4,6,0,,0,4,,,max_status=80
Dried Meat piece,03e91be6-691f-4f54-9b1e-a74f86c3bd1d,2,,0,,,,,,,,10,13,,,-1,8,,,0,12,,,max_status=66
Dried pear,f2ee05db-430c-4505-8b39-ce658fb4bb74,,,0,,,,,,,,1,,2,,-2,,0,,0,,,,
Dried pig_meat,ae1bbf2f-6bee-4e7d-82a0-5cd898ab8718,2,,0,,,,,,,,7,,10,,-5,,,,0,,,,
Dried Rabbit meat,2f5a67c7-3298-44a9-bee4-106d42d3ce22,2,,0,,,,,,,,6,9,2,,-4,8,-1,,0,,,,max_status=66
Dried roe deer meat,2140f040-4d49-4403-9137-5e1bf29dbe15,2,,0,,,,,,,,4,,2.5,,0,,-0.5,,0,,,,
Dried Rump,bf7f4128-cf3c-4f70-b18e-aa2979da15ed,2,,0,,,,,,,,8,12,7,,-1,9,,,1,14,,,max_status=66
Dried Salami_01,dc4dde5d-2196-41dd-8c5f-1ae94365fe23,2,,0,,,,,,,,10,6,8,,-3,12,-2,,0,2,,,food_subtype_id=5;max_status=60;smoked_item_id=19644921-6bb7-4342-be8d-dc235362d20b
Dried Salmo_trutta,4802fa80-37b4-4017-9ee2-7b48a83fe065,2,,0,,,,,,,,7,12,6,,-1,10,,,0,2,,,max_status=66
dried_fruit,bc16f9ec-a4c9-4d4e-9f6a-35ffcad7085e,0,,0,,,,,,,,4,9,3,,0,1,,,1,3,,,
dried_mushroom,1afb192c-f3d9-4ac2-a261-623d56d70b7e,0,,0,,,,,,,,2,3,,,0,4,,,0,7,,,max_status=120
droby,3a2d670c-bfc8-441a-aaf6-3a0ffc874b91,5,6,72,144,216,360,144,,,,3,,,,-1,,-2,,0,,,,
droby cooked,ab3ee24b-1e2f-4fe8-a3e8-a059d8391d2f,5,,48,96,144,240,96,54,96,,5,15,,,-1,25,,,0,50,,,max_status=90
duck,c888acac-26ef-4f4a-be33-0b8bd82e7500,2,,48,96,144,240,96,81,60,,26,8,12,,-6,6,-3,,0,17,,,
egg,7ae2e77b-bdae-46cb-b6ac-f532cf225748,9,6,48,96,144,240,96,,,,3,8,,,-1,5,-2,,0,4,,,food_type_id=1
Embrocation,567fc1b1-1424-4784-9da8-5104e2e7354d,3,10,0,,,,,,,,5,-9,2.5,,4,,,-3,0,4,,,
Garlic,5dceabb5-aef0-4bf5-b401-acbc30a44e21,6,14,0,,,,,,,,-0.5,7,-1,,0.5,1.5,,,1,,,,
Garlic cooked,5f02ef0d-0551-44b1-902c-c96a8650d01d,6,,48,96,144,240,96,69,,,0,8,,,0,1.5,,,2,1,,,
Generic potion,006ec8d6-1ce1-4e90-8267-7c349812ddcd,3,,0,,,,,,,,1,-20,,,0,-15,,,0,-15,,,food_subtype_id=5;max_status=100;short_term_nutrition_benefit_ratio=
Griddlecake,b3e363cf-8dde-4733-89a9-c468d5580d2e,8,,96,192,288,480,192,,,,9,7,5,,0.5,2,-1,,0,1,,,
hardboiled_egg,63d98446-f3c8-4407-8949-c246295b1496,9,,48,96,144,240,96,60,60,,5,9,,,-0.5,4,,,0,1,,,
herring,06be2a3d-4e05-4a78-85cd-33879cd669c9,2,,24,48,72,120,48,,,,12,5,3,,0,3,,,0,7,,,
honey,7beb4bdc-6478-455c-8746-afb92c604be8,,,0,,,,,,,,2.5,4,5,,1,10,-3,,0,4,,,
horse_meat,3c78b620-ca94-11e1-9b23-0800200c9a66,2,6,24,48,72,120,48,,,,8,5,2,,-9,7,-5,,0,9,,,
horse_meat cooked,5459ce70-3c48-402f-9f59-98e2594328e8,2,,48,96,144,240,96,81,60,,18,10,4.5,,-6,6,-1,,0,62,,,
Horseradish,8bfec925-7c39-447e-94bc-c4fb96fe12e7,6,14,96,192,288,480,192,,,,2,7,1.5,,0.5,3,,,1,,,,
Horseradish cooked,e19d0a82-e5cc-49b2-b0a2-14b004cb4717,6,,48,96,144,240,96,69,,,4,8,3,,0.5,1.5,,,2,1,,,
Insomnia potion,c40dc516-9886-4245-8a8b-2cbb16da918d,3,,0,,,,,,,,10,-18,2.5,,20,40,,,0,25,,,
jerky,45be379b-df05-4e13-9aa1-aaae649e8366,2,,0,,,,,,,,6,11,5,,0.5,2,-0.5,,0,3,,,
Jug 1,c64b7286-07b8-4bdf-afd0-359171d35249,3,,0,,,,,,,,20,-5,2,,10,16,,,5,8,,,
Kielbasas smoked,29a4f58e-6e00-4f9c-9273-1a76e0eccff0,2,,120,240,360,600,240,,,,27,8,12,,-7,1,-3,,0,3,,,
kraslice_b,17b042bc-2064-441a-9127-4b4ba9c6a878,,,48,96,144,240,96,,,,10,,,,0,,,,5,,,,
kraslice_g,d76e8a7d-afc3-48f7-a0f5-7920e4763497,,,48,96,144,240,96,,,,10,,,,0,,,,5,,,,
kraslice_r,675288ca-b644-4694-9874-90c5ca7e38e0,,,48,96,144,240,96,,,,10,,,,0,,,,5,,,,
lamb_meat,4d1d646c-ce45-434b-96ae-cfa27b86b4b6,2,6,24,48,72,120,48,0,,,7,5,4,,-7,7,-3,,0,8,,,max_status=50
lamb_meat cooked,3c056762-3e14-471a-8f0e-8d57919fb9c4,2,,48,96,144,240,96,81,60,,16,11,8,,-3,7,-1,,0,40,,,
lard,60a0200f-a581-4669-bb10-24ac4a28c071,3,,0,,,,,,,,18,-3,14,,-8,4,-10,,0,3,,,
lentil_soup,3c1c1d0d-66c5-4b40-a501-6fb875c8e3c7,5,,48,96,144,240,96,,,,8,,7.5,,0,1,-0.5,,0,1,,,
Lepiota,c27e73bd-05db-42c5-963e-09c42395160a,7,14,24,48,72,120,48,38,,,2,4,1.5,,0,5,,,0,2,,,
Lepiota cooked,239ea469-3237-48d8-af90-da7cdf4140dc,7,,48,96,144,240,96,55,72,,2,6,1.5,,0,6,,,0,8,,,max_status=24
Long heal potion,8fb1de6d-2985-45ea-ae9c-007540b4f37e,3,4,0,,,,,,,,0,-16,,,0,-10,,,200,,,,
Love potion,2509115d-59c9-44f8-9802-f600eba63fa9,3,,0,,,,,,,,7,-9,2.5,,4,-4,,,0,-6,,,
magic PI - mushroom,e63f4277-25d9-406b-90f4-cb8b79ab6dc3,2,,0,,,,,,,,6,15,,,31,40,,,0,9,,,food_type_id=20
Marigold decoction,b38c34b7-6016-4f64-9ba2-65e1ce31d4a1,3,4,0,,,,,,,,5,-12,2.5,,4,9,,,30,44,,,
Meat piece,24522d1a-942c-4e3f-870d-58861f898985,2,6,24,48,72,120,48,,,,8,5,4,,-9,7,-5,,0,5,,,
Meat piece cooked,b8f8953c-5668-4e6c-9d8c-843d85ec83ee,2,,48,96,144,240,96,81,,,24,11,5,,-4,7,-1,,0,33,,,max_status=60
Mrchojedy Cure,5f6cdfad-2e87-45e4-bd5a-e3b604adc766,3,,0,,,,,,,,5,-25,,,0,75,,,0,75,,,
Mrchojedy Potion,b0763820-556a-4d4c-a858-009aa897fb61,3,,0,,,,,,,,5,,,,4,38,,,0,66,,,
Nighthawk potion,6b955a9b-d8de-492c-a53e-a052fab4ff0a,3,,0,,,,,,,,5,-12,2.5,,4,10,,,0,15,,,
Oblivion potion,e1adda6e-aba9-4de2-a50f-062432fd73df,3,,0,,,,,,,,0,-25,,,0,-33,,,0,-13,,,
OintmentForMarta,c9bfcc38-7ed1-4ed7-a86d-7ef0f7292762,3,,0,,,,,,,,0,-25,,,0,66,,,0,100,,,
Onion,4a6fa310-067a-404d-9813-bd1761d1c70d,6,14,96,192,288,480,192,160,,,2,7,,,0.5,3,,,1,,,,
Onion cooked,4088cfbd-c7cc-46ba-9e68-8db8815932e3,6,,48,96,144,240,96,69,,,2,8,,,0,1.5,,,2,1,1,,
Padfoot potion,ab25a50a-7836-47a9-acb2-5fd93684b8c5,3,,0,,,,,,,,5,-10,2.5,,4,40,,,0,11,,,
pea_soup,501ef3d2-5d16-4f98-90bd-d40f6ff74e30,5,,48,96,144,240,96,,,,7,,,,0,1,,,0,1,,,
pear,2eeb7bf7-f0ac-4c46-9468-97c2f76cb254,0,13,120,240,360,600,240,,,,3,8,,,0,3,0.2,,2,1,,,food_subtype_id=1
pear cooked,f0c9f56f-cd0f-4973-bfb5-3cea3e756bcc,0,,48,96,144,240,96,60,,,3,8,,,0.5,1.5,,,3,1,1.5,,max_status=40
pig_liver,e9170235-1d45-465b-bdec-a5599605e15e,5,6,24,48,72,120,48,,,,6,5,7,,-6,7,,,0,7,,,
pig_liver cooked,4a3dc302-b035-44cc-a49b-9da912c28cc1,5,,48,96,144,240,96,54,60,,18,15,14,,-3,18,-4,,0,42,,,max_status=80
pig_meat,4446bc26-efff-4117-b4f5-19ee9045847d,2,6,24,48,72,120,48,0,,,8,5,6,,-7,7,-5,,0,12,,,max_status=50
pig_meat cooked,373747b8-5225-41ba-b511-56526ff90a30,2,,48,96,144,240,96,81,,,22,10,12,,-3,3,-2,,0,37,,,max_status=60
Pitcher Mead 1,390c0dc8-23fd-42a0-91f2-a4d42f96a387,3,,0,,,,,,,,10,-10,2,,-2,18,,,0,8,,,
Pitcher Milk 1,51555071-7c55-4da1-9b61-ee3c14fde18b,3,,24,48,72,120,48,,,,13,7,8,,0,1.5,,,0,1,,,
Poison,fd6cceee-06d0-4a0b-a0f6-c52d0afd5481,3,5,0,,,,,,,,-10,-14,-20,,-10,,-20,,-50,,,,
porridge,b7ef543a-3421-43d3-b57d-94f382ae6822,,,48,96,144,240,96,,,,10,9,8,,0,2,-1,,0,1,,,food_type_id=5
Preservative,6568088a-98b6-4353-81d1-31bd2662a545,3,9,0,,,,,,,,5,-30,,,4,1,,,0,50,,,
Pretzel,c352d8ae-4021-4f9b-b49c-b1f087f2cd2c,8,,96,192,288,480,192,,,,6,8,5,,0,1,-0.5,,0,2,,,max_status=40
Pribyslavitz Beer,9e782670-3291-4382-a6d3-a843d13e67d9,3,7,0,,,,,,,,10,-4,2,,10,,5,,0,,,,
Rabbit meat,6f1d0e9e-d532-4476-af7a-e24ea01da040,2,6,24,48,72,120,48,,,,5,,1,,-6,7,-3,,0,5,,,
Rabbit meat cooked,d031224d-34c3-4f2b-98f7-d77789a309c2,2,,48,96,144,240,96,81,60,,14,7,2.5,,-3,3,-0.5,,0,19,,,
Radish,907a2cd5-2730-424e-bf11-ef1f2db8f7e1,6,14,96,192,288,480,192,,,,4,,2.5,,0.5,,,,1,,,,
Radish cooked,7ac72484-f37f-458d-857a-74cf4bba672e,6,,48,96,144,240,96,69,60,,6,8,3,,0,1.5,,,2,1,,,
Remedium Savegamium,928463d9-e21a-4f7c-b5d3-8378ed375cd1,3,8,0,,,,,,,,0,-11,,,0,3,,,0,3,,,alcohol_content=0
roe deer meat,1df1ee61-0b44-4efd-bfa4-37efbcd4be42,2,6,24,48,72,120,48,0,,,7,5,2.5,,-2,7,-0.5,,0,4,,,max_status=50
roe deer meat cooked,db66940d-09bc-4450-8df9-8268e52e4ac2,2,,48,96,144,240,96,81,60,,14,10,2.5,,-2,4,-0.5,,0,25,,,
roe_kidney,c6d9387a-30de-469a-a785-3220bf0426ba,5,6,24,48,72,120,48,,,,8,5,5,,-6,12,-5,,0,6,,,
roe_kidney_cooked,68d9f225-030a-43c0-83b3-c4bc57568581,5,,48,96,144,240,96,,,,11,,10,,-2,,,,0,,,,
Rump,eb47297f-4a52-45d4-b98c-057c2db35d33,2,6,24,48,72,120,48,,,,10,5,6,,-8,7,-6,,0,8,,,
Rump_cooked,52446f8a-3073-4006-b181-60c82475a03a,2,,48,96,144,240,96,81,60,,24,11,18,,-5,7,-4,,0,44,,,
Salami_01,319a7fe7-1c5d-42fa-80cd-83126cb6eaff,2,15,120,240,360,600,240,,,,17,15,12,,-5,7,-3,,0,1,,,
Salmo_trutta,f2e16499-8a27-4acc-a4af-f29e00300507,2,6,24,48,72,120,48,,,,5,,6,,0,7,-5,,0,3,,,
Salmo_trutta_cooked,6a324aa9-a566-406c-a3f8-6c416a00b399,2,,48,96,144,240,96,,60,,14,16,12,,-0.5,12,-1.5,,0,27,,,
sheep_kidney,2bac1a01-c77a-4d1b-803d-020c33af4de2,5,6,24,48,72,120,48,,,,3,5,,,-4,5,-5,,0,3,,,max_status=50
sheep_kidney cooked,bc76f2f4-8ba0-458e-8ec6-fc88d4c8202f,5,,48,96,144,240,96,54,60,,7,15,6,,0,22,-1,,0,22,,,max_status=80
Sleeping potion,31148cbb-8592-4b26-a1ae-8a9e07e309e6,3,5,0,,,,,,,,5,-30,2.5,,-100,,,,0,,,,
Smoked Beef,208362ca-1006-4821-8118-227e64143a3e,2,,120,240,360,600,240,220,,,6,10,3.5,,-6,6,-3,,0,19,,,
Smoked Boar meat,470cfa96-9bf4-41ee-9c74-cf2a1176ce45,2,,120,240,360,600,240,220,,,8,12,4.5,,-6,6,-2.5,,0,23,,,
Smoked Cheese quarter,0712d873-29bd-4fdd-8966-79aefb82c829,,,120,240,360,600,240,160,240,,7,10,6,,-3,4,-2.5,,0,2,,,
Smoked Dead Chicken,e1cc4970-df00-4fec-b831-976b753fd73f,2,,120,240,360,600,240,220,,,7,12,12,,-5,5,-4,,0,13,,,
Smoked Deer meat,4c5a74d8-92b1-4c78-bdef-6c19a762e062,2,,120,240,360,600,240,220,,,7,10,,,-5,5,-4,,0,14,,,
Smoked doe meat,0368a199-117e-4079-b182-b042360c7d61,2,,120,240,360,600,240,220,,,5,9,2.5,,-5,5,-2,,0,17,,,
Smoked dog_meat,a3483b1b-bef2-402e-906f-0c2fd4917f49,2,,120,240,360,600,240,220,,,4,11,3,,-6,6,-3,,0,20,,,
Smoked horse_meat,aaad7362-ec12-4e22-885c-075450001468,2,,120,240,360,600,240,220,,,8,9,4,,-8,8,-3.5,,0,22,,,
Smoked lamb_meat,8a0bfe8a-ff7d-4059-bb6f-ae062fb00d9a,2,,120,240,360,600,240,220,,,4,11,,,-6,6,-3,,0,16,,,
Smoked Meat piece,e7598115-b58c-43a8-b2f8-c566dd572873,2,,120,240,360,600,240,220,,,7,10,5,,-7,7,-4,,0,10,,,
Smoked pig_meat,961d80db-9847-4c65-aa1e-3b2366d66068,2,,120,240,360,600,240,,,,7,,8,,-5,,,,0,,,,
Smoked Rabbit meat,025f546b-7465-4070-a57d-e84852adc184,2,,120,240,360,600,240,220,,,8,10,2,,-5,5,-1,,0,14,,,
Smoked roe deer meat,10ee7741-d121-4d3a-b342-d72920d6d90e,2,,120,240,360,600,240,220,,,6,11,2.5,,-2,7,-0.5,,0,22,,,
Smoked Rump,40454568-df13-4648-9535-1e2eab9f63ef,2,,120,240,360,600,240,220,,,8,10,10,,-7,7,-8,,0,19,,,
Smoked Salami_01,19644921-6bb7-4342-be8d-dc235362d20b,2,,120,240,360,600,240,0,,,8,7,10,,-4,13,-3.5,,0,2,,,food_subtype_id=5
Smoked Salmo_trutta,8fdb519f-51a4-4531-a20e-732065dd1ede,2,,120,240,360,600,240,220,,,4,11,6,,-6,6,-5,,0,19,,,
soup_test,28a7c5cd-d80d-4167-ba1b-fcfc520c40b7,2,,0,,,,,,,,0,3,,,0,6,,,0,9,,,max_status=44
Spirits,2529e246-6f1b-4529-8d6b-64245207bae8,3,,0,,,,,,,,20,-20,2,,15,20,,,5,30,,,
Stamina potion,92c829ca-41f6-40a7-b8d9-aac5159c7a89,3,,0,,,,,,,,5,-15,2.5,10,6,48,,3,0,5,,,food_type_id=8
Test Potion: Invincible,27144e47-00aa-468e-a81b-49cb3b248b07,3,,0,,,,,,,,0,-29,,,0,9,,,0,-2,,,
Test Potion: Stamina Frenzy,ee4d5b06-0a7e-4073-969b-b11131e97fef,3,,0,,,,,,,,0,-11,,,0,40,,,0,6,,,
Tideness potion,73b69372-3ccb-4bf4-bd21-94863da2654e,3,,0,,,,,,,,0,60,,,0,-42,,,0,1,,,
Tippler potion,d837e829-d706-4db8-8e3d-e70a16882c96,3,,0,,,,,,,,5,-16,2.5,,4,,,,0,13,,,
water,0cb47176-06c5-42a9-8d70-969e917eb999,3,11,0,,,,,,,,0.5,0.8,0,,0,8.5,2,,1,12,,,
Water of Life,2668d311-8667-4f27-b94b-7f6175678f17,3,4,0,,,,,,,,5,-20,,,4,20,,,100,,,,
Watermelon,1c2da556-488b-4a86-b22a-c42acb299938,0,,72,144,216,360,144,,96,,3,8,8,,0,1.5,1,,3,1,,,short_term_nutrition_benefit_ratio=0
Wine,7c5126cd-b010-4484-8465-22a3d69fa0df,3,3,0,,,,,,,,15,-7,2,,-2,24,,,2,4,,,
Wineskin 02 cheap,38df365c-a4bb-462b-80cc-eb92f16930fa,3,3,0,,,,,,,,10,-6.6,1,,-6,16,,,0,2,,,
Wineskin_03_fancy,dea2883f-6bd9-4f6e-bae8-80322d428652,3,3,0,,,,,,,,18,-8,2,,5,32,,,7,6,,,
Witch potion,3d3f5935-c2e3-4e52-8a16-a6a04ee4a79f,3,5,0,,,,,,,,5,-20,2.5,,8,-20,-10,,0,-40,-10,,
Wormwood spirit,f1309a89-045f-44ae-a4d9-c997b892a162,3,,0,,,,,,,,10,-12,2,,0,15,,-3,4,-5,,,
