id,archive,container,path,bytes,sha256,role,vs_game,game_pak,note
85,Perkaholic 1.05-85-1-05.zip,,Mods/perkaholic/Data/zzz_perkaholic.pak,57500,6a6a970670d810945d8bb4387f7d0902f4e5db3ad023a2d7a9f033fdc31b8b95,container (.pak),container,,
85,Perkaholic 1.05-85-1-05.zip,Mods/perkaholic/Data/zzz_perkaholic.pak,Libs/Localization/localization.xml,681,8272369585354a5a511d7811ffa447c607b000eaf2c0b316d42f5a4e4198b3a0,localization,replaces the game's file,Data/GameData.pak,"0 strings changed, 0 new (compared with the game's English text)"
85,Perkaholic 1.05-85-1-05.zip,Mods/perkaholic/Data/zzz_perkaholic.pak,Libs/Tables/rpg/buff.tbl,0,,other,replaces the game's file,Data/Tables.pak,
85,Perkaholic 1.05-85-1-05.zip,Mods/perkaholic/Data/zzz_perkaholic.pak,Libs/Tables/rpg/buff.xml,215102,fc2060f1c298844c92d966837cda211048afe1f08d1ba533d9285a48bd8d83d3,table patch,replaces the whole game table (no suffix),Data/Tables.pak,"buff: 57 new, 63 changed, 315 identical rows, 61 game rows dropped"
85,Perkaholic 1.05-85-1-05.zip,Mods/perkaholic/Data/zzz_perkaholic.pak,Libs/Tables/rpg/perk.tbl,0,,other,replaces the game's file,Data/Tables.pak,
85,Perkaholic 1.05-85-1-05.zip,Mods/perkaholic/Data/zzz_perkaholic.pak,Libs/Tables/rpg/perk.xml,170418,8ff6aa09770b93879abb4a8896eb065747cde292517392f4bd3d06d016649c03,table patch,replaces the whole game table (no suffix),Data/Tables.pak,"perk: 56 new, 4 changed, 481 identical rows, 66 game rows dropped"
85,Perkaholic 1.05-85-1-05.zip,Mods/perkaholic/Data/zzz_perkaholic.pak,Libs/Tables/rpg/perk2perk_exclusivity.tbl,0,,other,replaces the game's file,Data/Tables.pak,
85,Perkaholic 1.05-85-1-05.zip,Mods/perkaholic/Data/zzz_perkaholic.pak,Libs/Tables/rpg/perk2perk_exclusivity.xml,2748,31461752d29c8bd3a6b29333c7e98615b74bb381410cae389b4d173cdeb1ab4d,table patch,replaces the whole game table (no suffix),Data/Tables.pak,"perk2perk_exclusivity: 3 new, 0 changed, 17 identical rows, 2 game rows dropped"
85,Perkaholic 1.05-85-1-05.zip,Mods/perkaholic/Data/zzz_perkaholic.pak,Libs/Tables/rpg/perk_buff.tbl,0,,other,replaces the game's file,Data/Tables.pak,
85,Perkaholic 1.05-85-1-05.zip,Mods/perkaholic/Data/zzz_perkaholic.pak,Libs/Tables/rpg/perk_buff.xml,18922,77b2b6344556c5ce145d7e3d51cda81e3afe1d39d9f0be60d37f4133f1d56790,table patch,replaces the whole game table (no suffix),Data/Tables.pak,"perk_buff: 55 new, 0 changed, 116 identical rows, 22 game rows dropped"
85,Perkaholic 1.05-85-1-05.zip,Mods/perkaholic/Data/zzz_perkaholic.pak,Libs/Tables/rpg/perk_buff_override.tbl,0,,other,replaces the game's file,Data/Tables.pak,
85,Perkaholic 1.05-85-1-05.zip,Mods/perkaholic/Data/zzz_perkaholic.pak,Libs/Tables/rpg/perk_buff_override.xml,4529,3773cd20632b3eacecb1eb8ecd61515c037f199065d2cc59c9978ff90dffa7e8,table patch,replaces the whole game table (no suffix),Data/Tables.pak,"perk_buff_override: 17 new, 0 changed, 8 identical rows, 3 game rows dropped"
85,Perkaholic 1.05-85-1-05.zip,Mods/perkaholic/Data/zzz_perkaholic.pak,Libs/Tables/rpg/skill.tbl,0,,other,replaces the game's file,Data/Tables.pak,
85,Perkaholic 1.05-85-1-05.zip,Mods/perkaholic/Data/zzz_perkaholic.pak,Libs/Tables/rpg/skill.xml,11781,62980f39dab7184d9a78b1d3aa12a863d3258cedc501730f6bad1d709678a511,table patch,replaces the whole game table (no suffix),Data/Tables.pak,"skill: 0 new, 19 changed, 12 identical rows, 2 game rows dropped"
85,Perkaholic 1.05-85-1-05.zip,,Mods/perkaholic/Localization/english_xml.pak,2546964,fbe395ab0f36cf33f3a2433cf573ece6eb1ce446c8f70f086560c38093ba8541,container (.pak),container,,
85,Perkaholic 1.05-85-1-05.zip,Mods/perkaholic/Localization/english_xml.pak,text_rich_presence.xml,1374,60c46f7ef2e729a28412f417289560937b5157558393f207cd90c2c3b94e1503,localization,identical to the game's file,Localization/Czech_xml.pak,"0 strings changed, 0 new (compared with the game's English text)"
85,Perkaholic 1.05-85-1-05.zip,Mods/perkaholic/Localization/english_xml.pak,text_ui_dialog.xml,9084139,2245be865ab12aea6a652c7e3601f54b2a2a91b1f121363c3ddac70774140733,localization,replaces the game's file,Localization/Chineses_xml.pak,"44 strings changed, 526 new (compared with the game's English text)"
85,Perkaholic 1.05-85-1-05.zip,Mods/perkaholic/Localization/english_xml.pak,text_ui_HUD.xml,198,63f0e8ffdfdfb00868830b67a1a9e9f55f92b4fdd0a782b16be44b4925d51229,localization,identical to the game's file,Localization/English_xml.pak,"0 strings changed, 0 new (compared with the game's English text)"
85,Perkaholic 1.05-85-1-05.zip,Mods/perkaholic/Localization/english_xml.pak,text_ui_ingame.xml,80663,de6bda9eae82e887cfa9a28a9173f717cc32a897745fb30db0ea33b90a8a500f,localization,replaces the game's file,Localization/Chineses_xml.pak,"1 strings changed, 0 new (compared with the game's English text)"
85,Perkaholic 1.05-85-1-05.zip,Mods/perkaholic/Localization/english_xml.pak,text_ui_items.xml,594612,c7093105f8738fd384d507ec38c8ce3437686d3f1e523992b9a4553f6179c9f4,localization,replaces the game's file,Localization/Chineses_xml.pak,"20 strings changed, 0 new (compared with the game's English text)"
85,Perkaholic 1.05-85-1-05.zip,Mods/perkaholic/Localization/english_xml.pak,text_ui_menus.xml,883978,757d7a1fae53f9e17679788be13ec9e4fe2d3f4fd083b60c24c9e410a3c6e110,localization,replaces the game's file,Localization/Chineses_xml.pak,"35 strings changed, 0 new (compared with the game's English text)"
85,Perkaholic 1.05-85-1-05.zip,Mods/perkaholic/Localization/english_xml.pak,text_ui_misc.xml,15042,894b48f7c1865ce92490b84d5b25ead181be3d148c8c95b524cb38a8011edf3a,localization,replaces the game's file,Localization/Chineses_xml.pak,"0 strings changed, 0 new (compared with the game's English text)"
85,Perkaholic 1.05-85-1-05.zip,Mods/perkaholic/Localization/english_xml.pak,text_ui_perkaholic.xml,35067,3f2021d36741d2b2059727bd82946b9af0f3d0be0d7a21cc3eaac8cff83f61fe,localization,new file (not in the game),,"0 strings changed, 134 new (compared with the game's English text)"
85,Perkaholic 1.05-85-1-05.zip,Mods/perkaholic/Localization/english_xml.pak,text_ui_quest.xml,1178972,27108ec5948c1565007b237f182e8a0392b6a0cea42c7fe109029f127731caae,localization,replaces the game's file,Localization/Chineses_xml.pak,"38 strings changed, 24 new (compared with the game's English text)"
85,Perkaholic 1.05-85-1-05.zip,Mods/perkaholic/Localization/english_xml.pak,text_ui_soul.xml,248003,1d31922b3844af4cf93e34967c7634e00071a785ea329f63dcb7ae6ed08e8019,localization,replaces the game's file,Localization/Chineses_xml.pak,"34 strings changed, 1 new (compared with the game's English text)"
85,Perkaholic 1.05-85-1-05.zip,Mods/perkaholic/Localization/english_xml.pak,text_ui_tutorials.xml,69622,ad589d9b6f0d426aa8f449ed1a26e986047635b4fd6f3930edc709c098be7e44,localization,replaces the game's file,Localization/Chineses_xml.pak,"54 strings changed, 0 new (compared with the game's English text)"
85,Perkaholic 1.05-85-1-05.zip,,Mods/perkaholic/changelog.txt,170,367613e80b1cba09e103290bcca6cd815877b7fe3fe3143f216c96c81f81e87f,documentation,new file (not in the game),,
85,Perkaholic 1.05-85-1-05.zip,,Mods/perkaholic/mod.cfg,0,e3b0c44298fc1c149afbf4c8996fb92427ae41e4649b934ca495991b7852b855,config,new file (not in the game),,
85,Perkaholic 1.05-85-1-05.zip,,Mods/perkaholic/mod.manifest,454,c6c024ff929ea8d3f81ff02ed9bf611aed8e9f8a1290b04067b3806095d6bc71,manifest,new file (not in the game),,
85,Perkaholic 1.05-85-1-05.zip,,Mods/perkaholic/readme.txt,252,b9151717f08f514224f5ffddf669ab8a091728a84cc4c1420a7058fe9a5c4e2a,documentation,new file (not in the game),,
770,Perkaholic 1.07-770-1-07-1561341650.zip,,Perkaholic/Data/Perkaholic.pak,443558,d61af45f935137504bd96af078160df150894edc4443a934f14d6f451a809c01,container (.pak),container,,
770,Perkaholic 1.07-770-1-07-1561341650.zip,Perkaholic/Data/Perkaholic.pak,Libs/Tables/rpg/perk_buff_override.xml,4965,1320e5ec1022b2e621bf224d1907931abe4e7a6ebb25a67240340bfb37efed4c,table patch,replaces the whole game table (no suffix),Data/Tables.pak,"perk_buff_override: 17 new, 0 changed, 11 identical rows, 0 game rows dropped"
770,Perkaholic 1.07-770-1-07-1561341650.zip,Perkaholic/Data/Perkaholic.pak,Libs/Tables/rpg/perk2perk_exclusivity.xml,2572,7d10e26dbc3de17b342411f99f500a9ed7f776a9a58544c7eb64edd45f5ecc51,table patch,replaces the whole game table (no suffix),Data/Tables.pak,"perk2perk_exclusivity: 0 new, 0 changed, 19 identical rows, 0 game rows dropped"
770,Perkaholic 1.07-770-1-07-1561341650.zip,Perkaholic/Data/Perkaholic.pak,Libs/Tables/rpg/perk_buff.xml,20918,f06ddeb9f8359626b4bae72baf783cdc5d09d086a5afcce3f6b69c82a8b9cd10,table patch,replaces the whole game table (no suffix),Data/Tables.pak,"perk_buff: 55 new, 0 changed, 138 identical rows, 0 game rows dropped"
770,Perkaholic 1.07-770-1-07-1561341650.zip,Perkaholic/Data/Perkaholic.pak,Libs/Tables/rpg/buff.xml,216384,5846ea81ef1d267cb14f3c8fb0795ce078e4db133985712deded32fb1f2ae449,table patch,replaces the whole game table (no suffix),Data/Tables.pak,"buff: 56 new, 1 changed, 438 identical rows, 0 game rows dropped"
770,Perkaholic 1.07-770-1-07-1561341650.zip,Perkaholic/Data/Perkaholic.pak,Libs/Tables/rpg/perk.xml,196481,d4ce54cddc702461ad43765c5eb49590f226cc91fda8a9251aa841d7c16d17ce,table patch,replaces the whole game table (no suffix),Data/Tables.pak,"perk: 56 new, 1 changed, 550 identical rows, 0 game rows dropped"
770,Perkaholic 1.07-770-1-07-1561341650.zip,Perkaholic/Data/Perkaholic.pak,../../../Data/Libs/Tables/rpg/perk2perk_exclusivity.tbl,0,,other,replaces the game's file,Data/Tables.pak,
770,Perkaholic 1.07-770-1-07-1561341650.zip,Perkaholic/Data/Perkaholic.pak,../../../Data/Libs/Tables/rpg/buff.tbl,0,,other,replaces the game's file,Data/Tables.pak,
770,Perkaholic 1.07-770-1-07-1561341650.zip,Perkaholic/Data/Perkaholic.pak,../../../Data/Libs/Tables/rpg/perk.tbl,0,,other,replaces the game's file,Data/Tables.pak,
770,Perkaholic 1.07-770-1-07-1561341650.zip,Perkaholic/Data/Perkaholic.pak,../../../Data/Libs/Tables/rpg/perk_buff.tbl,0,,other,replaces the game's file,Data/Tables.pak,
770,Perkaholic 1.07-770-1-07-1561341650.zip,Perkaholic/Data/Perkaholic.pak,../../../Data/Libs/Tables/rpg/perk_buff_override.tbl,0,,other,replaces the game's file,Data/Tables.pak,
770,Perkaholic 1.07-770-1-07-1561341650.zip,Perkaholic/Data/Perkaholic.pak,Libs/Tables/rpg/perk_buff_override.tbl,0,,other,replaces the game's file,Data/Tables.pak,
770,Perkaholic 1.07-770-1-07-1561341650.zip,Perkaholic/Data/Perkaholic.pak,Libs/Tables/rpg/perk2perk_exclusivity.tbl,0,,other,replaces the game's file,Data/Tables.pak,
770,Perkaholic 1.07-770-1-07-1561341650.zip,Perkaholic/Data/Perkaholic.pak,Libs/Tables/rpg/perk_buff.tbl,0,,other,replaces the game's file,Data/Tables.pak,
770,Perkaholic 1.07-770-1-07-1561341650.zip,Perkaholic/Data/Perkaholic.pak,Libs/Tables/rpg/buff.tbl,0,,other,replaces the game's file,Data/Tables.pak,
770,Perkaholic 1.07-770-1-07-1561341650.zip,Perkaholic/Data/Perkaholic.pak,Libs/Tables/rpg/perk.tbl,0,,other,replaces the game's file,Data/Tables.pak,
770,Perkaholic 1.07-770-1-07-1561341650.zip,,Perkaholic/Localization/english_xml.pak,351242,d5bf4c07120e22d8b8e8e79c67f476f9d3341602a9eb22903f55271ff000bb6f,container (.pak),container,,
770,Perkaholic 1.07-770-1-07-1561341650.zip,Perkaholic/Localization/english_xml.pak,text_ui_soul.xml,351112,120b7e413b0ca53ea54c848680661102e04ff7d44e4043071d4b3e2fa264b5e0,localization,replaces the game's file,Localization/Chineses_xml.pak,"78 strings changed, 134 new (compared with the game's English text)"
770,Perkaholic 1.07-770-1-07-1561341650.zip,,Perkaholic/mod.manifest,351,b2762de99b3a8d617c398be30126a87221196e3af1e248d9b2fd0bbf0bc62223,manifest,new file (not in the game),,
1009,Perkaholic PTF-1009-1-2-3-1780997771.rar,,Perkaholic/Data/perkaholic.pak,7434,e22402ddad2c35ba59ad3ce01e22b71431dbcd2820e80f3e3ee83ae492a0d5ca,container (.pak),container,,
1009,Perkaholic PTF-1009-1-2-3-1780997771.rar,Perkaholic/Data/perkaholic.pak,Libs/Tables/rpg/buff__perkaholic.xml,27524,64839cef8a7e86593b665a8974e24ddcb69c54817d7280a576ddbfc5fe0d41a1,table patch,patches a game table (suffix __perkaholic),Data/Tables.pak,"buff: 56 new, 5 changed, 0 identical rows"
1009,Perkaholic PTF-1009-1-2-3-1780997771.rar,Perkaholic/Data/perkaholic.pak,Libs/Tables/rpg/perk2perk_exclusivity__perkaholic.xml,660,8aa818e168f585f35fce1b68f432e88c6c07b9951ded6df4bf6734810125ed10,table patch,patches a game table (suffix __perkaholic),Data/Tables.pak,"perk2perk_exclusivity: 3 new, 0 changed, 0 identical rows"
1009,Perkaholic PTF-1009-1-2-3-1780997771.rar,Perkaholic/Data/perkaholic.pak,Libs/Tables/rpg/perk_buff_override__perkaholic.xml,3195,bc93060fbf2d3e45bcfa35620cf542254974f015d2a06fa63f167d2b71c74a01,table patch,patches a game table (suffix __perkaholic),Data/Tables.pak,"perk_buff_override: 17 new, 0 changed, 0 identical rows"
1009,Perkaholic PTF-1009-1-2-3-1780997771.rar,Perkaholic/Data/perkaholic.pak,Libs/Tables/rpg/perk_buff__perkaholic.xml,6264,81c7935dd6f48a6ccb89b4dc33d34dbbfe0affdd907ef22e6e3d46ddc7ef839f,table patch,patches a game table (suffix __perkaholic),Data/Tables.pak,"perk_buff: 55 new, 0 changed, 1 identical rows"
1009,Perkaholic PTF-1009-1-2-3-1780997771.rar,Perkaholic/Data/perkaholic.pak,Libs/Tables/rpg/perk__perkaholic.xml,20666,dcdc7d75423a745dda819ee4d6046e1e577af24ae5f81e539aa44a9f705ff8c6,table patch,patches a game table (suffix __perkaholic),Data/Tables.pak,"perk: 56 new, 1 changed, 0 identical rows"
1009,Perkaholic PTF-1009-1-2-3-1780997771.rar,Perkaholic/Data/perkaholic.pak,Libs/Tables/rpg/skill__perkaholic.xml,1257,0fdd503a9bb10c8d3cbf553c8b09a35a9dc92d0c9e4922e5c96f525a9fe15e04,table patch,patches a game table (suffix __perkaholic),Data/Tables.pak,"skill: 0 new, 1 changed, 0 identical rows"
1009,Perkaholic PTF-1009-1-2-3-1780997771.rar,,Perkaholic/Localization/Chineses_xml.pak,5984,2e494b962d4c433703dd71fd37a2f57dbc34e30dfd7e533a84f09685d5ef55af,container (.pak),container,,
1009,Perkaholic PTF-1009-1-2-3-1780997771.rar,Perkaholic/Localization/Chineses_xml.pak,text__perkaholic.xml,26911,083da7e8ba08f1bef6d3e9f08f5971f664c46941a28a1876684a30aef1402ba1,localization,patch of the game's text,,"10 strings changed, 114 new (compared with the game's English text)"
1009,Perkaholic PTF-1009-1-2-3-1780997771.rar,,Perkaholic/Localization/Czech_xml.pak,5934,5ffe8bb291cd055c02cd67fad2e03ef0907808a58f9ab43c2a9b8e27386ee954,container (.pak),container,,
1009,Perkaholic PTF-1009-1-2-3-1780997771.rar,Perkaholic/Localization/Czech_xml.pak,text__perkaholic.xml,27458,2f9ebb96f786e4c649d5dfc1557770ac933d1ca1d4109df1e18fa83e22bf3b24,localization,patch of the game's text,,"10 strings changed, 114 new (compared with the game's English text)"
1009,Perkaholic PTF-1009-1-2-3-1780997771.rar,,Perkaholic/Localization/English_xml.pak,3683,79c5569ac8cb350d7991194ef2d83de074db045a5f1602722722e01286cae100,container (.pak),container,,
1009,Perkaholic PTF-1009-1-2-3-1780997771.rar,Perkaholic/Localization/English_xml.pak,text__perkaholic.xml,26774,e4e3fa656112d9e31e8fe9f63ec33dd98b20398b4f63efa9318c9ad8c4ddda10,localization,patch of the game's text,,"10 strings changed, 114 new (compared with the game's English text)"
1009,Perkaholic PTF-1009-1-2-3-1780997771.rar,,Perkaholic/Localization/French_xml.pak,5756,515b6f349abdcf6792f8ba987ae0ffb68af79cec8c0bb4d6a293322c4be0190d,container (.pak),container,,
1009,Perkaholic PTF-1009-1-2-3-1780997771.rar,Perkaholic/Localization/French_xml.pak,text__perkaholic.xml,27844,e9f367cd333a9a698c2c1366176fc37cf3785b3307cdf95fe254583316e713ed,localization,patch of the game's text,,"10 strings changed, 114 new (compared with the game's English text)"
1009,Perkaholic PTF-1009-1-2-3-1780997771.rar,,Perkaholic/Localization/German_xml.pak,6133,4b30cde87efdab6281b2f8219349806adc010609ead472435f32f776e1003cc0,container (.pak),container,,
1009,Perkaholic PTF-1009-1-2-3-1780997771.rar,Perkaholic/Localization/German_xml.pak,text__perkaholic.xml,28428,4ac29aee76adce365a222bf2cb65682618f3e96d6dcb588ff62fd3aa45b75ae0,localization,patch of the game's text,,"10 strings changed, 114 new (compared with the game's English text)"
1009,Perkaholic PTF-1009-1-2-3-1780997771.rar,,Perkaholic/Localization/Italian_xml.pak,5912,7d35b17e8043c384e07c704a90be43070ffed7ad8758ec7874722b7a3c5dfa6b,container (.pak),container,,
1009,Perkaholic PTF-1009-1-2-3-1780997771.rar,Perkaholic/Localization/Italian_xml.pak,text__perkaholic.xml,28172,76bb6de587a5f7d0c53d71977f15ffdddbe8242656cf4edb9e557e98d8c617c2,localization,patch of the game's text,,"10 strings changed, 114 new (compared with the game's English text)"
1009,Perkaholic PTF-1009-1-2-3-1780997771.rar,,Perkaholic/Localization/Japanese_xml.pak,6224,cc77a97c9592361e6947687d18356273a3653cba4ce3a75e8590a0ced169b9b2,container (.pak),container,,
1009,Perkaholic PTF-1009-1-2-3-1780997771.rar,Perkaholic/Localization/Japanese_xml.pak,text__perkaholic.xml,28188,270fb2a1eb60c361f42224dfecea44a7c359c3a41079bfaebee4beace1077bd3,localization,patch of the game's text,,"10 strings changed, 114 new (compared with the game's English text)"
1009,Perkaholic PTF-1009-1-2-3-1780997771.rar,,Perkaholic/Localization/Polish_xml.pak,6072,a62bb23cde05e8058b121e5c543052c9ba7f3000546df2bfac0324f4379b1fc1,container (.pak),container,,
1009,Perkaholic PTF-1009-1-2-3-1780997771.rar,Perkaholic/Localization/Polish_xml.pak,text__perkaholic.xml,27881,d3548256484c4a363efe6ba58f617a044024e58da259f0fc3185bada0968144e,localization,patch of the game's text,,"10 strings changed, 114 new (compared with the game's English text)"
1009,Perkaholic PTF-1009-1-2-3-1780997771.rar,,Perkaholic/Localization/Portuguese_xml.pak,3932,f4d99ac5af4ea646745da7cc0348d72c943b384208e82a5c80178fa083094ef4,container (.pak),container,,
1009,Perkaholic PTF-1009-1-2-3-1780997771.rar,Perkaholic/Localization/Portuguese_xml.pak,text__perkaholic.xml,28180,9f0fbe91b28a8d89852039f51bcc2005baa608e5befd73d1e12e32b4f4658438,localization,patch of the game's text,,"10 strings changed, 114 new (compared with the game's English text)"
1009,Perkaholic PTF-1009-1-2-3-1780997771.rar,,Perkaholic/Localization/Russian_xml.pak,6797,9d0d381435aa7c9c53846d4fd798b45512f882340ffd95887af89d3f03f819aa,container (.pak),container,,
1009,Perkaholic PTF-1009-1-2-3-1780997771.rar,Perkaholic/Localization/Russian_xml.pak,text__perkaholic.xml,33269,b5c06c4dce03b0a859b04b0a16d686cf07edc210e213632aa429e4c7dee114a8,localization,patch of the game's text,,"10 strings changed, 114 new (compared with the game's English text)"
1009,Perkaholic PTF-1009-1-2-3-1780997771.rar,,Perkaholic/Localization/Spanish_xml.pak,5733,2b098813589fef1a948086da737a122946197b4aa31fd5d2b7b6204d548fc730,container (.pak),container,,
1009,Perkaholic PTF-1009-1-2-3-1780997771.rar,Perkaholic/Localization/Spanish_xml.pak,text__perkaholic.xml,27950,fea7284427c96c9b442740f4731b02ba0b68452b9395973add804604cd5e6884,localization,patch of the game's text,,"10 strings changed, 114 new (compared with the game's English text)"
1009,Perkaholic PTF-1009-1-2-3-1780997771.rar,,Perkaholic/Localization/Turkish_xml.pak,5755,8924b373cc667236531e60f5d4c8c0736c54d88d1dd82431a9bb819291c7c2e9,container (.pak),container,,
1009,Perkaholic PTF-1009-1-2-3-1780997771.rar,Perkaholic/Localization/Turkish_xml.pak,text__perkaholic.xml,27576,586fb2cdca80ee83c372fc3171bc37bdfcdc33ff2596c6fb71361ff5a0b081c1,localization,patch of the game's text,,"10 strings changed, 114 new (compared with the game's English text)"
1009,Perkaholic PTF-1009-1-2-3-1780997771.rar,,Perkaholic/Localization/Ukrainian_xml.pak,6756,9e2f44dc372469db3278485ba4f2c5a87b92d1a51bb322f4364c995b7b369bef,container (.pak),container,,
1009,Perkaholic PTF-1009-1-2-3-1780997771.rar,Perkaholic/Localization/Ukrainian_xml.pak,text__perkaholic.xml,32719,29be4e16e360653614a1367fe9e0ef0a97c0df2dff68e003e4e7cbd34455e2d6,localization,patch of the game's text,,"10 strings changed, 114 new (compared with the game's English text)"
1009,Perkaholic PTF-1009-1-2-3-1780997771.rar,,Perkaholic/mod.manifest,604,cd5ceb7421e5f31e7b2d96679994aafd22af2463c4a1e0b142da5731d88ff573,manifest,new file (not in the game),,
1062,SIM_Camping.zip-1062-1-5-1-1-1598039154.zip,,SIM_Camping/Data/SIMCampingMinML.pak,37070,96f2ff11d7d863289b7fdf9cad78706573f9f80a7928203684a7c087e4dc4648,container (.pak),container,,
1062,SIM_Camping.zip-1062-1-5-1-1-1598039154.zip,SIM_Camping/Data/SIMCampingMinML.pak,Scripts/Entities/WH/Bed/Bed.lua,6118,718b9146643f8dfd50c0f3fb81b51bcb342e5bdd54025ce50750ed1a1f158a8f,Lua script,replaces the game's file,Data/Scripts.pak,Lua: differs
1062,SIM_Camping.zip-1062-1-5-1-1-1598039154.zip,SIM_Camping/Data/SIMCampingMinML.pak,Scripts/SIM_Camping.lua,54926,7352003119ac22c7dfed271af71b00764a9439d23b2cfbc5dd71d8f57326bf9e,Lua script,new file (not in the game),,Lua: new
1062,SIM_Camping.zip-1062-1-5-1-1-1598039154.zip,SIM_Camping/Data/SIMCampingMinML.pak,Scripts/Startup/SIM_Camping_Startup.lua,46,b9b7b971965eee4b44c69d69276dbc8f4bdba57a548d29ac98293fb99a654996,Lua script,new file (not in the game),,Lua: new
1062,SIM_Camping.zip-1062-1-5-1-1-1598039154.zip,SIM_Camping/Data/SIMCampingMinML.pak,Libs/Tables/item/food__sim_camping.xml,1211,b958aaeb84839146edb7b9e682b31ea1a657ed899678a41681b24ab65f1a6f45,table patch,patches a game table (suffix __sim_camping),Data/Tables.pak,"food: 1 new, 0 changed, 0 identical rows"
1062,SIM_Camping.zip-1062-1-5-1-1-1598039154.zip,SIM_Camping/Data/SIMCampingMinML.pak,Libs/Tables/item/item__sim_camping.xml,894,a077f4ee805a0a951108773b4512c302b036dad2dd2836d5d5a0bf0425647d6c,table patch,patches a game table (suffix __sim_camping),Data/Tables.pak,"item: 5 new, 0 changed, 0 identical rows"
1062,SIM_Camping.zip-1062-1-5-1-1-1598039154.zip,SIM_Camping/Data/SIMCampingMinML.pak,Libs/Tables/item/ointment_item__sim_camping.xml,936,7f4186482db6e7e9859119999dc10fd133f9b9b578cdcbf7a31d68f05f6ea176,table patch,patches a game table (suffix __sim_camping),Data/Tables.pak,"ointment_item: 4 new, 0 changed, 0 identical rows"
1062,SIM_Camping.zip-1062-1-5-1-1-1598039154.zip,SIM_Camping/Data/SIMCampingMinML.pak,Libs/Tables/item/pickable_item__sim_camping.xml,1771,0cd5ad5ed443b4acc2a54c41b89a799cd61d61294868816bef5bad0224b4736d,table patch,patches a game table (suffix __sim_camping),Data/Tables.pak,"pickable_item: 5 new, 0 changed, 0 identical rows"
1062,SIM_Camping.zip-1062-1-5-1-1-1598039154.zip,SIM_Camping/Data/SIMCampingMinML.pak,Libs/Tables/item/player_item__sim_camping.xml,1078,5d2d7217b117eeff776e0e3a35ff11150ef6acf6433801b2c0c7f26099de3dd4,table patch,patches a game table (suffix __sim_camping),Data/Tables.pak,"player_item: 5 new, 0 changed, 0 identical rows"
1062,SIM_Camping.zip-1062-1-5-1-1-1598039154.zip,SIM_Camping/Data/SIMCampingMinML.pak,Libs/Tables/item/questible_item__sim_camping.xml,611,98cc3e8af107e424dd9b8ed4b28c1ef5b694ccc442f6dff10e0a20a73c7cc2b2,table patch,patches a game table (suffix __sim_camping),Data/Tables.pak,"questible_item: 4 new, 0 changed, 0 identical rows"
1062,SIM_Camping.zip-1062-1-5-1-1-1598039154.zip,SIM_Camping/Data/SIMCampingMinML.pak,Libs/Tables/rpg/buff__sim_camping.xml,2171,c792c3604982aa161a1cbd8e9f74225a69c86e896041cb69fb782c171eb02453,table patch,patches a game table (suffix __sim_camping),Data/Tables.pak,"buff: 2 new, 0 changed, 0 identical rows"
1062,SIM_Camping.zip-1062-1-5-1-1-1598039154.zip,SIM_Camping/Data/SIMCampingMinML.pak,Libs/Tables/rpg/perk_buff__sim_camping.xml,514,86242d4e828a124c7e4db641476c618a3da77d4d005ca664c77af436930ad796,table patch,patches a game table (suffix __sim_camping),Data/Tables.pak,"perk_buff: 2 new, 0 changed, 0 identical rows"
1062,SIM_Camping.zip-1062-1-5-1-1-1598039154.zip,SIM_Camping/Data/SIMCampingMinML.pak,Libs/Tables/rpg/perk__sim_camping.xml,1469,4418e3afd8257edd42238891c7fa611aac620d6624a898b7617a48fd8e253d49,table patch,patches a game table (suffix __sim_camping),Data/Tables.pak,"perk: 2 new, 0 changed, 0 identical rows"
1062,SIM_Camping.zip-1062-1-5-1-1-1598039154.zip,SIM_Camping/Data/SIMCampingMinML.pak,Libs/Tables/rpg/sleeping_spot_type.tbl,0,,other,replaces the game's file,Data/Tables.pak,
1062,SIM_Camping.zip-1062-1-5-1-1-1598039154.zip,SIM_Camping/Data/SIMCampingMinML.pak,Libs/Tables/rpg/sleeping_spot_type.xml,1166,0953bcef9b337d72501fe75a70f9954f6f511c28a7cf308e3f620237ec76a97a,table patch,replaces the whole game table (no suffix),Data/Tables.pak,"sleeping_spot_type: 3 new, 0 changed, 5 identical rows, 0 game rows dropped"
1062,SIM_Camping.zip-1062-1-5-1-1-1598039154.zip,SIM_Camping/Data/SIMCampingMinML.pak,Libs/Tables/shop/shop_type2item__sim_camping.xml,2325,ff09b2b8758e105e04d1ec6267c75b4c51d53ecfc1b2dfa55ae3538aff3bed3d,table patch,patches a game table (suffix __sim_camping),Data/Tables.pak,"shop_type2item: 6 new, 12 changed, 0 identical rows"
1062,SIM_Camping.zip-1062-1-5-1-1-1598039154.zip,SIM_Camping/Data/SIMCampingMinML.pak,Libs/UI/UIActions/sim_ui_onuseevent.xml,12393,c03fe8f5f006da2c934b75d0f476f9f92a7fa52024f911dd0aa1265c1385f53c,other xml,new file (not in the game),,
1062,SIM_Camping.zip-1062-1-5-1-1-1598039154.zip,SIM_Camping/Data/SIMCampingMinML.pak,Libs/UI/UIActions/sim_ui_onuseevent_cook.xml,12359,ff067799391f312dc07d24f07841191af1a32b496dc2600604965bab812ff8c3,other xml,new file (not in the game),,
1062,SIM_Camping.zip-1062-1-5-1-1-1598039154.zip,SIM_Camping/Data/SIMCampingMinML.pak,Libs/UI/UIActions/sim_ui_onuseevent_cook_fireplace.xml,12344,53b1ebf894e324ade51f4b5ed6c8e0cd44c8d032eacaab11c712277eb57d7119,other xml,new file (not in the game),,
1062,SIM_Camping.zip-1062-1-5-1-1-1598039154.zip,SIM_Camping/Data/SIMCampingMinML.pak,Libs/UI/UIActions/sim_ui_onuseevent_milk.xml,12359,70fad4d5e2f4e0857a0aa1509f8d9b99404df5452d34b4e7308e47915cf8a266,other xml,new file (not in the game),,
1062,SIM_Camping.zip-1062-1-5-1-1-1598039154.zip,SIM_Camping/Data/SIMCampingMinML.pak,Libs/UI/UIActions/sim_ui_onuseevent_milk_cow.xml,12332,9206d518b9a2aafa7ed18a0dfca8356741628ef321ba9ea594617cadeb015914,other xml,new file (not in the game),,
1062,SIM_Camping.zip-1062-1-5-1-1-1598039154.zip,SIM_Camping/Data/SIMCampingMinML.pak,Libs/UI/UIActions/sim_ui_onuseevent_tea.xml,12357,306e5357911db62c44ed4f335232775acc055f91640286c9ab72abf68fd06ff0,other xml,new file (not in the game),,
1062,SIM_Camping.zip-1062-1-5-1-1-1598039154.zip,SIM_Camping/Data/SIMCampingMinML.pak,Libs/UI/UIActions/sim_ui_onuseevent_tea_fireplace.xml,12342,54b4e5352ed8e99e30bf8d589ed1f074460f787b760914aa16a1c9750bab8500,other xml,new file (not in the game),,
1062,SIM_Camping.zip-1062-1-5-1-1-1598039154.zip,,SIM_Camping/Localization/English_xml.pak,1381,e2b81515dfd0ab35f45f6f4bca64d2ad2e3295e010b2b0779cc62e928303c37d,container (.pak),container,,
1062,SIM_Camping.zip-1062-1-5-1-1-1598039154.zip,SIM_Camping/Localization/English_xml.pak,text__sim_camping.xml,5542,5a10e8e4fb4834eea6617ed08e32ac268b5069c1a4cda9f38f09b3f265d8b47e,localization,patch of the game's text,,"0 strings changed, 35 new (compared with the game's English text)"
1062,SIM_Camping.zip-1062-1-5-1-1-1598039154.zip,,SIM_Camping/Localization/French_xml.pak,1704,91886f778decf37849e9a3c8439af4eae03d81f11e9b04ca6fd04098e128c059,container (.pak),container,,
1062,SIM_Camping.zip-1062-1-5-1-1-1598039154.zip,SIM_Camping/Localization/French_xml.pak,text__sim_camping.xml,5956,ded7884f7467984c1965e5f0849337f38cb13f71416040773b48f70e2e5a2a82,localization,patch of the game's text,,"0 strings changed, 35 new (compared with the game's English text)"
1062,SIM_Camping.zip-1062-1-5-1-1-1598039154.zip,,SIM_Camping/Localization/German_xml.pak,1897,0f7e1cd6d1725e337a77568eb82adc4e4cfe5a9693e6c72fb1ecb2f02414b7c9,container (.pak),container,,
1062,SIM_Camping.zip-1062-1-5-1-1-1598039154.zip,SIM_Camping/Localization/German_xml.pak,text__sim_camping.xml,5910,694555d05217cbdc96f53b874226f0e0da36e70db305f5297c3de09be73cbeae,localization,patch of the game's text,,"0 strings changed, 35 new (compared with the game's English text)"
1062,SIM_Camping.zip-1062-1-5-1-1-1598039154.zip,,SIM_Camping/Localization/Russian_xml.pak,2135,52c051351f90ac40e3eff9a1296e40135ef9158e5cbe49a3d74f83fca2b76d8a,container (.pak),container,,
1062,SIM_Camping.zip-1062-1-5-1-1-1598039154.zip,SIM_Camping/Localization/Russian_xml.pak,text__sim_camping.xml,6874,d09b7c9e75664f2c39278619910535b1ec70175a745e82963e114f82d065945b,localization,patch of the game's text,,"0 strings changed, 35 new (compared with the game's English text)"
1062,SIM_Camping.zip-1062-1-5-1-1-1598039154.zip,,SIM_Camping/mod.manifest,272,a57bde0decc24d7becf2428fb684851b9641c3c81964723c44d00c0ed0912ff8,manifest,new file (not in the game),,
1105,Service Prices-1105-1-0-1600469221.zip,,Service_Prices/Data/Service_Prices.pak,6962,19c38eda4f0b56585ca179a805170ee811746988431e12afc219f547dcdee649,container (.pak),container,,
1105,Service Prices-1105-1-0-1600469221.zip,Service_Prices/Data/Service_Prices.pak,Libs/Tables/text/sequence__service_prices.xml,2694,9436f65fe47bbbad22b453dadcc95b7721fe3708e8f5c600d1bc5b879c9563e4,table patch,patches a game table (suffix __service_prices),Data/Tables.pak,"sequence: 0 new, 6 changed, 0 identical rows"
1105,Service Prices-1105-1-0-1600469221.zip,Service_Prices/Data/Service_Prices.pak,Scripts/Script/Horsetraders.lua,11207,0ce3ce742b137db954494504e6df472a0217cf538bc656e3428023115685bd34,Lua script,replaces the game's file,Data/Scripts.pak,Lua: differs
1105,Service Prices-1105-1-0-1600469221.zip,Service_Prices/Data/Service_Prices.pak,Scripts/Script/Sleepover.lua,6124,4da04c8339cf54ef07ffa76fa5158ffa8211979a526385842aae427eadafe37c,Lua script,replaces the game's file,Data/Scripts.pak,Lua: differs
1105,Service Prices-1105-1-0-1600469221.zip,Service_Prices/Data/Service_Prices.pak,Scripts/Script/Trainers.lua,4724,04ca3b8a7dab5ea14b9e47a937e7b32c80716710694ec1c9e4a8fbe2a6aa4eba,Lua script,replaces the game's file,Data/Scripts.pak,Lua: differs
1105,Service Prices-1105-1-0-1600469221.zip,,Service_Prices/mod.manifest,317,776db7ba8416f8e7bb2060771d20d415b0f84c715d237063a33fb2810537dea8,manifest,new file (not in the game),,
1112,combatoverhaul-1112-1-6-4-1603868865.7z,,CombatOverhaul/data/data.pak,21064,7a8442e359e61fcf50ee836644aa34da55ebeb9d900ee52b35822d5792f0305d,container (.pak),container,,
1112,combatoverhaul-1112-1-6-4-1603868865.7z,CombatOverhaul/data/data.pak,Libs/Tables/combat/combat_action_perfect_block__combatoverhaul.xml,291525,2a53fb2b6278fcf6f9afc93d822c4803741279c11aefc3b772bc86eda27b4089,table patch,patches a game table (suffix __combatoverhaul),Data/Tables.pak,"combat_action_perfect_block: 156 new, 0 changed, 12 identical rows"
1112,combatoverhaul-1112-1-6-4-1603868865.7z,CombatOverhaul/data/data.pak,Libs/Tables/combat/combat_attack_type__combatoverhaul.xml,799,940d147c30c4a18ae7021f97f2135417366284c5138f56ec443ea242a1163fce,table patch,patches a game table (suffix __combatoverhaul),Data/Tables.pak,"combat_attack_type: 0 new, 1 changed, 0 identical rows"
1112,combatoverhaul-1112-1-6-4-1603868865.7z,CombatOverhaul/data/data.pak,Libs/Tables/rpg/perk_rpg_param_override__combatoverhaul.xml,5937,3d1607fcd8a2e41dd5a8e38132cb585f82f1788c88dca443d556516983b22b4c,table patch,patches a game table (suffix __combatoverhaul),Data/Tables.pak,"perk_rpg_param_override: 41 new, 2 changed, 1 identical rows"
1112,combatoverhaul-1112-1-6-4-1603868865.7z,CombatOverhaul/data/data.pak,Libs/Tables/rpg/rpg_param__combatoverhaul.xml,3735,43ad84c1baa3455d9752d5f0a7860c140d3f5ca6e278d118cc83d54c5c2543b8,table patch,patches a game table (suffix __combatoverhaul),Data/Tables.pak,"rpg_param: 29 new, 13 changed, 1 identical rows"
1112,combatoverhaul-1112-1-6-4-1603868865.7z,CombatOverhaul/data/data.pak,Libs/Tables/rpg/soul__combatoverhaul.xml,6169,4ceef826cb7cae8422424c1737d43c716e4d2576416cddf411c83f5cf8b1211b,table patch,patches a game table (suffix __combatoverhaul),Data/Tables.pak,"soul: 0 new, 1 changed, 0 identical rows"
1112,combatoverhaul-1112-1-6-4-1603868865.7z,,CombatOverhaul/mod.manifest,267,af309d3dba2c2c0e3b1f801e83dce58f34dc6ac9b06f0efa3641df92ec6156ce,manifest,new file (not in the game),,
1380,BlackItems - PTF-1380-1-1-1780999063.rar,,BlackItems/Data/black_items.pak,348264,8b84a9758ff5da8515371d77bbf7415a62b52118e5f3f15b22ac081b8bc90cb2,container (.pak),container,,
1380,BlackItems - PTF-1380-1-1-1780999063.rar,BlackItems/Data/black_items.pak,Libs/Tables/item/armor__black_items.xml,5374,d7c0cc5781cb4541406263940f8b0c038efeab9d4a48d26daa1f6f564bc48f3e,table patch,patches a game table (suffix __black_items),Data/Tables.pak,"armor: 6 new, 0 changed, 0 identical rows"
1380,BlackItems - PTF-1380-1-1-1780999063.rar,BlackItems/Data/black_items.pak,Libs/Tables/item/clothing_raycast__black_items.xml,1454,b5d30ae3275c5caeff6b76c6e938de3c97324e466c6c09c50ebc3ee416cf8778,table patch,patches a game table (suffix __black_items),Data/Tables.pak,"clothing_raycast: 1 new, 0 changed, 0 identical rows"
1380,BlackItems - PTF-1380-1-1-1780999063.rar,BlackItems/Data/black_items.pak,Libs/Tables/item/clothing__black_items.xml,3300,c35d21975e68217c672669245152c44868cbdcb1f54e2ec8d4350bc67ac67f69,table patch,patches a game table (suffix __black_items),Data/Tables.pak,"clothing: 6 new, 0 changed, 0 identical rows"
1380,BlackItems - PTF-1380-1-1-1780999063.rar,BlackItems/Data/black_items.pak,Libs/Tables/item/equippable_item__black_items.xml,1589,03a2496e8fd105b87cf83abc280174e82210846e61d43b26447ab114e2ebbb5e,table patch,patches a game table (suffix __black_items),Data/Tables.pak,"equippable_item: 6 new, 0 changed, 0 identical rows"
1380,BlackItems - PTF-1380-1-1-1780999063.rar,BlackItems/Data/black_items.pak,Libs/Tables/item/item__black_items.xml,1019,cba9d0d47631cd7307c1b27b1f0000a36141faacdf0bdbd0766e76ccf3addfa2,table patch,patches a game table (suffix __black_items),Data/Tables.pak,"item: 6 new, 0 changed, 0 identical rows"
1380,BlackItems - PTF-1380-1-1-1780999063.rar,BlackItems/Data/black_items.pak,Libs/Tables/item/pickable_item__black_items.xml,1932,2c3cd70b4d79b1addf02415e3b93352349b97d96f2bed8a6d04e45c499620a59,table patch,patches a game table (suffix __black_items),Data/Tables.pak,"pickable_item: 6 new, 0 changed, 0 identical rows"
1380,BlackItems - PTF-1380-1-1-1780999063.rar,BlackItems/Data/black_items.pak,Libs/Tables/item/player_item__black_items.xml,1858,5aa23b72d6f17c3ea2d39138753688357af8804a97b4b8e4dc22ef83e4983067,table patch,patches a game table (suffix __black_items),Data/Tables.pak,"player_item: 6 new, 5 changed, 0 identical rows"
1380,BlackItems - PTF-1380-1-1-1780999063.rar,BlackItems/Data/black_items.pak,Libs/Tables/shop/shop_type2item__black_items.xml,2193,8e4dcc5b04855c9e84f703908a7515bac212aa1b3299fb5cc7a36f8b168e5472,table patch,patches a game table (suffix __black_items),Data/Tables.pak,"shop_type2item: 17 new, 0 changed, 0 identical rows"
1380,BlackItems - PTF-1380-1-1-1780999063.rar,BlackItems/Data/black_items.pak,Objects/characters/humans/cloth/black_pourpoint.mtl,2352,1fe0a72c72d85b48d10ff03c59f33155f751189f52eea8e38029774533bb4bd0,model or material,new file (not in the game),,
1380,BlackItems - PTF-1380-1-1-1780999063.rar,BlackItems/Data/black_items.pak,Objects/characters/humans/cloth/black_pourpoint_diff.dds,5592556,64f6986f79bd8a2071253fe3aa7fdc2f6c6b60f72ec00e764029947d6fa4d0ac,texture or image,new file (not in the game),,
1380,BlackItems - PTF-1380-1-1-1780999063.rar,BlackItems/Data/black_items.pak,Objects/characters/humans/cloth/black_pourpoint_spec.dds,2796356,2073c17ff0d718200612e2839330bf6f18a1f5265a4ca5a82a008b4baf3a1965,texture or image,new file (not in the game),,
1380,BlackItems - PTF-1380-1-1-1780999063.rar,,BlackItems/Localization/Czech_xml.pak,715,1ebf102f3297244eccdd9895115d242cef35e46c4ec80433d7c481d5cd7b1aee,container (.pak),container,,
1380,BlackItems - PTF-1380-1-1-1780999063.rar,BlackItems/Localization/Czech_xml.pak,text__black_items.xml,2737,ab4de968dd9b145ccc21999589750257f7261ebdbc6891e2a7d448a110120082,localization,patch of the game's text,,"9 strings changed, 11 new (compared with the game's English text)"
1380,BlackItems - PTF-1380-1-1-1780999063.rar,,BlackItems/Localization/English_xml.pak,591,5b0a40154a2050b3eeeef4960fbbd115a13f5375fe927b8c0a6bede19a004f82,container (.pak),container,,
1380,BlackItems - PTF-1380-1-1-1780999063.rar,BlackItems/Localization/English_xml.pak,text__black_items.xml,2650,0ca11fc4e6336d4f19cefbc2e82de7b5c997c11638d12a430087d49049947e11,localization,patch of the game's text,,"9 strings changed, 11 new (compared with the game's English text)"
1380,BlackItems - PTF-1380-1-1-1780999063.rar,,BlackItems/Localization/German_xml.pak,684,b832fd8564fe2a278ca4bc7ec0576e350de3186dd019b2449dbc0de2b7bc83e0,container (.pak),container,,
1380,BlackItems - PTF-1380-1-1-1780999063.rar,BlackItems/Localization/German_xml.pak,text__black_items.xml,2705,de184fcbceacdf0d5c0caae56aaf3c29b84c5d2868edd0a599c1c94f68e292b0,localization,patch of the game's text,,"9 strings changed, 11 new (compared with the game's English text)"
1380,BlackItems - PTF-1380-1-1-1780999063.rar,,BlackItems/mod.manifest,603,8af10f8957814a80594758d233cca127314fe1045ef6b7baa97b3e14533075ab,manifest,new file (not in the game),,
1384,zzz_BCAIC_BetterCombatLite.pak-1384-2-1654111935.zip,,zzz_BCAIC_BetterCombatLite.pak,17698,6ddec53b79238a6811f1c152c01911aeadebd82dca5c6a5f51bcc676672e2a2a,container (.pak),container,,
1384,zzz_BCAIC_BetterCombatLite.pak-1384-2-1654111935.zip,zzz_BCAIC_BetterCombatLite.pak,Libs/Tables/combat/combat_action_perfect_block__BCAIC.xml,263424,8e12395b50881bdbcdcdb7b66a6643e9fb308121faa9fb8382e80d4669cf8266,table patch,patches a game table (suffix __BCAIC),Data/Tables.pak,"combat_action_perfect_block: 150 new, 0 changed, 2 identical rows"
1384,zzz_BCAIC_BetterCombatLite.pak-1384-2-1654111935.zip,zzz_BCAIC_BetterCombatLite.pak,Libs/Tables/rpg/buff__BCAIC.xml,5161,fa5c4543631551c4acd77c1a854be3984b9c2fc83d7e39f4ccf58415f6ce8357,table patch,patches a game table (suffix __BCAIC),Data/Tables.pak,"buff: 0 new, 8 changed, 0 identical rows"
1384,zzz_BCAIC_BetterCombatLite.pak-1384-2-1654111935.zip,zzz_BCAIC_BetterCombatLite.pak,Libs/Tables/rpg/perk_rpg_param_override__BCAIC.xml,1148,cae6dafe1c4af20cd95a42a6e63650701f6192f2d048f1d318e3e4cdc94e200c,table patch,patches a game table (suffix __BCAIC),Data/Tables.pak,"perk_rpg_param_override: 0 new, 5 changed, 0 identical rows"
1384,zzz_BCAIC_BetterCombatLite.pak-1384-2-1654111935.zip,zzz_BCAIC_BetterCombatLite.pak,Libs/Tables/rpg/rpg_param__BCAIC.xml,2592,6254a5962414cb38673bc8a9435070283178b5c62ac7d8b82d7a3311cbbda114,table patch,patches a game table (suffix __BCAIC),Data/Tables.pak,"rpg_param: 10 new, 8 changed, 3 identical rows"
1483,TSM Splower Food Spoil-1483-1-0-1677271171.7z,,SlowerFoodSpoil_2X/Data/SlowerFoodSpoil.pak,5316,2f92c2fda079c54118c344fc925bac6a6e49474d7e1b6dda4329ef71852e257b,container (.pak),container,,
1483,TSM Splower Food Spoil-1483-1-0-1677271171.7z,SlowerFoodSpoil_2X/Data/SlowerFoodSpoil.pak,Libs/Tables/item/food__slowerfoodspoil.xml,37769,3b6dfaf626736b7f37c60a1e9ae172d1fcf3445601175baa6d82d103c23706e3,table patch,patches a game table (suffix __slowerfoodspoil),Data/Tables.pak,"food: 0 new, 111 changed, 0 identical rows"
1483,TSM Splower Food Spoil-1483-1-0-1677271171.7z,,SlowerFoodSpoil_2X/mod.manifest,270,64d0c4b03bdd7061e19969022a0550a611dfa53a3f1ad30c21014e8bc706778f,manifest,new file (not in the game),,
1483,TSM Splower Food Spoil-1483-1-0-1677271171.7z,,SlowerFoodSpoil_3X/Data/SlowerFoodSpoil.pak,5317,943dd9f847ca86a691799f654a5b6fdd966777beae0576d2c684396ec971d2ae,container (.pak),container,,
1483,TSM Splower Food Spoil-1483-1-0-1677271171.7z,SlowerFoodSpoil_3X/Data/SlowerFoodSpoil.pak,Libs/Tables/item/food__slowerfoodspoil.xml,37815,fc20cf1a67e791b3ba8305b76b95bfff68932954a258b35a9166d5a354e8897c,table patch,patches a game table (suffix __slowerfoodspoil),Data/Tables.pak,"food: 0 new, 111 changed, 0 identical rows"
1483,TSM Splower Food Spoil-1483-1-0-1677271171.7z,,SlowerFoodSpoil_3X/mod.manifest,270,e6cca6838e650d26fab0ec5e544fb01dc63282865f3098a97de191ae89b9a185,manifest,new file (not in the game),,
1483,TSM Splower Food Spoil-1483-1-0-1677271171.7z,,SlowerFoodSpoil_5X/Data/SlowerFoodSpoil.pak,5315,1e25e5c774ab39ec994ffeb97207d9887c1a894a06dc23b442fd91e3586b1c73,container (.pak),container,,
1483,TSM Splower Food Spoil-1483-1-0-1677271171.7z,SlowerFoodSpoil_5X/Data/SlowerFoodSpoil.pak,Libs/Tables/item/food__slowerfoodspoil.xml,37843,360a5f769769d6a49506ebb3eaecd9e7d1785e229ef94ef2af52340853e3ebf0,table patch,patches a game table (suffix __slowerfoodspoil),Data/Tables.pak,"food: 0 new, 111 changed, 0 identical rows"
1483,TSM Splower Food Spoil-1483-1-0-1677271171.7z,,SlowerFoodSpoil_5X/mod.manifest,270,3d10a602f99aa17c6837fe6c939e8d991f98b1cc9bd5331a94258adc541f99ff,manifest,new file (not in the game),,
1483,TSM Splower Food Spoil-1483-1-0-1677271171.7z,,TSM_SlowFoodSpoil_ReadMe.txt,2846,6db23de98f7fb1540257d66eb18f29547daf5e9f29188f1d3617948040a1af90,documentation,new file (not in the game),,
1558,Karnages_KCD_Essential_Fixes 2.0-1558-1-0-0-1700590734.7z,,Karnages_KCD_Essential_Fixes 2.0/Data/Karnages_KCD_Essential_Fixes.pak,4385,268886ea023f26960c772c295c5c0f9c1397eeed51ffe1d01e48c50e06da14d9,container (.pak),container,,
1558,Karnages_KCD_Essential_Fixes 2.0-1558-1-0-0-1700590734.7z,Karnages_KCD_Essential_Fixes 2.0/Data/Karnages_KCD_Essential_Fixes.pak,Libs/Tables/rpg/document_required_skill__Karnages_KCD_Essential_Fixes.xml,5344,53abfa339a91988e7d994db8c6041f3bc080997d3ce5608a361f19aef7ece757,table patch,patches a game table (suffix __Karnages_KCD_Essential_Fixes),Data/Tables.pak,"document_required_skill: 0 new, 40 changed, 0 identical rows"
1558,Karnages_KCD_Essential_Fixes 2.0-1558-1-0-0-1700590734.7z,Karnages_KCD_Essential_Fixes 2.0/Data/Karnages_KCD_Essential_Fixes.pak,Libs/Tables/rpg/perk_rpg_param_override__Karnages_KCD_Essential_Fixes.xml,2252,a71a975d28f77b7bcba8d67f235792c016e9ca0c9d5a0f4e9ab14733f9e6a279,table patch,patches a game table (suffix __Karnages_KCD_Essential_Fixes),Data/Tables.pak,"perk_rpg_param_override: 3 new, 13 changed, 0 identical rows"
1558,Karnages_KCD_Essential_Fixes 2.0-1558-1-0-0-1700590734.7z,Karnages_KCD_Essential_Fixes 2.0/Data/Karnages_KCD_Essential_Fixes.pak,Libs/Tables/rpg/rpg_param__Karnages_KCD_Essential_Fixes.xml,7871,280297d3a874f99d2de4f871114bf57b6981d9da36cd63fb2e452642f7187c5c,table patch,patches a game table (suffix __Karnages_KCD_Essential_Fixes),Data/Tables.pak,"rpg_param: 23 new, 76 changed, 2 identical rows"
1558,Karnages_KCD_Essential_Fixes 2.0-1558-1-0-0-1700590734.7z,,Karnages_KCD_Essential_Fixes 2.0/Read.Me.txt,766,fa4a7dcbcf5b992d0ff27d7e8bcbb66c7129abf812ae4a370ab225c7639344d1,documentation,new file (not in the game),,
1558,Karnages_KCD_Essential_Fixes 2.0-1558-1-0-0-1700590734.7z,,Karnages_KCD_Essential_Fixes 2.0/mod.manifest,276,88bbdd59821f4b0f9808aebeb523dea491128d127da774c4182a0a06136b785a,manifest,new file (not in the game),,
1639,AlternateFoodSpoil2X-1639-1-0-1715595738.zip,,zzz_AlternateFoodSpoil2X/Data/zzz_AlternateFoodSpoil2X.pak,8114,f2a03098acb5fdf1a5c0ab6374cc66501d0e7ec7d91bd5d8bc504a3663c53058,container (.pak),container,,
1639,AlternateFoodSpoil2X-1639-1-0-1715595738.zip,zzz_AlternateFoodSpoil2X/Data/zzz_AlternateFoodSpoil2X.pak,Libs/Tables/item/food.tbl,0,,other,replaces the game's file,Data/Tables.pak,
1639,AlternateFoodSpoil2X-1639-1-0-1715595738.zip,zzz_AlternateFoodSpoil2X/Data/zzz_AlternateFoodSpoil2X.pak,Libs/Tables/item/food__AlternateFoodSpoil2X.xml,66030,f2268885f30f4ad07d03eb84a49be3ec5a08b99d57acef9d9ea5f24f52722c56,table patch,patches a game table (suffix __AlternateFoodSpoil2X),Data/Tables.pak,"food: 0 new, 111 changed, 91 identical rows"
1639,AlternateFoodSpoil2X-1639-1-0-1715595738.zip,,zzz_AlternateFoodSpoil2X/mod.manifest,282,f14669b81b783d3862fd44b4062e9a3bd9b2ccdbcab10caa005651cecc3604bf,manifest,new file (not in the game),,
2011,Chefs Kiss 2011 3.7 2026-06-21T22-06Z HM0uQNJkR.7z,,dddb_chefs_kiss/Data/Tables.pak,24503,429ab79e29e044d3d2b2fdc9732bb09df7ca7c1a94d8b6dfe378b35550a36c78,container (.pak),container,,
2011,Chefs Kiss 2011 3.7 2026-06-21T22-06Z HM0uQNJkR.7z,dddb_chefs_kiss/Data/Tables.pak,Libs/Tables/item/consumable_item__dddb_chefs_kiss.xml,7368,f9eb87fa639a5dc40b371980e7dfef58ee3ed338ddda4d8b9d0d159cebfac1ab,table patch,patches a game table (suffix __dddb_chefs_kiss),Data/Tables.pak,"consumable_item: 5 new, 38 changed, 7 identical rows"
2011,Chefs Kiss 2011 3.7 2026-06-21T22-06Z HM0uQNJkR.7z,dddb_chefs_kiss/Data/Tables.pak,Libs/Tables/item/food__dddb_chefs_kiss.xml,66633,20c91bd2e3fcdf8933e02001da3458b5652bb9914f982f633f633c1482a0eca3,table patch,patches a game table (suffix __dddb_chefs_kiss),Data/Tables.pak,"food: 0 new, 180 changed, 2 identical rows"
2011,Chefs Kiss 2011 3.7 2026-06-21T22-06Z HM0uQNJkR.7z,dddb_chefs_kiss/Data/Tables.pak,Libs/Tables/item/item__dddb_chefs_kiss.xml,7200,01c180d04e7eaad0e6fe320d5bb37a5956c3461da0365796f652cd71d03ce26f,table patch,patches a game table (suffix __dddb_chefs_kiss),Data/Tables.pak,"item: 0 new, 4 changed, 55 identical rows"
2011,Chefs Kiss 2011 3.7 2026-06-21T22-06Z HM0uQNJkR.7z,dddb_chefs_kiss/Data/Tables.pak,Libs/Tables/item/pickable_item__dddb_chefs_kiss.xml,11194,5c11c58677abd6fe1d5021937ed9714de85c05c888e83e7a50fea113d3ba7822,table patch,patches a game table (suffix __dddb_chefs_kiss),Data/Tables.pak,"pickable_item: 0 new, 44 changed, 0 identical rows"
2011,Chefs Kiss 2011 3.7 2026-06-21T22-06Z HM0uQNJkR.7z,dddb_chefs_kiss/Data/Tables.pak,Libs/Tables/item/potion__dddb_chefs_kiss.xml,455,30c9d5fd7cf7fe0beed19d67cb6fd057bc75cb5f51a0034fe8fd80f3d17c1e20,table patch,patches a game table (suffix __dddb_chefs_kiss),Data/Tables.pak,"potion: 0 new, 1 changed, 0 identical rows"
2011,Chefs Kiss 2011 3.7 2026-06-21T22-06Z HM0uQNJkR.7z,dddb_chefs_kiss/Data/Tables.pak,Libs/Tables/rpg/buff_class__dddb_chefs_kiss.xml,2268,023d7265097449b181588bd632793c9bae4822fe1b782892200cacb04822e5ab,table patch,patches a game table (suffix __dddb_chefs_kiss),Data/Tables.pak,"buff_class: 9 new, 0 changed, 18 identical rows"
2011,Chefs Kiss 2011 3.7 2026-06-21T22-06Z HM0uQNJkR.7z,dddb_chefs_kiss/Data/Tables.pak,Libs/Tables/rpg/buff__dddb_chefs_kiss.xml,38403,d58f51be1c057f4305b8c53a7bab72045535f6cd7fd7bddb3c7ae83e32e13629,table patch,patches a game table (suffix __dddb_chefs_kiss),Data/Tables.pak,"buff: 42 new, 0 changed, 24 identical rows"
2011,Chefs Kiss 2011 3.7 2026-06-21T22-06Z HM0uQNJkR.7z,,dddb_chefs_kiss/Localization/English_xml.pak,3031,ffa062d858c775a174ef4d2235c8c8875140a89440144ffc6fcca92e0072f34d,container (.pak),container,,
2011,Chefs Kiss 2011 3.7 2026-06-21T22-06Z HM0uQNJkR.7z,dddb_chefs_kiss/Localization/English_xml.pak,text__dddb_chefs_kiss.tbl,0,,other,new file (not in the game),,
2011,Chefs Kiss 2011 3.7 2026-06-21T22-06Z HM0uQNJkR.7z,dddb_chefs_kiss/Localization/English_xml.pak,text__dddb_chefs_kiss.xml,34015,b367a1fb8c9222a412cb107f194e49e03832ca5d293ee565aa0594ba45ea2d5e,localization,patch of the game's text,,"94 strings changed, 44 new (compared with the game's English text)"
2011,Chefs Kiss 2011 3.7 2026-06-21T22-06Z HM0uQNJkR.7z,,dddb_chefs_kiss/mod.manifest,387,b1f1dda1b0863711abb7c4c021ccc627f6aa0a19a6b883a0a3c642f0cbab0e64,manifest,new file (not in the game),,
2011,Chefs Kiss 2011 3.7 2026-06-21T22-06Z HM0uQNJkR.7z,,dddb_chefs_kiss/terms of endearment.txt,2954,4884abfb657f7115c28e640ffca6f3c23ab2fa42ef8c0e0aee69fc4f66eeb54f,documentation,new file (not in the game),,
2035,Ordinance Archery Overhaul DDDB-2035-6-1774914958.7z,,zzdddbordinance/Data/Tables.pak,9371,66de8818828823f59931f4890dba0ecf81d6dcbfde3d0341c0a5d02e48634fb7,container (.pak),container,,
2035,Ordinance Archery Overhaul DDDB-2035-6-1774914958.7z,zzdddbordinance/Data/Tables.pak,Libs/tables/item/ammo__zzdddbordinance.xml,9203,aad4b4a84d9172c7c063db5431c5348e0ac76ce1231e6b569e4705553c1cbb66,table patch,patches a game table (suffix __zzdddbordinance),Data/Tables.pak,"ammo: 2 new, 12 changed, 0 identical rows"
2035,Ordinance Archery Overhaul DDDB-2035-6-1774914958.7z,zzdddbordinance/Data/Tables.pak,Libs/tables/item/equippable_item__zzdddbordinance.xml,921,56655b15f2a609431fe810a2dbb17b68abc2ae26bae81f5c26ce22c9143c842c,table patch,patches a game table (suffix __zzdddbordinance),Data/Tables.pak,"equippable_item: 2 new, 0 changed, 0 identical rows"
2035,Ordinance Archery Overhaul DDDB-2035-6-1774914958.7z,zzdddbordinance/Data/Tables.pak,Libs/tables/item/item__zzdddbordinance.xml,599,58016246ac7376953622ca7d8211b83b4dca150812a06dbbf1971b5af1f4a422,table patch,patches a game table (suffix __zzdddbordinance),Data/Tables.pak,"item: 2 new, 0 changed, 0 identical rows"
2035,Ordinance Archery Overhaul DDDB-2035-6-1774914958.7z,zzdddbordinance/Data/Tables.pak,Libs/tables/item/missile_weapon__zzdddbordinance.xml,4118,88114ce089cfe5c5b5485e7605903dc88ece7ae12972c7b9bcf9b5511fa5eca1,table patch,patches a game table (suffix __zzdddbordinance),Data/Tables.pak,"missile_weapon: 0 new, 6 changed, 17 identical rows"
2035,Ordinance Archery Overhaul DDDB-2035-6-1774914958.7z,zzdddbordinance/Data/Tables.pak,Libs/tables/item/pickable_item__zzdddbordinance.xml,4749,40503be4004ecac930305927b6324cebebae9a2a2f23795665fba33867f9055f,table patch,patches a game table (suffix __zzdddbordinance),Data/Tables.pak,"pickable_item: 2 new, 16 changed, 0 identical rows"
2035,Ordinance Archery Overhaul DDDB-2035-6-1774914958.7z,zzdddbordinance/Data/Tables.pak,Libs/tables/item/player_item__zzdddbordinance.xml,663,c961eda1bb55fcf0c642e1eb1a26ccdb90269d1f5956bc2aea2f61a90692d621,table patch,patches a game table (suffix __zzdddbordinance),Data/Tables.pak,"player_item: 2 new, 0 changed, 0 identical rows"
2035,Ordinance Archery Overhaul DDDB-2035-6-1774914958.7z,zzdddbordinance/Data/Tables.pak,Libs/tables/item/weapon_class__zzdddbordinance.xml,3266,940f57ded8d48d502ae2f2080491b1c0bd9601cf3311c6a4c8c3a1ace7846764,table patch,patches a game table (suffix __zzdddbordinance),Data/Tables.pak,"weapon_class: 0 new, 1 changed, 0 identical rows"
2035,Ordinance Archery Overhaul DDDB-2035-6-1774914958.7z,zzdddbordinance/Data/Tables.pak,Libs/tables/item/weapon__zzdddbordinance.xml,7803,4258c5e305806551812a661ca607096d07d19b293583200f780c286af23fbe23,table patch,patches a game table (suffix __zzdddbordinance),Data/Tables.pak,"weapon: 0 new, 13 changed, 10 identical rows"
2035,Ordinance Archery Overhaul DDDB-2035-6-1774914958.7z,,zzdddbordinance/Data/scripts.pak,787,4144bd34d48b2107aac7c3ad71ffc1f54f3c294c226f48f56a538a622035105f,container (.pak),container,,
2035,Ordinance Archery Overhaul DDDB-2035-6-1774914958.7z,zzdddbordinance/Data/scripts.pak,entities/Items/XML/Ammo/Arrow__zzdddbordinance.xml,1915,5ef20ab5b0ee12821fd059eb4ae05b29b2b2b0a1705c948e22609954ccf1bcc3,other xml,new file (not in the game),,
2035,Ordinance Archery Overhaul DDDB-2035-6-1774914958.7z,,zzdddbordinance/Ordinance over Arsenal.txt,418,f36c1b09ba17f35170775d06b49060fad887ef96a29b05476880f42a23dcd000,documentation,new file (not in the game),,
2035,Ordinance Archery Overhaul DDDB-2035-6-1774914958.7z,,zzdddbordinance/mod.manifest,398,b4bec092453e019a48a109d2ef0edaa27310bde38ddbc62a09aec5d9f39907a4,manifest,new file (not in the game),,
2035,Ordinance Archery Overhaul DDDB-2035-6-1774914958.7z,,zzdddbordinance/terms of endearment.txt,2616,e94be3e70f2a9584afd9d6773a7704b9a25a0089dba7bab1bdd9ab891c3688e3,documentation,new file (not in the game),,
2045,Polearms Unleashed Rebalanced Lite Edition-2045-1-1-1779784172.7z,,PURLE/Data/PolearmAnimations.pak,201290,8bc84bee720752789fa54e31259b38781eb514c272bfe3907aef03197f7890ed,container (.pak),container,,
2045,Polearms Unleashed Rebalanced Lite Edition-2045-1-1-1779784172.7z,PURLE/Data/PolearmAnimations.pak,animations/humans/male/blendSpace/combat/halberd/1d-combat_lg_z2_natksw_hlbrd.bspace,1095,992f57c99976ec9e5b75f487cf1d6dc7b496644636a388858edafa69be1729bd,animation,new file (not in the game),,
2045,Polearms Unleashed Rebalanced Lite Edition-2045-1-1-1779784172.7z,PURLE/Data/PolearmAnimations.pak,animations/humans/male/blendSpace/combat/halberd/1d-combat_lg_z4_natksw_hlbrd.bspace,1095,8ae89c7823ef840f2cc9a40686e50990b0f078c7459442b5c2dd8b832b546809,animation,new file (not in the game),,
2045,Polearms Unleashed Rebalanced Lite Edition-2045-1-1-1779784172.7z,PURLE/Data/PolearmAnimations.pak,animations/humans/male/blendSpace/combat/halberd/1d-combat_rg_z1_natksw_hlbrd.bspace,451,8a0c5b141d841f96d222227dc684cf40c3860c8be04f1a09069d0f43f1dd01ba,animation,new file (not in the game),,
2045,Polearms Unleashed Rebalanced Lite Edition-2045-1-1-1779784172.7z,PURLE/Data/PolearmAnimations.pak,animations/humans/male/blendSpace/combat/halberd/1d-combat_rg_z3_natksw_hlbrd.bspace,451,6f2dd1e3e659af6020fe3ae5fb4cac9a2ba41f14ab2c9efcf059a37185348b27,animation,new file (not in the game),,
2045,Polearms Unleashed Rebalanced Lite Edition-2045-1-1-1779784172.7z,PURLE/Data/PolearmAnimations.pak,animations/mannequin/adb/kcd_male_controllerdefs.xml,98230,aa2965560f17b11438574b3d9fed2bdd93d3469c1a659a42848f453467aa4773,other xml,replaces the game's file,Data/Animations-part1.pak,
2045,Polearms Unleashed Rebalanced Lite Edition-2045-1-1-1779784172.7z,PURLE/Data/PolearmAnimations.pak,animations/mannequin/adb/kcd_male_database.adb,6361597,3b0d0b077a0433fb3aca49f573927316ae21a16027dadfa38df03ad2e7b1b8dd,animation,replaces the game's file,Data/Animations-part1.pak,
2045,Polearms Unleashed Rebalanced Lite Edition-2045-1-1-1779784172.7z,,PURLE/Data/PolearmFeint.pak,51769,bb47d2114f339f8712f0e5229c842e50149ef181b967dcd9ba5c438b6fa80e2d,container (.pak),container,,
2045,Polearms Unleashed Rebalanced Lite Edition-2045-1-1-1779784172.7z,PURLE/Data/PolearmFeint.pak,Libs/Tables/combat/combat_action_attack__PURLE.xml,28273,2c018d01510492763d2e50720bd275b1b0a858944503c1278d0789d8be7a738d,table patch,patches a game table (suffix __PURLE),Data/Tables.pak,"combat_action_attack: 6 new, 0 changed, 8 identical rows"
2045,Polearms Unleashed Rebalanced Lite Edition-2045-1-1-1779784172.7z,PURLE/Data/PolearmFeint.pak,Libs/Tables/combat/combat_action_guard_movement__PURLE.xml,5411,85a32b6f2da423a00a2c1cda78cc53f1b802d2aebce462fe17f28230b6a01380,table patch,patches a game table (suffix __PURLE),Data/Tables.pak,"combat_action_guard_movement: 4 new, 0 changed, 0 identical rows"
2045,Polearms Unleashed Rebalanced Lite Edition-2045-1-1-1779784172.7z,PURLE/Data/PolearmFeint.pak,Libs/Tables/combat/combat_action_pose_modifier__PURLE.xml,16989,03c61982b14c88eb95345832c96ed0f3755776c675edd53094c36130db8e2b08,table patch,patches a game table (suffix __PURLE),Data/Tables.pak,"combat_action_pose_modifier: 16 new, 0 changed, 0 identical rows"
2045,Polearms Unleashed Rebalanced Lite Edition-2045-1-1-1779784172.7z,,PURLE/Data/PolearmPerfectBlock.pak,17309,88061ec5c9a39bb2bddaf7eef04ffcd2626f12ed6dd3e6a6d5e98c2d70f02357,container (.pak),container,,
2045,Polearms Unleashed Rebalanced Lite Edition-2045-1-1-1779784172.7z,PURLE/Data/PolearmPerfectBlock.pak,Libs/Tables/combat/combat_action_perfect_block__PURLE.xml,11717,58857c12d772f560275cf3e381e03d579def1bef08ac6c6aaf46751adf1f5cc0,table patch,patches a game table (suffix __PURLE),Data/Tables.pak,"combat_action_perfect_block: 5 new, 0 changed, 0 identical rows"
2045,Polearms Unleashed Rebalanced Lite Edition-2045-1-1-1779784172.7z,PURLE/Data/PolearmPerfectBlock.pak,Libs/Tables/combat/combat_action_sync_pb_hit__PURLE.xml,4714,e98c177542411f5a97c326fdef50612a35682455d9236c58cffb6b29a182ccb5,table patch,patches a game table (suffix __PURLE),Data/Tables.pak,"combat_action_sync_pb_hit: 2 new, 0 changed, 0 identical rows"
2045,Polearms Unleashed Rebalanced Lite Edition-2045-1-1-1779784172.7z,,PURLE/Data/PolearmSkill.pak,1862,7a2d4c548df26dadfb6468797ac9154ae6b561056db44bf98725a5d391196483,container (.pak),container,,
2045,Polearms Unleashed Rebalanced Lite Edition-2045-1-1-1779784172.7z,PURLE/Data/PolearmSkill.pak,Libs/Tables/rpg/skill__PURLE.xml,1262,cb9e69682a44d1024d6134985e98ec175f3f306925894f4f28bf399476101388,table patch,patches a game table (suffix __PURLE),Data/Tables.pak,"skill: 0 new, 1 changed, 0 identical rows"
2045,Polearms Unleashed Rebalanced Lite Edition-2045-1-1-1779784172.7z,,PURLE/Data/PolearmUtility.pak,20177,c9c433989e8225190287abef6985cd0738b3424d00e6c727f1904e8f6d92c0b9,container (.pak),container,,
2045,Polearms Unleashed Rebalanced Lite Edition-2045-1-1-1779784172.7z,PURLE/Data/PolearmUtility.pak,Libs/Tables/item/equippable_item__PURLE.xml,2027,c1a37d860b01dad33894fc1c8d1f7b954b4d89a8ba1d138c9eaf9f0ee502b680,table patch,patches a game table (suffix __PURLE),Data/Tables.pak,"equippable_item: 0 new, 8 changed, 0 identical rows"
2045,Polearms Unleashed Rebalanced Lite Edition-2045-1-1-1779784172.7z,PURLE/Data/PolearmUtility.pak,Libs/Tables/item/melee_weapon__PURLE.xml,2195,07e068bf3a046dc3556d3e705f7a07c0bae696a6fe85d5fc6db7f023eaa02feb,table patch,patches a game table (suffix __PURLE),Data/Tables.pak,"melee_weapon: 0 new, 11 changed, 0 identical rows"
2045,Polearms Unleashed Rebalanced Lite Edition-2045-1-1-1779784172.7z,PURLE/Data/PolearmUtility.pak,Libs/Tables/item/pickable_item__PURLE.xml,2812,e8204e3ab099e66f3db5b970cf079012803cae1cbeab1d9d19502fd4d7631df5,table patch,patches a game table (suffix __PURLE),Data/Tables.pak,"pickable_item: 0 new, 10 changed, 0 identical rows"
2045,Polearms Unleashed Rebalanced Lite Edition-2045-1-1-1779784172.7z,PURLE/Data/PolearmUtility.pak,Libs/Tables/item/weapon_class__PURLE.xml,2554,9726d40ef8dc11e08760fe42847f1e02aa1a8c9e564e71733500befb251f0444,table patch,patches a game table (suffix __PURLE),Data/Tables.pak,"weapon_class: 1 new, 0 changed, 0 identical rows"
2045,Polearms Unleashed Rebalanced Lite Edition-2045-1-1-1779784172.7z,PURLE/Data/PolearmUtility.pak,Libs/Tables/item/weapon__PURLE.xml,3575,f6d76e1436c60eab8c2e21ac5a6f9da147be782c933aea2a2cb37a9376fbb61c,table patch,patches a game table (suffix __PURLE),Data/Tables.pak,"weapon: 0 new, 12 changed, 0 identical rows"
2045,Polearms Unleashed Rebalanced Lite Edition-2045-1-1-1779784172.7z,PURLE/Data/PolearmUtility.pak,Libs/Tables/shop/shop_type2item__PURLE.xml,4248,4f5c6ac8a575f8a494fdf0a4b5aff4f9f79589262ea78e6fe2558afcfa2c0e56,table patch,patches a game table (suffix __PURLE),Data/Tables.pak,"shop_type2item: 30 new, 0 changed, 0 identical rows"
2045,Polearms Unleashed Rebalanced Lite Edition-2045-1-1-1779784172.7z,PURLE/Data/PolearmUtility.pak,Scripts/polearm.lua,345,56ac6f147da4a334e26c0a246601b76c41fc7be0a5d04f9a0fcb361fbaef5a65,Lua script,new file (not in the game),,Lua: new
2045,Polearms Unleashed Rebalanced Lite Edition-2045-1-1-1779784172.7z,PURLE/Data/PolearmUtility.pak,Scripts/Startup/polearm_startup.lua,93,f1a5e5a90b8ac6a824d691f16dc20ee218a737c0b528f6f935569731a8025588,Lua script,new file (not in the game),,Lua: new
2045,Polearms Unleashed Rebalanced Lite Edition-2045-1-1-1779784172.7z,,PURLE/mod.manifest,500,ac18638c79163d62f2dea0e287f24075e5e7eaf974d437c660fbb4dbdb814126,manifest,new file (not in the game),,
2173,True Hardcore Maintenance-2173-2-0-1776308890.zip,,TrueHardcoreMaintenance/Localization/English_xml.pak,390,d021b16f506e9ab75af9683a7e6ed2f6dbd97a8f0e8b8c5b539fedfd6671ad3b,container (.pak),container,,
2173,True Hardcore Maintenance-2173-2-0-1776308890.zip,TrueHardcoreMaintenance/Localization/English_xml.pak,text__truehardcoremaintenance.xml,611,476f7e807a42287c290bf1fcc146693d259bb537315c858a8e8978b493dd7e38,localization,patch of the game's text,,"2 strings changed, 0 new (compared with the game's English text)"
2173,True Hardcore Maintenance-2173-2-0-1776308890.zip,,TrueHardcoreMaintenance/data/truehardcoremaintenance.pak,8533,d6167f7b3e09322e95cce00decdc7ac893983a36c81d7a00d15814cd703968de,container (.pak),container,,
2173,True Hardcore Maintenance-2173-2-0-1776308890.zip,TrueHardcoreMaintenance/data/truehardcoremaintenance.pak,libs/tables/inventory/inventory_preset2item__truehardcoremaintenance.tbl,252,f26d52a5e0aadb9361248b8d856231b8de908edcc538533bcccc317c6dccb111,other,new file (not in the game),,
2173,True Hardcore Maintenance-2173-2-0-1776308890.zip,TrueHardcoreMaintenance/data/truehardcoremaintenance.pak,libs/tables/inventory/inventory_preset2item__truehardcoremaintenance.xml,1372,f2c40b7105a2d20a21977d4d0bbab62d21c29910af52d4b8d30b29c73703d978,table patch,patches a game table (suffix __truehardcoremaintenance),Data/Tables.pak,"inventory_preset2item: 0 new, 4 changed, 0 identical rows"
2173,True Hardcore Maintenance-2173-2-0-1776308890.zip,TrueHardcoreMaintenance/data/truehardcoremaintenance.pak,libs/tables/item/armor__truehardcoremaintenance.tbl,3228,b458394587dfdb6ad0796f0b8a0e34d9264b39d54f08da4ffb8ac935bc626e67,other,new file (not in the game),,
2173,True Hardcore Maintenance-2173-2-0-1776308890.zip,TrueHardcoreMaintenance/data/truehardcoremaintenance.pak,libs/tables/item/armor__truehardcoremaintenance.xml,12661,c03b753c5736c7e2ba18cd1beb678353ccbbeed512b64ade0d166b12e51e6070,table patch,patches a game table (suffix __truehardcoremaintenance),Data/Tables.pak,"armor: 0 new, 20 changed, 0 identical rows"
2173,True Hardcore Maintenance-2173-2-0-1776308890.zip,TrueHardcoreMaintenance/data/truehardcoremaintenance.pak,libs/tables/item/ointment_item__truehardcoremaintenance.tbl,60,7190a4f048f6e0334aac782ec3cf06698bd17787aa3cc0cafb23cf48b4df5086,other,new file (not in the game),,
2173,True Hardcore Maintenance-2173-2-0-1776308890.zip,TrueHardcoreMaintenance/data/truehardcoremaintenance.pak,libs/tables/item/ointment_item__truehardcoremaintenance.xml,576,4005dbec0842f253f5e0a2e1120fc8fe9e2a40a665719e966850ca38a896dd82,table patch,patches a game table (suffix __truehardcoremaintenance),Data/Tables.pak,"ointment_item: 0 new, 1 changed, 0 identical rows"
2173,True Hardcore Maintenance-2173-2-0-1776308890.zip,TrueHardcoreMaintenance/data/truehardcoremaintenance.pak,libs/tables/item/pickable_item__truehardcoremaintenance.tbl,788,45f82aaf89f7ff21afafcd53fc698483772734d1a1f988c9405b99c6f75a88c9,other,new file (not in the game),,
2173,True Hardcore Maintenance-2173-2-0-1776308890.zip,TrueHardcoreMaintenance/data/truehardcoremaintenance.pak,libs/tables/item/pickable_item__truehardcoremaintenance.xml,2300,7cd49dcebaa5e7e0e9f0eb9dac458073b3d03a1c1549370fb08450c8a389eb3e,table patch,patches a game table (suffix __truehardcoremaintenance),Data/Tables.pak,"pickable_item: 0 new, 8 changed, 0 identical rows"
2173,True Hardcore Maintenance-2173-2-0-1776308890.zip,TrueHardcoreMaintenance/data/truehardcoremaintenance.pak,libs/tables/rpg/buff__truehardcoremaintenance.tbl,340,e3fba29bf6226d82fabfefdd4f5ceb94d90bb279c4ad1a99ceb14b4b20e8227d,other,new file (not in the game),,
2173,True Hardcore Maintenance-2173-2-0-1776308890.zip,TrueHardcoreMaintenance/data/truehardcoremaintenance.pak,libs/tables/rpg/buff__truehardcoremaintenance.xml,2125,58a4052ee82792b15550c66bcaf6480c5950c807d39f6df62de35682935f28cb,table patch,patches a game table (suffix __truehardcoremaintenance),Data/Tables.pak,"buff: 0 new, 2 changed, 0 identical rows"
2173,True Hardcore Maintenance-2173-2-0-1776308890.zip,TrueHardcoreMaintenance/data/truehardcoremaintenance.pak,libs/tables/rpg/perk_rpg_param_override__truehardcoremaintenance.tbl,252,1425b322a1d3fc0eb0292b9509d15d96efb6ec9a88ecb5731e55cf7b4e7a9566,other,new file (not in the game),,
2173,True Hardcore Maintenance-2173-2-0-1776308890.zip,TrueHardcoreMaintenance/data/truehardcoremaintenance.pak,libs/tables/rpg/perk_rpg_param_override__truehardcoremaintenance.xml,888,0ea7409afb8902f4bdf754c5c298d7479968f2a484157d6339ff85a7e52ac682,table patch,patches a game table (suffix __truehardcoremaintenance),Data/Tables.pak,"perk_rpg_param_override: 0 new, 4 changed, 0 identical rows"
2173,True Hardcore Maintenance-2173-2-0-1776308890.zip,TrueHardcoreMaintenance/data/truehardcoremaintenance.pak,libs/tables/rpg/rpg_param__truehardcoremaintenance.tbl,335,b6d5341c310732d07c895e175340a3eb0ca9d2656bcbd2f57487f5e5dca727e5,other,new file (not in the game),,
2173,True Hardcore Maintenance-2173-2-0-1776308890.zip,TrueHardcoreMaintenance/data/truehardcoremaintenance.pak,libs/tables/rpg/rpg_param__truehardcoremaintenance.xml,895,151a2b7319ac1323148e13c65d37a95d52fe26c9d1d35df5f33c065d3d1c3469,table patch,patches a game table (suffix __truehardcoremaintenance),Data/Tables.pak,"rpg_param: 5 new, 2 changed, 0 identical rows"
2173,True Hardcore Maintenance-2173-2-0-1776308890.zip,TrueHardcoreMaintenance/data/truehardcoremaintenance.pak,libs/tables/rpg/skill2item_category__truehardcoremaintenance.tbl,102,c408876b8a7bb6572da0ad32db313533b0bad8be4f672988a612b007bb07fd2c,other,new file (not in the game),,
2173,True Hardcore Maintenance-2173-2-0-1776308890.zip,TrueHardcoreMaintenance/data/truehardcoremaintenance.pak,libs/tables/rpg/skill2item_category__truehardcoremaintenance.xml,471,269e30f3ac385124c8c25f2ef6d88fdb4fd78624a7cf2b5aecbacca4deb70d9c,table patch,patches a game table (suffix __truehardcoremaintenance),Data/Tables.pak,"skill2item_category: 2 new, 0 changed, 0 identical rows"
2173,True Hardcore Maintenance-2173-2-0-1776308890.zip,,TrueHardcoreMaintenance/mod.manifest,482,3fa21f58ece1dc7aa7fd9366f5ca387fce5a0eb036dfa25bf9da082fcecf93f1,manifest,new file (not in the game),,
2179,True Hardcore Combat-2179-1-3-1778946895.zip,,TrueHardcoreCombat/Localization/English_xml.pak,2450,7c9297c9a902f0287e194d5806ddbd0d94bcf5b898ae1bf8a525991ee5ce6c72,container (.pak),container,,
2179,True Hardcore Combat-2179-1-3-1778946895.zip,TrueHardcoreCombat/Localization/English_xml.pak,text__truehardcorecombat.xml,12020,dda06a472bc26cdcf0fafda3a57b7b912184970b75c5d5bbbc7c3d428873cc65,localization,patch of the game's text,,"36 strings changed, 0 new (compared with the game's English text)"
2179,True Hardcore Combat-2179-1-3-1778946895.zip,,TrueHardcoreCombat/data/truehardcorecombat.pak,18551,d7b859df7572e8f9ad41172f0922c11a2f360d1abdfad4741a882af873f89c68,container (.pak),container,,
2179,True Hardcore Combat-2179-1-3-1778946895.zip,TrueHardcoreCombat/data/truehardcorecombat.pak,libs/tables/item/ammo__truehardcorecombat.tbl,1240,525e57fd6c920a6814cf8a24ce5ec7f2e1f520788420ad42ca111494b86cf745,other,new file (not in the game),,
2179,True Hardcore Combat-2179-1-3-1778946895.zip,TrueHardcoreCombat/data/truehardcorecombat.pak,libs/tables/item/ammo__truehardcorecombat.xml,4864,5c951d6ccfd4f5c74f8e1863082e6864f8aa8aa5ddb946574824060fa1f2d9dc,table patch,patches a game table (suffix __truehardcorecombat),Data/Tables.pak,"ammo: 0 new, 14 changed, 0 identical rows"
2179,True Hardcore Combat-2179-1-3-1778946895.zip,TrueHardcoreCombat/data/truehardcorecombat.pak,libs/tables/item/food__truehardcorecombat.tbl,652,80180490bc1dd1e135c142834b51538e899691233d65e6cd2bcd33985c0b6164,other,new file (not in the game),,
2179,True Hardcore Combat-2179-1-3-1778946895.zip,TrueHardcoreCombat/data/truehardcorecombat.pak,libs/tables/item/food__truehardcorecombat.xml,2774,4c535e5ea44dc6081511b1e66af8cb1986456dead96d1b74d836b415c9afa8d4,table patch,patches a game table (suffix __truehardcorecombat),Data/Tables.pak,"food: 0 new, 6 changed, 0 identical rows"
2179,True Hardcore Combat-2179-1-3-1778946895.zip,TrueHardcoreCombat/data/truehardcorecombat.pak,libs/tables/item/pickable_item__truehardcorecombat.tbl,1040,0aaabc0abbd3a9c4c34d0006b871b5dc7eaefb250d6a364669454b449bbdf8ec,other,new file (not in the game),,
2179,True Hardcore Combat-2179-1-3-1778946895.zip,TrueHardcoreCombat/data/truehardcorecombat.pak,libs/tables/item/pickable_item__truehardcorecombat.xml,3180,a0d9bfc313cac4f803bcde488356ba5ad5141a858d210cce327eb24b5253cb8b,table patch,patches a game table (suffix __truehardcorecombat),Data/Tables.pak,"pickable_item: 0 new, 13 changed, 0 identical rows"
2179,True Hardcore Combat-2179-1-3-1778946895.zip,TrueHardcoreCombat/data/truehardcorecombat.pak,libs/tables/rpg/buff__truehardcorecombat.tbl,6292,50c01c289fafd0e30933af08b961c957718b438c940660c63a17075237cdc89b,other,new file (not in the game),,
2179,True Hardcore Combat-2179-1-3-1778946895.zip,TrueHardcoreCombat/data/truehardcorecombat.pak,libs/tables/rpg/buff__truehardcorecombat.xml,17277,aaa25c6e9d8510e10c70a0a774d29c08dc0d64a99ffbdb407212b7e6ed5a5376,table patch,patches a game table (suffix __truehardcorecombat),Data/Tables.pak,"buff: 0 new, 35 changed, 0 identical rows"
2179,True Hardcore Combat-2179-1-3-1778946895.zip,TrueHardcoreCombat/data/truehardcorecombat.pak,libs/tables/rpg/morale_change__truehardcorecombat.tbl,376,10cb014d3b8760b6845ea55f2a2346f448dc1d6787a3c29eafd6b48e3af67f20,other,new file (not in the game),,
2179,True Hardcore Combat-2179-1-3-1778946895.zip,TrueHardcoreCombat/data/truehardcorecombat.pak,libs/tables/rpg/morale_change__truehardcorecombat.xml,956,d26c0a8efae67bafe551846376a83d4ad3480708d702f4f508d1afa5d5300d2a,table patch,patches a game table (suffix __truehardcorecombat),Data/Tables.pak,"morale_change: 0 new, 7 changed, 0 identical rows"
2179,True Hardcore Combat-2179-1-3-1778946895.zip,TrueHardcoreCombat/data/truehardcorecombat.pak,libs/tables/rpg/perk2perk_exclusivity__truehardcorecombat.tbl,60,04888144a61d12bc275cb64247f35dff8e8eaeae3b70358ada54ff7da6584b9a,other,new file (not in the game),,
2179,True Hardcore Combat-2179-1-3-1778946895.zip,TrueHardcoreCombat/data/truehardcorecombat.pak,libs/tables/rpg/perk2perk_exclusivity__truehardcorecombat.xml,450,23189bb7ae093c6afc956a30918475581a4ac409d2f75fd4f512feaaeb410bd6,table patch,patches a game table (suffix __truehardcorecombat),Data/Tables.pak,"perk2perk_exclusivity: 1 new, 0 changed, 0 identical rows"
2179,True Hardcore Combat-2179-1-3-1778946895.zip,TrueHardcoreCombat/data/truehardcorecombat.pak,libs/tables/rpg/perk_rpg_param_override__truehardcorecombat.tbl,453,a04a2926daab981c6f31f74c469e94f8fc221052605d04c042e81c15a9417c93,other,new file (not in the game),,
2179,True Hardcore Combat-2179-1-3-1778946895.zip,TrueHardcoreCombat/data/truehardcorecombat.pak,libs/tables/rpg/perk_rpg_param_override__truehardcorecombat.xml,1287,b5cc8cecda9db4cdbbcc47f0dc01767e1fcbef24841ed9295662950e40646726,table patch,patches a game table (suffix __truehardcorecombat),Data/Tables.pak,"perk_rpg_param_override: 0 new, 7 changed, 0 identical rows"
2179,True Hardcore Combat-2179-1-3-1778946895.zip,TrueHardcoreCombat/data/truehardcorecombat.pak,libs/tables/rpg/rpg_movement_type__truehardcorecombat.tbl,164,ceaf79391fda67e4509d98bdf540cbd956998a62b99bc73a1dde704f3fdbb434,other,new file (not in the game),,
2179,True Hardcore Combat-2179-1-3-1778946895.zip,TrueHardcoreCombat/data/truehardcorecombat.pak,libs/tables/rpg/rpg_movement_type__truehardcorecombat.xml,1429,862d12812d7785885a9da8809c8f73c97275be138c736f20cccbc1ad68c16e06,table patch,patches a game table (suffix __truehardcorecombat),Data/Tables.pak,"rpg_movement_type: 0 new, 3 changed, 0 identical rows"
2179,True Hardcore Combat-2179-1-3-1778946895.zip,TrueHardcoreCombat/data/truehardcorecombat.pak,libs/tables/rpg/rpg_param__truehardcorecombat.tbl,3728,7ef3687734af7cc4e9c9996a524f7e43d60fcc3b7401c523ca198eafd75eac22,other,new file (not in the game),,
2179,True Hardcore Combat-2179-1-3-1778946895.zip,TrueHardcoreCombat/data/truehardcorecombat.pak,libs/tables/rpg/rpg_param__truehardcorecombat.xml,7197,3b17ccbe69d467951b73212ea6a49d55c7f393972464d7a759f12228969bb837,table patch,patches a game table (suffix __truehardcorecombat),Data/Tables.pak,"rpg_param: 71 new, 16 changed, 0 identical rows"
2179,True Hardcore Combat-2179-1-3-1778946895.zip,TrueHardcoreCombat/data/truehardcorecombat.pak,libs/tables/rpg/social_class__truehardcorecombat.tbl,1776,71b7e0755bb57a45b025de70241e1462e884e4a5836c38aa5d418612fe0ff563,other,new file (not in the game),,
2179,True Hardcore Combat-2179-1-3-1778946895.zip,TrueHardcoreCombat/data/truehardcorecombat.pak,libs/tables/rpg/social_class__truehardcorecombat.xml,7453,4defc1c181315d55411b7b54e2e89a2074f2819e5eb164a79b9b7dacb8d0ec9f,table patch,patches a game table (suffix __truehardcorecombat),Data/Tables.pak,"social_class: 0 new, 42 changed, 0 identical rows"
2179,True Hardcore Combat-2179-1-3-1778946895.zip,TrueHardcoreCombat/data/truehardcorecombat.pak,libs/tables/rpg/soul_archetype__truehardcorecombat.tbl,344,94d5c55789d663c7e9547fb85d262c310a04c917bf32e42d04c3bfd8a660d14d,other,new file (not in the game),,
2179,True Hardcore Combat-2179-1-3-1778946895.zip,TrueHardcoreCombat/data/truehardcorecombat.pak,libs/tables/rpg/soul_archetype__truehardcorecombat.xml,2452,6fd8a38d7c5b56233cb3d7f6d9900e358fa0b7155bd0bbd70999b22ef4772416,table patch,patches a game table (suffix __truehardcorecombat),Data/Tables.pak,"soul_archetype: 0 new, 5 changed, 0 identical rows"
2179,True Hardcore Combat-2179-1-3-1778946895.zip,,TrueHardcoreCombat/mod.manifest,397,529c02d900d81cd91108e4b1454a410152dc008e667c8ab72a600eb63e0bb3f0,manifest,new file (not in the game),,
2209,patch True Hardcore Poisonous Enemies-2209-1-0-1776249027.zip,,zzzpatchTrueHardcorePoisonousEnemies/Localization/English_xml.pak,321,80efd884bf5de1d07c3ebeabff492b750aba2ca879c6a2b992ce7abbf4af0d61,container (.pak),container,,
2209,patch True Hardcore Poisonous Enemies-2209-1-0-1776249027.zip,zzzpatchTrueHardcorePoisonousEnemies/Localization/English_xml.pak,text__patchtruehardcorepoisonousenemies.xml,358,e277a2c1fa3525b8e8a9323f87f2e4674d84f6e9bfbbe09abcc7851c3028a595,localization,patch of the game's text,,"0 strings changed, 3 new (compared with the game's English text)"
2209,patch True Hardcore Poisonous Enemies-2209-1-0-1776249027.zip,,zzzpatchTrueHardcorePoisonousEnemies/data/Scripts.pak,2856,43a2d00afff7d6a262b8974287b2fa7fa1250963272c6cd3d2b695d50661a3c0,container (.pak),container,,
2209,patch True Hardcore Poisonous Enemies-2209-1-0-1776249027.zip,zzzpatchTrueHardcorePoisonousEnemies/data/Scripts.pak,Scripts/Utils/PoisonousUtils.lua,15491,23db29180285fa5d0df517934ad91bf019d05592862fe891ea97eb9a639d38af,Lua script,new file (not in the game),,Lua: new
2209,patch True Hardcore Poisonous Enemies-2209-1-0-1776249027.zip,,zzzpatchTrueHardcorePoisonousEnemies/data/patchtruehardcorepoisonousenemies.pak,6325,f924f91cd2929770442691ec0851d54e5d900ecd8ca410ce7b22a38ac7bebaad,container (.pak),container,,
2209,patch True Hardcore Poisonous Enemies-2209-1-0-1776249027.zip,zzzpatchTrueHardcorePoisonousEnemies/data/patchtruehardcorepoisonousenemies.pak,libs/tables/item/armor__patchtruehardcorepoisonousenemies.tbl,401,e2c1810c06be364b446646577958726966eaf157883e6a0d8faeb3d7252c161a,other,new file (not in the game),,
2209,patch True Hardcore Poisonous Enemies-2209-1-0-1776249027.zip,zzzpatchTrueHardcorePoisonousEnemies/data/patchtruehardcorepoisonousenemies.pak,libs/tables/item/armor__patchtruehardcorepoisonousenemies.xml,2834,e1cc3b164f513798f0d341e959fb39e988fb110450d25f7610e4360d1387e318,table patch,patches a game table (suffix __patchtruehardcorepoisonousenemies),Data/Tables.pak,"armor: 2 new, 0 changed, 0 identical rows"
2209,patch True Hardcore Poisonous Enemies-2209-1-0-1776249027.zip,zzzpatchTrueHardcorePoisonousEnemies/data/patchtruehardcorepoisonousenemies.pak,libs/tables/item/armor_type__patchtruehardcorepoisonousenemies.tbl,124,8ef116b3162b5a4d1e491e734bb828f5bd7ee85f311df82105e1e0b3d8598fca,other,new file (not in the game),,
2209,patch True Hardcore Poisonous Enemies-2209-1-0-1776249027.zip,zzzpatchTrueHardcorePoisonousEnemies/data/patchtruehardcorepoisonousenemies.pak,libs/tables/item/armor_type__patchtruehardcorepoisonousenemies.xml,570,9185fbf2f9d6bd09a4ce7735aec7bfb46a445989b350e81e5b07b9152073625a,table patch,patches a game table (suffix __patchtruehardcorepoisonousenemies),Data/Tables.pak,"armor_type: 2 new, 0 changed, 0 identical rows"
2209,patch True Hardcore Poisonous Enemies-2209-1-0-1776249027.zip,zzzpatchTrueHardcorePoisonousEnemies/data/patchtruehardcorepoisonousenemies.pak,libs/tables/item/pickable_item__patchtruehardcorepoisonousenemies.tbl,211,54bb469e27cf3cbd40568d4a60b8209b75902c205f6069e544ed01a399cc88e4,other,new file (not in the game),,
2209,patch True Hardcore Poisonous Enemies-2209-1-0-1776249027.zip,zzzpatchTrueHardcorePoisonousEnemies/data/patchtruehardcorepoisonousenemies.pak,libs/tables/item/pickable_item__patchtruehardcorepoisonousenemies.xml,1063,b5985967a303b99568b440ee3360ad153e729a589a07cf65eb31e9306406eb52,table patch,patches a game table (suffix __patchtruehardcorepoisonousenemies),Data/Tables.pak,"pickable_item: 2 new, 0 changed, 0 identical rows"
2209,patch True Hardcore Poisonous Enemies-2209-1-0-1776249027.zip,zzzpatchTrueHardcorePoisonousEnemies/data/patchtruehardcorepoisonousenemies.pak,libs/tables/item/player_item__patchtruehardcorepoisonousenemies.tbl,167,e8cacb3a3806aae23839a862d2e7a8ee26856288a3f9c5f45eb6cd71a3437f9d,other,new file (not in the game),,
2209,patch True Hardcore Poisonous Enemies-2209-1-0-1776249027.zip,zzzpatchTrueHardcorePoisonousEnemies/data/patchtruehardcorepoisonousenemies.pak,libs/tables/item/player_item__patchtruehardcorepoisonousenemies.xml,690,deeee288044595d1997caf8507951937a81ad1df8f5310dbc82d210d3ab29b3e,table patch,patches a game table (suffix __patchtruehardcorepoisonousenemies),Data/Tables.pak,"player_item: 2 new, 0 changed, 0 identical rows"
2209,patch True Hardcore Poisonous Enemies-2209-1-0-1776249027.zip,zzzpatchTrueHardcorePoisonousEnemies/data/patchtruehardcorepoisonousenemies.pak,libs/tables/rpg/buff__patchtruehardcorepoisonousenemies.tbl,407,69e8f7979694eda1d65bf0bf0dffe2696148ec7d1002e57631de790e28fafdd5,other,new file (not in the game),,
2209,patch True Hardcore Poisonous Enemies-2209-1-0-1776249027.zip,zzzpatchTrueHardcorePoisonousEnemies/data/patchtruehardcorepoisonousenemies.pak,libs/tables/rpg/buff__patchtruehardcorepoisonousenemies.xml,2214,d620522df279f650b4d2dded14c667af74fd492c08172f8c44033523d4c9aed9,table patch,patches a game table (suffix __patchtruehardcorepoisonousenemies),Data/Tables.pak,"buff: 2 new, 0 changed, 0 identical rows"
2209,patch True Hardcore Poisonous Enemies-2209-1-0-1776249027.zip,zzzpatchTrueHardcorePoisonousEnemies/data/patchtruehardcorepoisonousenemies.pak,libs/tables/shop/shop_type2item__patchtruehardcorepoisonousenemies.tbl,860,639b8723cd3eaffc6fec4682fae35a89708d4eae1a3f5f57aceb8072c745c572,other,new file (not in the game),,
2209,patch True Hardcore Poisonous Enemies-2209-1-0-1776249027.zip,zzzpatchTrueHardcorePoisonousEnemies/data/patchtruehardcorepoisonousenemies.pak,libs/tables/shop/shop_type2item__patchtruehardcorepoisonousenemies.xml,3257,89d49c2ef10a630a041d3c1129d4b458f49fe1a183be14e7aec457ba8bfe0635,table patch,patches a game table (suffix __patchtruehardcorepoisonousenemies),Data/Tables.pak,"shop_type2item: 26 new, 0 changed, 0 identical rows"
2209,patch True Hardcore Poisonous Enemies-2209-1-0-1776249027.zip,,zzzpatchTrueHardcorePoisonousEnemies/mod.manifest,426,7a40d21fa74c69c5bac8db9eaf6970e7a1caa0f84063ecd46ab0e2eb65bc0d12,manifest,new file (not in the game),,
2318,Visual Combo Helper 1.0.0 2318 1.0.0 2026-07-31T14-42Z uBF0oq5om.zip,,visualcombohelper/CHANGELOG.txt,798,d40c6e9ecf433562ec604002b9aa845538193521f367f6848ac2891f29782814,documentation,new file (not in the game),,
2318,Visual Combo Helper 1.0.0 2318 1.0.0 2026-07-31T14-42Z uBF0oq5om.zip,,visualcombohelper/Data/visual_combo_helper.pak,228209,76b5cf5557dad16b1cc9af892410bdfa6dd96429c7990761fd02ccc700a37687,container (.pak),container,,
2318,Visual Combo Helper 1.0.0 2318 1.0.0 2026-07-31T14-42Z uBF0oq5om.zip,visualcombohelper/Data/visual_combo_helper.pak,Libs/UI/Inventory.gfx,209703,d74d268cd2c0fcc907705e16527b51a347a9f0b4429058713da43a1285182bfc,UI (flash),replaces the game's file,Data/GameData.pak,
2318,Visual Combo Helper 1.0.0 2318 1.0.0 2026-07-31T14-42Z uBF0oq5om.zip,visualcombohelper/Data/visual_combo_helper.pak,Libs/UI/UIElements/VisualComboHelper.xml,11855,c97091ba4f13c71d77c7b86ce294091807074000ca2c81983e8d12d49673858b,other xml,new file (not in the game),,
2318,Visual Combo Helper 1.0.0 2318 1.0.0 2026-07-31T14-42Z uBF0oq5om.zip,visualcombohelper/Data/visual_combo_helper.pak,Libs/UI/visual_combo_helper.gfx,2508,6f13a9593b8c362a8e0171f590f5a6de348c9595f9f873c57df6510c187e3b95,UI (flash),new file (not in the game),,
2318,Visual Combo Helper 1.0.0 2318 1.0.0 2026-07-31T14-42Z uBF0oq5om.zip,visualcombohelper/Data/visual_combo_helper.pak,Scripts/Mods/visualcombohelper.lua,76683,8d0e1e9c585b240a6a0a4c66eaa7d312dafd207698c07b91b8c77e56a4b2960f,Lua script,new file (not in the game),,Lua: new
2318,Visual Combo Helper 1.0.0 2318 1.0.0 2026-07-31T14-42Z uBF0oq5om.zip,,visualcombohelper/README.txt,2323,3b77683972ef159bd393f22fb332c333cb6f9b8d81566c6d28cd75cdd270bdd0,documentation,new file (not in the game),,
2318,Visual Combo Helper 1.0.0 2318 1.0.0 2026-07-31T14-42Z uBF0oq5om.zip,,visualcombohelper/mod.manifest,264,733a3c538d09f50846f16a3cd7270af09e915cfa295db263bdaa7bd6838681d0,manifest,new file (not in the game),,
2323,Zz Alchemy Stash Link 2323 1.0 2026-08-03T20-39Z eXqNkidke.7z,,zz_alchemy_stash_link/Data/zz_alchemy_stash_link.pak,6124,31535078338d4198cffb37a817a77291c61edda79857f60d1e114aa690b9ea6c,container (.pak),container,,
2323,Zz Alchemy Stash Link 2323 1.0 2026-08-03T20-39Z eXqNkidke.7z,zz_alchemy_stash_link/Data/zz_alchemy_stash_link.pak,Scripts/Startup/alchemy_stash_link.lua,23669,341b8eee1a82a19ddd05e4660e7787ee4c1a3506689858fa57eb0f3c62751680,Lua script,new file (not in the game),,Lua: new
2323,Zz Alchemy Stash Link 2323 1.0 2026-08-03T20-39Z eXqNkidke.7z,,zz_alchemy_stash_link/alchemy_stash_link.lua,23669,341b8eee1a82a19ddd05e4660e7787ee4c1a3506689858fa57eb0f3c62751680,Lua script,new file (not in the game),,Lua: new
2323,Zz Alchemy Stash Link 2323 1.0 2026-08-03T20-39Z eXqNkidke.7z,,zz_alchemy_stash_link/config.lua,401,7601ff9b5fc5e3bf5a0d4036e3f862fb97c6245881f530ccbcb95462b13ef5da,Lua script,new file (not in the game),,Lua: new
2323,Zz Alchemy Stash Link 2323 1.0 2026-08-03T20-39Z eXqNkidke.7z,,zz_alchemy_stash_link/mod.manifest,307,457538a6f6a88e3f3bf39d442489bd3112a5c1d259b282d6d07779bf79837d2c,manifest,new file (not in the game),,
2343,Ultimate Horse Caparison Fix V1.0 2343 1.0 2026-08-24T20-12Z yvis1527X.zip,,Ultimate_Horse_Caparison_Fix/CHANGELOG.txt,394,ff26a6799c097e7c03177ed0db175616566a4e115bd7d5adf1a47cbd84461f89,documentation,new file (not in the game),,
2343,Ultimate Horse Caparison Fix V1.0 2343 1.0 2026-08-24T20-12Z yvis1527X.zip,,Ultimate_Horse_Caparison_Fix/Data/Ultimate_Horse_Caparison_Fix.pak,628840,dc07f276be8368a5fba3f653ce4dc71af280462839031dd4babc6534386f48a0,container (.pak),container,,
2343,Ultimate Horse Caparison Fix V1.0 2343 1.0 2026-08-24T20-12Z yvis1527X.zip,Ultimate_Horse_Caparison_Fix/Data/Ultimate_Horse_Caparison_Fix.pak,Libs/GameTokens/kcd_sedivka.xml,300,498a80dab69ad3f6be8fdf612cfc80140021a5b528c59d9b68878c3366e17a7c,other xml,new file (not in the game),,
2343,Ultimate Horse Caparison Fix V1.0 2343 1.0 2026-08-24T20-12Z yvis1527X.zip,Ultimate_Horse_Caparison_Fix/Data/Ultimate_Horse_Caparison_Fix.pak,Libs/Tables/character_hair__ultimate_horse_caparison_fix.xml,1631,fb4ee71db3206686d6dceffbe0877817411be50fa86e0395efbf749fb80dca7c,table patch,patches a game table (suffix __ultimate_horse_caparison_fix),Data/Tables.pak,"character_hair: 2 new, 0 changed, 0 identical rows"
2343,Ultimate Horse Caparison Fix V1.0 2343 1.0 2026-08-24T20-12Z yvis1527X.zip,Ultimate_Horse_Caparison_Fix/Data/Ultimate_Horse_Caparison_Fix.pak,Libs/Tables/rpg/soul__ultimate_horse_caparison_fix.xml,11062,cf3c4be561456f6a679be94dd677d8df8d777093263fdba12f34b1af15dcdc51,table patch,patches a game table (suffix __ultimate_horse_caparison_fix),Data/Tables.pak,"soul: 0 new, 4 changed, 0 identical rows"
2343,Ultimate Horse Caparison Fix V1.0 2343 1.0 2026-08-24T20-12Z yvis1527X.zip,Ultimate_Horse_Caparison_Fix/Data/Ultimate_Horse_Caparison_Fix.pak,Libs/UI/UIActions/IGM_Inventory.xml,36529,51e967a22711f8eeddb385d6a5380e2b5cbf4fe4171b5bc12dcc7f7011f11f83,other xml,replaces the game's file,Data/GameData.pak,
2343,Ultimate Horse Caparison Fix V1.0 2343 1.0 2026-08-24T20-12Z yvis1527X.zip,Ultimate_Horse_Caparison_Fix/Data/Ultimate_Horse_Caparison_Fix.pak,Objects/characters/animals/horse/Hair/sh1_hair_sedivka_original_length_left15_b002_test13.skin,932060,e45ab7e269e7d0944bb4e58fd14ae0cd170435066acc2925a4350485ba6adaa4,model or material,new file (not in the game),,
2343,Ultimate Horse Caparison Fix V1.0 2343 1.0 2026-08-24T20-12Z yvis1527X.zip,Ultimate_Horse_Caparison_Fix/Data/Ultimate_Horse_Caparison_Fix.pak,Objects/characters/animals/horse/Hair/sh1_hair_sedivka_tail_only_test24.skin,444900,8e14e0cef4c6442d4b1c3242b52e77e7dca228eee8f3944687dcff6ecd7aa7cf,model or material,new file (not in the game),,
2343,Ultimate Horse Caparison Fix V1.0 2343 1.0 2026-08-24T20-12Z yvis1527X.zip,Ultimate_Horse_Caparison_Fix/Data/Ultimate_Horse_Caparison_Fix.pak,Objects/characters/animals/horse/cloth/sh1_p2_l1_v0.skin,476636,b68dc623fdacd22677871506fa3075574b8783dabbfe72e895d74b239f733696,model or material,identical to the game's file,Data/Characters.pak,
2343,Ultimate Horse Caparison Fix V1.0 2343 1.0 2026-08-24T20-12Z yvis1527X.zip,Ultimate_Horse_Caparison_Fix/Data/Ultimate_Horse_Caparison_Fix.pak,Scripts/Mods/ultimate_horse_caparison_fix.lua,37018,60cfe2417fa424649cd73ddd66bd2c5b0ebeec0cd662e1ac63c5da8192c29fdc,Lua script,new file (not in the game),,Lua: new
2343,Ultimate Horse Caparison Fix V1.0 2343 1.0 2026-08-24T20-12Z yvis1527X.zip,,Ultimate_Horse_Caparison_Fix/README.txt,1060,d9d20622a4c8ee0004cebe58d5a20f6dafd27cdfa10883f555e581c63d89e4ba,documentation,new file (not in the game),,
2343,Ultimate Horse Caparison Fix V1.0 2343 1.0 2026-08-24T20-12Z yvis1527X.zip,,Ultimate_Horse_Caparison_Fix/mod.manifest,501,e4e4f82bcada2b71fb354cb533b8721b0d019e6118303b59e64042c7564de43e,manifest,new file (not in the game),,
2345,Food And Drinks Rebalance 2345 1 2026-08-30T23-35Z RVnPpl7KV.rar,,Jesoo333's Food and Drinks Rebalance/Data/Jesoo333's Food and Drinks Rebalance.pak,8324,6479b02adf8e430c2463e250104871472c4f306a8278870f060c27bf3994660a,container (.pak),container,,
2345,Food And Drinks Rebalance 2345 1 2026-08-30T23-35Z RVnPpl7KV.rar,Jesoo333's Food and Drinks Rebalance/Data/Jesoo333's Food and Drinks Rebalance.pak,Libs/Tables/item/food.tbl,0,,other,replaces the game's file,Data/Tables.pak,
2345,Food And Drinks Rebalance 2345 1 2026-08-30T23-35Z RVnPpl7KV.rar,Jesoo333's Food and Drinks Rebalance/Data/Jesoo333's Food and Drinks Rebalance.pak,Libs/Tables/item/food.xml,66123,eef19f70f0f4e3d9dfe419ab9b72b6d83ebd5f92afa321ea9a75ba4060713934,table patch,replaces the whole game table (no suffix),Data/Tables.pak,"food: 0 new, 155 changed, 47 identical rows, 0 game rows dropped"
2345,Food And Drinks Rebalance 2345 1 2026-08-30T23-35Z RVnPpl7KV.rar,,Jesoo333's Food and Drinks Rebalance/mod.manifest,292,3356da8c95caf80f8c536f0314ebe149f102fd6ebfffd67ab9e5fa3bb9810488,manifest,new file (not in the game),,
