class,game_decay_h,food_type_id,items,item_names,chosen_h
Carne e peixe crus,24,2,16,Beef; Boar meat; campPotHardcoreMode; Dead Chicken; Deer meat; doe meat; dog_meat; herring; horse_meat; lamb_meat; Meat piece; pig_meat; Rabbit meat; roe deer meat; Rump; Salmo_trutta,
Cogumelos crus,24,7,2,Boletus; Lepiota,
Leite,24,3,1,Pitcher Milk 1,
Miúdos crus,24,5,9,ChickenHeart; ChickenHeart cooked; cow_tongue; deer_kidney; deer_liver; doe_kidney; pig_liver; roe_kidney; sheep_kidney,
Carne e peixe cozidos,48,2,16,Beef_cooked; Boar meat cooked; chickenThigh; Dead Chicken cooked; Deer meat cooked; doe meat cooked; dog_meat cooked; duck; horse_meat cooked; lamb_meat cooked; Meat piece cooked; pig_meat cooked; Rabbit meat cooked; roe deer meat cooked; Rump_cooked; Salmo_trutta_cooked,
Cogumelos cozidos,48,7,2,Boletus cooked; Lepiota cooked,
Frutas cozidas,48,0,2,Apple cooked; pear cooked,
"Mingaus, lanche e ovos de Páscoa",48,,6,bowl_mash; camp pot snack; kraslice_b; kraslice_g; kraslice_r; porridge,
Miúdos cozidos e sopas,48,5,10,cow_tongue cooked; deer_kidney cooked; deer_liver cooked; doe_kidney_cooked; droby cooked; lentil_soup; pea_soup; pig_liver cooked; roe_kidney_cooked; sheep_kidney cooked,
Ovos e creme,48,9,3,cream; egg; hardboiled_egg,
Verduras cozidas,48,6,7,Beet cooked; cabbage cooked; carrot cooked; Garlic cooked; Horseradish cooked; Onion cooked; Radish cooked,
Bacon e torresmo,72,2,2,Bacon; craclings,
Melancia,72,0,1,Watermelon,
Miúdos (droby),72,5,1,droby,
Pães e bolinhos,96,8,5,Bread; breadroll; Bun; Griddlecake; Pretzel,
Verduras cruas e raízes,96,6,5,cabbage; carrot; Horseradish; Onion; Radish,
Banha de cão,120,5,1,dog_lard,
Beterraba crua,120,6,1,Beet,
Carne defumada e curada,120,2,17,Kielbasas smoked; Salami_01; Smoked Beef; Smoked Boar meat; Smoked Dead Chicken; Smoked Deer meat; Smoked doe meat; Smoked dog_meat; Smoked horse_meat; Smoked lamb_meat; Smoked Meat piece; Smoked pig_meat; Smoked Rabbit meat; Smoked roe deer meat; Smoked Rump; Smoked Salami_01; Smoked Salmo_trutta,
"Frutas (maçã, pera)",120,0,2,Apple; pear,
Queijo,120,9,1,Cheese quarter,
Queijo defumado,120,,1,Smoked Cheese quarter,
