id,entry,file_in_mod,table,vanilla_table,style,rows,new,changed,same,dropped_vs_vanilla,changed_columns
106,cheat-106-1-58-1732985419.zip,Cheat/Data/data.pak!Libs/Tables/rpg/buff__cheat.xml,buff,buff,exact,2,2,0,0,439,
129,Equal Caparisons Grouped-129--5-1758213686.zip,Equal Caparisons Grouped/data/zzz_aldodrem_EqualCaparisonsGrouped.pak!Libs/Tables/item/armor__zzz_aldodrem_EqualCaparisonsGrouped.xml,armor,armor,exact,23,0,23,0,773,"max_status,noise,slash_def,smash_def,stab_def"
129,Equal Caparisons Grouped-129--5-1758213686.zip,Equal Caparisons Grouped/data/zzz_aldodrem_EqualCaparisonsGrouped.pak!Libs/Tables/item/pickable_item__zzz_aldodrem_EqualCaparisonsGrouped.xml,pickable_item,pickable_item,exact,23,0,21,2,2187,"price,weight"
483,Dynamic Hoods and Scarfs up and down-483-1-9-1590343806.zip,zzz Hoods and Scarfs UP (dynamic)/Data/Hoods and Scarfs UP (dynamic).pak!Libs/Tables/item/armor.xml,armor,armor,exact,796,0,22,774,0,"clothing2_id,clothing_id"
483,Dynamic Hoods and Scarfs up and down-483-1-9-1590343806.zip,zzz Hoods and Scarfs UP (dynamic)/Data/Hoods and Scarfs UP (dynamic).pak!Libs/Tables/item/clothing_preset.xml,clothing_preset,clothing_preset,exact,1400,0,32,1368,0,"prefers_hood_on,timestamp"
554,Parameters Plus-554-1-5-1562283931.zip,ParametersPlus/data/ParametersPlus.pak!Libs/Tables/rpg/rpg_param.xml,rpg_param,rpg_param,exact,607,425,0,182,0,
667,Naked Armor Fix 1.1-667-1-1-1545056415.zip,zzz_NakedArmorFix_1.1/Data/zzz_NakedArmorFix_1.1.pak!Libs/Tables/rpg/soul_archetype.xml,soul_archetype,soul_archetype,exact,15,15,0,0,16,
726,Early Bird NPC rescheduler-726-2-1-0-1640796373.7z,EarlyBird_EarlierSchedules_2-1-0/Data/earlybird.pak!Libs/Tables/rpg/soul__earlybird.xml,soul,soul,exact,2390,0,2390,0,2635,"time_0,time_1,time_2,time_3,time_4,time_5,time_6,time_7"
726,earlybird.pak,earlybird.pak!Libs/Tables/rpg/soul__earlybird.xml,soul,soul,exact,2390,0,2390,0,2635,"time_0,time_1,time_2,time_3,time_4,time_5,time_6,time_7"
771,Hoods Over Helmets Remove Kettle Helmets NPC-771-1-1-1562422310,Data/Libs/Tables/item/ammo.xml,ammo,ammo,exact,14,0,1,13,0,"power_mod,stab_att"
771,Hoods Over Helmets Remove Kettle Helmets NPC-771-1-1-1562422310,Data/Libs/Tables/item/armor.xml,armor,armor,exact,822,25,31,766,0,"clothing2_id,clothing_id,noise"
771,Hoods Over Helmets Remove Kettle Helmets NPC-771-1-1-1562422310,Data/Libs/Tables/item/armor2clothing_attachment.xml,armor2clothing_attachment,armor2clothing_attachment,exact,420,5,0,415,0,
771,Hoods Over Helmets Remove Kettle Helmets NPC-771-1-1-1562422310,Data/Libs/Tables/item/clothing.xml,clothing,clothing,exact,444,25,0,419,0,
771,Hoods Over Helmets Remove Kettle Helmets NPC-771-1-1-1562422310,Data/Libs/Tables/item/equippable_item.xml,equippable_item,equippable_item,exact,1028,28,0,1000,0,
771,Hoods Over Helmets Remove Kettle Helmets NPC-771-1-1-1562422310,Data/Libs/Tables/item/item.xml,item,item,exact,2242,28,0,2214,0,
771,Hoods Over Helmets Remove Kettle Helmets NPC-771-1-1-1562422310,Data/Libs/Tables/item/melee_weapon.xml,melee_weapon,melee_weapon,exact,170,3,0,167,0,
771,Hoods Over Helmets Remove Kettle Helmets NPC-771-1-1-1562422310,Data/Libs/Tables/item/pickable_item.xml,pickable_item,pickable_item,exact,2238,28,0,2210,0,
771,Hoods Over Helmets Remove Kettle Helmets NPC-771-1-1-1562422310,Data/Libs/Tables/item/player_item.xml,player_item,player_item,exact,2142,28,1,2113,0,"ui_info,ui_name"
771,Hoods Over Helmets Remove Kettle Helmets NPC-771-1-1-1562422310,Data/Libs/Tables/item/weapon.xml,weapon,weapon,exact,194,3,1,190,0,"agi_req,str_req"
771,Hoods Over Helmets Remove Kettle Helmets NPC-771-1-1-1562422310,Data/Libs/Tables/item/weapon2weapon_preset.xml,weapon2weapon_preset,weapon2weapon_preset,exact,878,1,0,877,0,
771,Hoods Over Helmets Remove Kettle Helmets NPC-771-1-1-1562422310,Data/Libs/Tables/item/weapon_preset.xml,weapon_preset,weapon_preset,exact,482,1,0,481,0,
771,Hoods Over Helmets Remove Kettle Helmets NPC-771-1-1-1562422310,Data/Libs/Tables/rpg/rpg_param.xml,rpg_param,rpg_param,exact,1,0,1,0,181,rpg_param_value
771,Hoods Over Helmets Remove Kettle Helmets NPC-771-1-1-1562422310,Data/Libs/Tables/rpg/soul.xml,soul,soul,exact,5025,0,1,5024,0,"character_hair_color,character_head_color,character_skin_color,computer_name,timestamp"
771,Hoods Over Helmets Remove Kettle Helmets NPC-771-1-1-1562422310,Data/Libs/Tables/shop/shop_type2item.xml,shop_type2item,shop_type2item,exact,1798,7,72,1719,10,"amount,shop_type_id"
771,Hoods Over Helmets Remove Kettle Helmets NPC-771-1-1-1562422310.7z,mods/Hoods Over Helmets/Data/Hoods Over Helmets.pak!Libs/Tables/item/ammo.xml,ammo,ammo,exact,14,0,1,13,0,"power_mod,stab_att"
771,Hoods Over Helmets Remove Kettle Helmets NPC-771-1-1-1562422310.7z,mods/Hoods Over Helmets/Data/Hoods Over Helmets.pak!Libs/Tables/item/armor.xml,armor,armor,exact,822,25,31,766,0,"clothing2_id,clothing_id,noise"
771,Hoods Over Helmets Remove Kettle Helmets NPC-771-1-1-1562422310.7z,mods/Hoods Over Helmets/Data/Hoods Over Helmets.pak!Libs/Tables/item/armor2clothing_attachment.xml,armor2clothing_attachment,armor2clothing_attachment,exact,420,5,0,415,0,
771,Hoods Over Helmets Remove Kettle Helmets NPC-771-1-1-1562422310.7z,mods/Hoods Over Helmets/Data/Hoods Over Helmets.pak!Libs/Tables/item/clothing.xml,clothing,clothing,exact,444,25,0,419,0,
771,Hoods Over Helmets Remove Kettle Helmets NPC-771-1-1-1562422310.7z,mods/Hoods Over Helmets/Data/Hoods Over Helmets.pak!Libs/Tables/item/equippable_item.xml,equippable_item,equippable_item,exact,1028,28,0,1000,0,
771,Hoods Over Helmets Remove Kettle Helmets NPC-771-1-1-1562422310.7z,mods/Hoods Over Helmets/Data/Hoods Over Helmets.pak!Libs/Tables/item/item.xml,item,item,exact,2242,28,0,2214,0,
771,Hoods Over Helmets Remove Kettle Helmets NPC-771-1-1-1562422310.7z,mods/Hoods Over Helmets/Data/Hoods Over Helmets.pak!Libs/Tables/item/melee_weapon.xml,melee_weapon,melee_weapon,exact,170,3,0,167,0,
771,Hoods Over Helmets Remove Kettle Helmets NPC-771-1-1-1562422310.7z,mods/Hoods Over Helmets/Data/Hoods Over Helmets.pak!Libs/Tables/item/pickable_item.xml,pickable_item,pickable_item,exact,2238,28,0,2210,0,
771,Hoods Over Helmets Remove Kettle Helmets NPC-771-1-1-1562422310.7z,mods/Hoods Over Helmets/Data/Hoods Over Helmets.pak!Libs/Tables/item/player_item.xml,player_item,player_item,exact,2142,28,1,2113,0,"ui_info,ui_name"
771,Hoods Over Helmets Remove Kettle Helmets NPC-771-1-1-1562422310.7z,mods/Hoods Over Helmets/Data/Hoods Over Helmets.pak!Libs/Tables/item/weapon.xml,weapon,weapon,exact,194,3,1,190,0,"agi_req,str_req"
771,Hoods Over Helmets Remove Kettle Helmets NPC-771-1-1-1562422310.7z,mods/Hoods Over Helmets/Data/Hoods Over Helmets.pak!Libs/Tables/item/weapon2weapon_preset.xml,weapon2weapon_preset,weapon2weapon_preset,exact,878,1,0,877,0,
771,Hoods Over Helmets Remove Kettle Helmets NPC-771-1-1-1562422310.7z,mods/Hoods Over Helmets/Data/Hoods Over Helmets.pak!Libs/Tables/item/weapon_preset.xml,weapon_preset,weapon_preset,exact,482,1,0,481,0,
771,Hoods Over Helmets Remove Kettle Helmets NPC-771-1-1-1562422310.7z,mods/Hoods Over Helmets/Data/Hoods Over Helmets.pak!Libs/Tables/rpg/rpg_param.xml,rpg_param,rpg_param,exact,1,0,1,0,181,rpg_param_value
771,Hoods Over Helmets Remove Kettle Helmets NPC-771-1-1-1562422310.7z,mods/Hoods Over Helmets/Data/Hoods Over Helmets.pak!Libs/Tables/rpg/soul.xml,soul,soul,exact,5025,0,1,5024,0,"character_hair_color,character_head_color,character_skin_color,computer_name,timestamp"
771,Hoods Over Helmets Remove Kettle Helmets NPC-771-1-1-1562422310.7z,mods/Hoods Over Helmets/Data/Hoods Over Helmets.pak!Libs/Tables/shop/shop_type2item.xml,shop_type2item,shop_type2item,exact,1798,7,72,1719,10,"amount,shop_type_id"
796,Miller Guild Items-796-1-3-1564712669.7z,Miller Guild Items 1.3/Data/guilditems.pak!Libs/Tables/item/armor.xml,armor,armor,exact,808,12,57,739,0,"armor_subtype_id,brightness,clothing2_id,clothing_id,color_hue,color_saturation,computer_name,max_status,noise,slash_def"
796,Miller Guild Items-796-1-3-1564712669.7z,Miller Guild Items 1.3/Data/guilditems.pak!Libs/Tables/item/armor2clothing_attachment.xml,armor2clothing_attachment,armor2clothing_attachment,exact,418,3,0,415,0,
796,Miller Guild Items-796-1-3-1564712669.7z,Miller Guild Items 1.3/Data/guilditems.pak!Libs/Tables/item/armor_type.xml,armor_type,armor_type,exact,22,10,0,12,0,
796,Miller Guild Items-796-1-3-1564712669.7z,Miller Guild Items 1.3/Data/guilditems.pak!Libs/Tables/item/clothing.xml,clothing,clothing,exact,421,2,0,419,0,
796,Miller Guild Items-796-1-3-1564712669.7z,Miller Guild Items 1.3/Data/guilditems.pak!Libs/Tables/item/clothing_preset.xml,clothing_preset,clothing_preset,exact,1400,0,46,1354,0,"prefers_hood_on,timestamp"
796,Miller Guild Items-796-1-3-1564712669.7z,Miller Guild Items 1.3/Data/guilditems.pak!Libs/Tables/item/equippable_item.xml,equippable_item,equippable_item,exact,1011,11,0,1000,0,
796,Miller Guild Items-796-1-3-1564712669.7z,Miller Guild Items 1.3/Data/guilditems.pak!Libs/Tables/item/item.xml,item,item,exact,2225,11,0,2214,0,
796,Miller Guild Items-796-1-3-1564712669.7z,Miller Guild Items 1.3/Data/guilditems.pak!Libs/Tables/item/pickable_item.xml,pickable_item,pickable_item,exact,2221,11,2,2208,0,model
796,Miller Guild Items-796-1-3-1564712669.7z,Miller Guild Items 1.3/Data/guilditems.pak!Libs/Tables/item/player_item.xml,player_item,player_item,exact,2125,11,2,2112,0,"icon_id,ui_info,ui_name"
796,Miller Guild Items-796-1-3-1564712669.7z,Miller Guild Items 1.3/Data/guilditems.pak!Libs/Tables/quest/quest_reward_item.xml,quest_reward_item,quest_reward_item,exact,86,11,0,75,0,
796,Miller Guild Items-796-1-3-1564712669.7z,Miller Guild Items 1.3/Data/guilditems.pak!Libs/Tables/rpg/buff.xml,buff,buff,exact,449,10,0,439,0,
796,Miller Guild Items-796-1-3-1564712669.7z,Miller Guild Items 1.3/Data/guilditems.pak!Libs/Tables/rpg/skill2item_category.xml,skill2item_category,skill2item_category,exact,67,20,0,47,0,
796,Miller Guild Items-796-1-3-1564712669.7z,Miller Guild Items 1.3/Data/guilditems.pak!Libs/Tables/Shop/shop_type2item.xml,shop_type2item,shop_type2item,exact,1964,11,0,1953,0,
808,Named NPCs (BIO version) 1.4-808-1-4-1568060707.7z,zzzz_Named_NPCs_BIO_1.4/Data/More_Named_NPCs.pak!Libs/Tables/rpg/v_soul_character_data.xml,v_soul_character_data,v_soul_character_data,exact,5025,3263,0,1762,3263,
808,Named NPCs 1.4-808-1-4-1568060673.7z,Named_NPCs_1.4/Data/Named_NPCs_1.4.pak!Libs/Tables/rpg/v_soul_character_data.xml,v_soul_character_data,v_soul_character_data,exact,5025,3263,0,1762,3263,
829,Shop Proper-829-1-0-5-1575357704.7z,ShopProper/data/ShopProper.pak!Libs/Tables/shop/shop.xml,shop,shop,exact,163,9,154,0,9,restock_day_mask
829,Shop Proper-829-1-0-5-1575357704.7z,ShopProper/data/ShopProper.pak!Libs/Tables/shop/shop_type2item.xml,shop_type2item,shop_type2item,exact,2539,273,423,1843,1,"amount,default_on,shop_type_id"
837,EasyEdit-837--1-1567314659.zip,EasyEdit/Data/EasyEdit.pak!Libs/Tables/rpg/food.xml,food,food,exact,199,0,29,170,3,"health_benefit,nutrition_benefit,refresh_benefit,smoked_item_id"
840,Blood and Iron Encounter System-840-1-0-1567464422.7z,Blood and Iron Encounter System/Data/BIO Encounter System.pak!Libs/Tables/random_event.xml,random_event,random_event,exact,85,0,85,0,0,"base_run_chance,cooldown,map_disappear_time"
840,Blood and Iron Encounter System-840-1-0-1567464422.7z,Blood and Iron Encounter System/Data/BIO Encounter System.pak!Libs/Tables/rpg/soul.xml,soul,soul,exact,5025,0,4996,29,0,"agi,combat_level,courage,hearing,str,vision,vit"
892,Baselard Dagger Mod-892-1-0-2-1581856259.zip,Baselard/Data/baselard.pak!Libs/Tables/Item/equippable_item__baselard.xml,equippable_item__baselard,equippable_item,ptf,1,1,0,0,1000,
892,Baselard Dagger Mod-892-1-0-2-1581856259.zip,Baselard/Data/baselard.pak!Libs/Tables/Item/item__baselard.xml,item__baselard,item,ptf,1,1,0,0,2214,
892,Baselard Dagger Mod-892-1-0-2-1581856259.zip,Baselard/Data/baselard.pak!Libs/Tables/Item/melee_weapon__baselard.xml,melee_weapon__baselard,melee_weapon,ptf,1,1,0,0,167,
892,Baselard Dagger Mod-892-1-0-2-1581856259.zip,Baselard/Data/baselard.pak!Libs/Tables/Item/pickable_item__baselard.xml,pickable_item__baselard,pickable_item,ptf,1,1,0,0,2210,
892,Baselard Dagger Mod-892-1-0-2-1581856259.zip,Baselard/Data/baselard.pak!Libs/Tables/Item/player_item__baselard.xml,player_item__baselard,player_item,ptf,1,1,0,0,2114,
892,Baselard Dagger Mod-892-1-0-2-1581856259.zip,Baselard/Data/baselard.pak!Libs/Tables/Item/weapon__baselard.xml,weapon__baselard,weapon,ptf,1,1,0,0,190,
892,Baselard Dagger Mod-892-1-0-2-1581856259.zip,Baselard/Data/baselard.pak!Libs/Tables/Shop/shop_type2item__baselard.xml,shop_type2item__baselard,shop_type2item,ptf,11,11,0,0,719,
950,Castle Pribyslavits-950-1-2-1583519496.zip,castle_pribyslavits 1.2/data/tables_patch.pak!libs/tables/item/clothing_mesh_data__castle_pribyslavits.xml,clothing_mesh_data__castle_pribyslavits,clothing_mesh_data,ptf,192,192,0,0,193,
950,Castle Pribyslavits-950-1-2-1583519496.zip,castle_pribyslavits 1.2/data/tables_patch.pak!libs/tables/item/clothing_raycast__castle_pribyslavits.xml,clothing_raycast__castle_pribyslavits,clothing_raycast,ptf,201,201,0,0,384,
950,Castle Pribyslavits-950-1-2-1583519496.zip,castle_pribyslavits 1.2/data/tables_patch.pak!libs/tables/item/equippable_item__castle_pribyslavits.xml,equippable_item__castle_pribyslavits,equippable_item,ptf,1,1,0,0,1000,
950,Castle Pribyslavits-950-1-2-1583519496.zip,castle_pribyslavits 1.2/data/tables_patch.pak!libs/tables/item/item__castle_pribyslavits.xml,item__castle_pribyslavits,item,ptf,1,1,0,0,2214,
950,Castle Pribyslavits-950-1-2-1583519496.zip,castle_pribyslavits 1.2/data/tables_patch.pak!libs/tables/item/melee_weapon__castle_pribyslavits.xml,melee_weapon__castle_pribyslavits,melee_weapon,ptf,1,1,0,0,167,
950,Castle Pribyslavits-950-1-2-1583519496.zip,castle_pribyslavits 1.2/data/tables_patch.pak!libs/tables/item/pickable_item__castle_pribyslavits.xml,pickable_item__castle_pribyslavits,pickable_item,ptf,1,1,0,0,2210,
950,Castle Pribyslavits-950-1-2-1583519496.zip,castle_pribyslavits 1.2/data/tables_patch.pak!libs/tables/item/player_item__castle_pribyslavits.xml,player_item__castle_pribyslavits,player_item,ptf,1,1,0,0,2114,
950,Castle Pribyslavits-950-1-2-1583519496.zip,castle_pribyslavits 1.2/data/tables_patch.pak!libs/tables/item/recipe_step__castle_pribyslavits.xml,recipe_step__castle_pribyslavits,recipe_step,ptf,1,0,0,1,225,
950,Castle Pribyslavits-950-1-2-1583519496.zip,castle_pribyslavits 1.2/data/tables_patch.pak!libs/tables/item/weapon__castle_pribyslavits.xml,weapon__castle_pribyslavits,weapon,ptf,1,1,0,0,190,
950,Castle Pribyslavits-950-1-2-1583519496.zip,castle_pribyslavits 1.2/data/tables_patch.pak!libs/tables/quest/quest2skald_subchapter__castle_pribyslavits.xml,quest2skald_subchapter__castle_pribyslavits,quest2skald_subchapter,ptf,25,0,0,25,167,
950,Castle Pribyslavits-950-1-2-1583519496.zip,castle_pribyslavits 1.2/data/tables_patch.pak!libs/tables/shop/shop_type2item__castle_pribyslavits.xml,shop_type2item__castle_pribyslavits,shop_type2item,ptf,2,2,0,0,719,
950,Castle Pribyslavits-950-1-2-1583519496.zip,castle_pribyslavits 1.2/data/tables_patch.pak!libs/tables/text/v_response_wave_file_recorded__castle_pribyslavits.xml,v_response_wave_file_recorded__castle_pribyslavits,v_response_wave_file_recorded,ptf,11,0,0,11,156873,
966,ottomansword-966-1-0-1584472459.rar,ottomansword/Data/ottomansword.pak!Libs/Tables/Item/equippable_item__ottomansword.xml,equippable_item__ottomansword,equippable_item,ptf,1,1,0,0,1000,
966,ottomansword-966-1-0-1584472459.rar,ottomansword/Data/ottomansword.pak!Libs/Tables/Item/item__ottomansword.xml,item__ottomansword,item,ptf,1,1,0,0,2214,
966,ottomansword-966-1-0-1584472459.rar,ottomansword/Data/ottomansword.pak!Libs/Tables/Item/melee_weapon__ottomansword.xml,melee_weapon__ottomansword,melee_weapon,ptf,1,1,0,0,167,
966,ottomansword-966-1-0-1584472459.rar,ottomansword/Data/ottomansword.pak!Libs/Tables/Item/pickable_item__ottomansword.xml,pickable_item__ottomansword,pickable_item,ptf,1,1,0,0,2210,
966,ottomansword-966-1-0-1584472459.rar,ottomansword/Data/ottomansword.pak!Libs/Tables/Item/player_item__ottomansword.xml,player_item__ottomansword,player_item,ptf,1,1,0,0,2114,
966,ottomansword-966-1-0-1584472459.rar,ottomansword/Data/ottomansword.pak!Libs/Tables/Item/weapon__ottomansword.xml,weapon__ottomansword,weapon,ptf,1,1,0,0,190,
966,ottomansword-966-1-0-1584472459.rar,ottomansword/Data/ottomansword.pak!Libs/Tables/Shop/shop_type2item__ottomansword.xml,shop_type2item__ottomansword,shop_type2item,ptf,2,2,0,0,719,
966,ottomansword-966-1-0-1584472459.rar,ottomansword/Data/Libs/Tables/Item/equippable_item__ottomansword.xml,equippable_item__ottomansword,equippable_item,ptf,1,1,0,0,1000,
966,ottomansword-966-1-0-1584472459.rar,ottomansword/Data/Libs/Tables/Item/item__ottomansword.xml,item__ottomansword,item,ptf,1,1,0,0,2214,
966,ottomansword-966-1-0-1584472459.rar,ottomansword/Data/Libs/Tables/Item/melee_weapon__ottomansword.xml,melee_weapon__ottomansword,melee_weapon,ptf,1,1,0,0,167,
966,ottomansword-966-1-0-1584472459.rar,ottomansword/Data/Libs/Tables/Item/pickable_item__ottomansword.xml,pickable_item__ottomansword,pickable_item,ptf,1,1,0,0,2210,
966,ottomansword-966-1-0-1584472459.rar,ottomansword/Data/Libs/Tables/Item/player_item__ottomansword.xml,player_item__ottomansword,player_item,ptf,1,1,0,0,2114,
966,ottomansword-966-1-0-1584472459.rar,ottomansword/Data/Libs/Tables/Item/weapon__ottomansword.xml,weapon__ottomansword,weapon,ptf,1,1,0,0,190,
966,ottomansword-966-1-0-1584472459.rar,ottomansword/Data/Libs/Tables/Shop/shop_type2item__ottomansword.xml,shop_type2item__ottomansword,shop_type2item,ptf,2,2,0,0,719,
977,Beggars_alms_mod_v1.5.2-977-1-5-2-1590399761.zip,alms_for_beggars/data/tables_patch.pak!libs/tables/item/clothing_mesh_data__alms_for_beggars.xml,clothing_mesh_data__alms_for_beggars,clothing_mesh_data,ptf,60,60,0,0,193,
977,Beggars_alms_mod_v1.5.2-977-1-5-2-1590399761.zip,alms_for_beggars/data/tables_patch.pak!libs/tables/item/clothing_raycast__alms_for_beggars.xml,clothing_raycast__alms_for_beggars,clothing_raycast,ptf,60,60,0,0,384,
977,Beggars_alms_mod_v1.5.2-977-1-5-2-1590399761.zip,alms_for_beggars/data/tables_patch.pak!libs/tables/text/response__alms_for_beggars.xml,response__alms_for_beggars,response,ptf,12,12,0,0,84631,
977,Beggars_alms_mod_v1.5.2-977-1-5-2-1590399761.zip,alms_for_beggars/data/tables_patch.pak!libs/tables/text/sequence__alms_for_beggars.xml,sequence__alms_for_beggars,sequence,ptf,14,14,0,0,52415,
977,Beggars_alms_mod_v1.5.2-977-1-5-2-1590399761.zip,alms_for_beggars/data/tables_patch.pak!libs/tables/text/sequence_line__alms_for_beggars.xml,sequence_line__alms_for_beggars,sequence_line,ptf,25,25,0,0,201190,
977,Beggars_alms_mod_v1.5.2-977-1-5-2-1590399761.zip,alms_for_beggars/data/tables_patch.pak!libs/tables/text/topic2sequence__alms_for_beggars.xml,topic2sequence__alms_for_beggars,topic2sequence,ptf,14,14,0,0,49404,
977,Beggars_alms_mod_v1.5.2-977-1-5-2-1590399761.zip,alms_for_beggars/data/tables_patch.pak!libs/tables/text/topic__alms_for_beggars.xml,topic__alms_for_beggars,topic,ptf,6,6,0,0,22663,
977,Beggars_alms_mod_v1.5.2-977-1-5-2-1590399761.zip,alms_for_beggars/data/tables_patch.pak!libs/tables/text/topictorole__alms_for_beggars.xml,TopicToRole__alms_for_beggars,?,unknown table,4,0,4,0,0,
977,Beggars_alms_mod_v1.5.2-977-1-5-2-1590399761.zip,alms_for_beggars/data/tables_patch.pak!libs/tables/text/v_branch__alms_for_beggars.xml,v_branch__alms_for_beggars,v_branch,ptf,2,2,0,0,8926,
977,Beggars_alms_mod_v1.5.2-977-1-5-2-1590399761.zip,alms_for_beggars/data/tables_patch.pak!libs/tables/text/v_dialogue_commands__alms_for_beggars.xml,v_dialogue_commands__alms_for_beggars,v_dialogue_commands,ptf,14,14,0,0,82657,
1088,PolearmsUnleashed-1088-2-4-3-1603958640.7z,PolearmPerfectBlock/data/PolearmCombo_patched.pak!Libs/Tables/animation/mn_fragment__PPB.xml,mn_fragment,mn_fragment,exact,6,6,0,0,554,
1088,PolearmsUnleashed-1088-2-4-3-1603958640.7z,PolearmPerfectBlock/data/PolearmCombo_patched.pak!Libs/Tables/combat/combat_action_sync_attack__PPB.xml,combat_action_sync_attack__PPB,combat_action_sync_attack,ptf,3,3,0,0,295,
1088,PolearmsUnleashed-1088-2-4-3-1603958640.7z,PolearmPerfectBlock/data/PolearmCombo_patched.pak!Libs/Tables/combat/combat_action_sync_hit__PPB.xml,combat_action_sync_hit__PPB,combat_action_sync_hit,ptf,4,4,0,0,363,
1088,PolearmsUnleashed-1088-2-4-3-1603958640.7z,PolearmPerfectBlock/data/PolearmCombo_patched.pak!Libs/Tables/combat/combat_combo__PPB.xml,combat_combo__PPB,combat_combo,ptf,4,4,0,0,34,
1088,PolearmsUnleashed-1088-2-4-3-1603958640.7z,PolearmPerfectBlock/data/PolearmCombo_patched.pak!Libs/Tables/combat/combat_sync_action_hit__PPB.xml,combat_sync_action_hit,combat_sync_action_hit,exact,8,8,0,0,572,
1088,PolearmsUnleashed-1088-2-4-3-1603958640.7z,PolearmPerfectBlock/data/PolearmCombo_patched.pak!Libs/Tables/combat/combat_weapon_group_to_class__PPB.xml,combat_weapon_group_to_class__PPB,combat_weapon_group_to_class,ptf,10,10,0,0,16,
1088,PolearmsUnleashed-1088-2-4-3-1603958640.7z,PolearmPerfectBlock/data/PolearmCombo_patched.pak!Libs/Tables/rpg/perk__PPB.xml,perk__PPB,perk,ptf,3,3,0,0,551,
1088,PolearmsUnleashed-1088-2-4-3-1603958640.7z,PolearmPerfectBlock/data/PolearmCombo_patched.pak!Libs/Tables/rpg/skill__PPB.xml,skill__PPB,skill,ptf,1,0,1,0,32,hidden
1088,PolearmsUnleashed-1088-2-4-3-1603958640.7z,PolearmPerfectBlock/data/PolearmFeint.pak!Libs/Tables/combat/combat_action_attack__PPB.xml,combat_action_attack__PPB,combat_action_attack,ptf,14,6,0,8,139,
1088,PolearmsUnleashed-1088-2-4-3-1603958640.7z,PolearmPerfectBlock/data/PolearmFeint.pak!Libs/Tables/combat/combat_action_guard_movement__PPB.xml,combat_action_guard_movement,combat_action_guard_movement,exact,4,4,0,0,111,
1088,PolearmsUnleashed-1088-2-4-3-1603958640.7z,PolearmPerfectBlock/data/PolearmFeint.pak!Libs/Tables/combat/combat_action_pose_modifier__PPB.xml,combat_action_pose_modifier__PPB,combat_action_pose_modifier,ptf,16,16,0,0,112,
1088,PolearmsUnleashed-1088-2-4-3-1603958640.7z,PolearmPerfectBlock/data/PolearmMorePolearms.pak!Libs/Tables/item/weapon2weapon_preset__PPB.xml,weapon2weapon_preset__PPB,weapon2weapon_preset,ptf,27,3,24,0,162,weapon_preset_id
1088,PolearmsUnleashed-1088-2-4-3-1603958640.7z,PolearmPerfectBlock/data/PolearmPerfectBlock.pak!Libs/Tables/combat/combat_action_perfect_block__PPB.xml,combat_action_perfect_block__PPB,combat_action_perfect_block,ptf,5,5,0,0,356,
1088,PolearmsUnleashed-1088-2-4-3-1603958640.7z,PolearmPerfectBlock/data/PolearmPerfectBlock.pak!Libs/Tables/combat/combat_action_sync_pb_hit__PPB.xml,combat_action_sync_pb_hit__PPB,combat_action_sync_pb_hit,ptf,2,2,0,0,216,
1088,PolearmsUnleashed-1088-2-4-3-1603958640.7z,PolearmPerfectBlock/data/PolearmUtility.pak!Libs/Tables/item/melee_weapon__PPB.xml,melee_weapon__PPB,melee_weapon,ptf,10,0,10,0,157,"attack,slash_att_mod,smash_att_mod,stab_att_mod"
1088,PolearmsUnleashed-1088-2-4-3-1603958640.7z,PolearmPerfectBlock/data/PolearmUtility.pak!Libs/Tables/item/weapon_class__PPB.xml,weapon_class__PPB,weapon_class,ptf,1,1,0,0,14,
1088,PolearmsUnleashed-1088-2-4-3-1603958640.7z,PolearmPerfectBlock/data/PolearmUtility.pak!Libs/Tables/item/weapon__PPB.xml,weapon__PPB,weapon,ptf,14,0,14,0,176,defense
1088,PolearmsUnleashed-1088-2-4-3-1603958640.7z,PolearmPerfectBlock/data/PolearmUtility.pak!Libs/Tables/shop/shop_type2item__PPB.xml,shop_type2item__PPB,shop_type2item,ptf,32,32,0,0,719,
1092,pollax-1092-1-4-1601148804.7z,Pollax/data/zzzPollax.pak!Libs/Tables/item/pickable_item__Pollax.xml,pickable_item__Pollax,pickable_item,ptf,1,0,1,0,2209,model
1092,pollax-1092-1-4-1601148804.7z,Pollax/data/zzzPollax.pak!Libs/Tables/item/player_item__pollax.xml,player_item__pollax,player_item,ptf,1,0,1,0,2113,"ui_info,ui_name"
1093,Fishing in Bohemia 1.1-1093-1-1-1598974175.7z,Fishing/Data/fishing.pak!Libs/Tables/item/item__fishing.xml,item,item,exact,1,1,0,0,2214,
1093,Fishing in Bohemia 1.1-1093-1-1-1598974175.7z,Fishing/Data/fishing.pak!Libs/Tables/item/pickable_item__fishing.xml,pickable_item,pickable_item,exact,1,1,0,0,2210,
1093,Fishing in Bohemia 1.1-1093-1-1-1598974175.7z,Fishing/Data/fishing.pak!Libs/Tables/item/player_item__fishing.xml,player_item,player_item,exact,1,1,0,0,2114,
1093,Fishing in Bohemia 1.1-1093-1-1-1598974175.7z,Fishing/Data/fishing.pak!Libs/Tables/item/questible_item__fishing.xml,questible_item,questible_item,exact,1,1,0,0,840,
1110,resource-1110-1-5-1603783234.7z,AIStandalone/data/tables_patch.pak!libs/tables/ai/brain2mailbox__aistandalone.xml,brain2mailbox__aistandalone,brain2mailbox,ptf,56,56,0,0,1791,
1110,resource-1110-1-5-1603783234.7z,AIStandalone/data/tables_patch.pak!libs/tables/ai/brain2subbrain__aistandalone.xml,brain2subbrain__aistandalone,brain2subbrain,ptf,7,7,0,0,806,
1110,resource-1110-1-5-1603783234.7z,AIStandalone/data/tables_patch.pak!libs/tables/ai/brain_variable__aistandalone.xml,brain_variable__aistandalone,brain_variable,ptf,37,37,0,0,76,
1110,resource-1110-1-5-1603783234.7z,AIStandalone/data/tables_patch.pak!libs/tables/ai/brain__aistandalone.xml,brain__aistandalone,brain,ptf,4,4,0,0,807,
1110,resource-1110-1-5-1603783234.7z,AIStandalone/data/tables_patch.pak!libs/tables/ai/subbrain_behaviour_tree__aistandalone.xml,subbrain_behaviour_tree__aistandalone,subbrain_behaviour_tree,ptf,4,4,0,0,127,
1110,resource-1110-1-5-1603783234.7z,AIStandalone/data/tables_patch.pak!libs/tables/ai/subbrain_combat__aistandalone.xml,subbrain_combat__aistandalone,subbrain_combat,ptf,2,2,0,0,24,
1110,resource-1110-1-5-1603783234.7z,AIStandalone/data/tables_patch.pak!libs/tables/ai/subbrain__aistandalone.xml,subbrain__aistandalone,subbrain,ptf,6,6,0,0,807,
1153,mod-1153-1-0-0-1605526312.zip,Data/mod.pak!Libs/Tables/item/ammo.xml,ammo,ammo,exact,14,0,4,10,0,"power_mod,stab_att"
1153,mod-1153-1-0-0-1605526312.zip,Data/mod.pak!Libs/Tables/item/armor.xml,armor,armor,exact,796,0,268,528,0,"slash_def,smash_def,stab_def"
1153,mod-1153-1-0-0-1605526312.zip,Data/mod.pak!Libs/Tables/item/equippable_item.xml,equippable_item,equippable_item,exact,1000,0,6,994,0,charisma
1153,mod-1153-1-0-0-1605526312.zip,Data/mod.pak!Libs/Tables/item/melee_weapon.xml,melee_weapon,melee_weapon,exact,167,0,76,91,0,"attack,slash_att_mod,smash_att_mod,stab_att_mod"
1153,mod-1153-1-0-0-1605526312.zip,Data/mod.pak!Libs/Tables/item/missile_weapon.xml,missile_weapon,missile_weapon,exact,23,0,8,15,0,power
1153,mod-1153-1-0-0-1605526312.zip,Data/mod.pak!Libs/Tables/item/weapon.xml,weapon,weapon,exact,190,0,8,182,0,str_req
1259,EasyAssassination 1.1-1259-1-1-1628879677.zip,EasyAssassination/Data/EasyAssassination.pak!Libs/Tables/rpg/rpg_param__EasyAssassination.xml,rpg_param__EasyAssassination,rpg_param,ptf,1,0,1,0,181,rpg_param_value
1308,less_income_Pribyslavitz-1308-1-1640897693.zip,less_income_Pribyslavitz/Data/less_income_Pribyslavitz.pak!Libs/Tables/minigame/new_homes_modifier_effect_structure.xml,new_homes_modifier_effect_structure,new_homes_modifier_effect_structure,exact,72,0,59,13,0,income
1308,less_income_Pribyslavitz-1308-1-1640897693.zip,less_income_Pribyslavitz/Data/less_income_Pribyslavitz.pak!Libs/Tables/minigame/new_homes_objective.xml,new_homes_objective,new_homes_objective,exact,3,0,2,1,0,complete_limit
1308,less_income_Pribyslavitz-1308-1-1640897693.zip,less_income_Pribyslavitz/Data/less_income_Pribyslavitz.pak!Libs/Tables/minigame/new_homes_structure_tier.xml,new_homes_structure_tier,new_homes_structure_tier,exact,16,0,16,0,0,"cost,income,people"
1309,less_encounters-1309-1-1640901979.zip,less_encounters/Data/less_encounters.pak!Libs/Tables/random_event.xml,random_event,random_event,exact,85,0,85,0,0,"base_run_chance,condition_expression,cooldown,map_disappear_time,map_game_speed"
1311,Knightly Robard and Bernard-1311-1-1-1641324997.zip,Knightly Robard and Bernard 1.1/Data/knightlyrb.pak!Libs/Tables/inventory/inventory_preset2item__knightlyrb.xml,inventory_preset2item,inventory_preset2item,exact,2008,4,5,1999,1,inventory_preset_id
1311,Knightly Robard and Bernard-1311-1-1-1641324997.zip,Knightly Robard and Bernard 1.1/Data/knightlyrb.pak!Libs/Tables/item/armor2clothing_preset__knightlyrb.xml,armor2clothing_preset,armor2clothing_preset,exact,40,29,0,11,8673,
1311,Knightly Robard and Bernard-1311-1-1-1641324997.zip,Knightly Robard and Bernard 1.1/Data/knightlyrb.pak!Libs/Tables/item/clothing_preset__knightlyrb.xml,clothing_preset,clothing_preset,exact,1400,0,7,1393,5,"clothing_preset_name,computer_name,timestamp,wealth_level"
1311,Knightly Robard and Bernard-1311-1-1-1641324997.zip,Knightly Robard and Bernard 1.1/Data/knightlyrb.pak!Libs/Tables/rpg/soul__knightlyrb.xml,soul,soul,exact,8,8,0,0,5025,
1330,Noble Sir Hans-1330-1-1-1645324411.zip,noblehans/Data/noblehans.pak!Libs/Tables/item/armor2clothing_preset__noblehans.xml,armor2clothing_preset,armor2clothing_preset,exact,6,3,0,3,8681,
1356,heritage_release-1356-1-2-1648922073.rar,heritage_release/data/tables_patch.pak!libs/tables/ai/brain2subbrain__heritage_release.xml,brain2subbrain__heritage_release,brain2subbrain,ptf,2,2,0,0,806,
1356,heritage_release-1356-1-2-1648922073.rar,heritage_release/data/tables_patch.pak!libs/tables/ai/brain__heritage_release.xml,brain__heritage_release,brain,ptf,2,2,0,0,807,
1356,heritage_release-1356-1-2-1648922073.rar,heritage_release/data/tables_patch.pak!libs/tables/ai/mailbox__heritage_release.xml,mailbox__heritage_release,mailbox,ptf,1,1,0,0,418,
1356,heritage_release-1356-1-2-1648922073.rar,heritage_release/data/tables_patch.pak!libs/tables/ai/mailbox_filter__heritage_release.xml,mailbox_filter__heritage_release,mailbox_filter,ptf,1,1,0,0,632,
1356,heritage_release-1356-1-2-1648922073.rar,heritage_release/data/tables_patch.pak!libs/tables/ai/sa_behaviour_tag__heritage_release.xml,sa_behaviour_tag__heritage_release,sa_behaviour_tag,ptf,4,4,0,0,2947,
1356,heritage_release-1356-1-2-1648922073.rar,heritage_release/data/tables_patch.pak!libs/tables/ai/sa_smart_area2sa_behaviour_tag__heritage_release.xml,sa_smart_area2sa_behaviour_tag__heritage_release,sa_smart_area2sa_behaviour_tag,ptf,4,4,0,0,2600,
1356,heritage_release-1356-1-2-1648922073.rar,heritage_release/data/tables_patch.pak!libs/tables/ai/sa_smart_area__heritage_release.xml,sa_smart_area__heritage_release,sa_smart_area,ptf,1,1,0,0,290,
1356,heritage_release-1356-1-2-1648922073.rar,heritage_release/data/tables_patch.pak!libs/tables/ai/so_behaviour_tag__heritage_release.xml,so_behaviour_tag__heritage_release,so_behaviour_tag,ptf,1,1,0,0,4919,
1356,heritage_release-1356-1-2-1648922073.rar,heritage_release/data/tables_patch.pak!libs/tables/ai/so_smart_object2so_behaviour_tag__heritage_release.xml,so_smart_object2so_behaviour_tag__heritage_release,so_smart_object2so_behaviour_tag,ptf,1,1,0,0,3975,
1356,heritage_release-1356-1-2-1648922073.rar,heritage_release/data/tables_patch.pak!libs/tables/ai/subbrain__heritage_release.xml,subbrain__heritage_release,subbrain,ptf,4,4,0,0,807,
1356,heritage_release-1356-1-2-1648922073.rar,heritage_release/data/tables_patch.pak!libs/tables/ai/subbrain_behaviour_tree__heritage_release.xml,subbrain_behaviour_tree__heritage_release,subbrain_behaviour_tree,ptf,1,1,0,0,127,
1356,heritage_release-1356-1-2-1648922073.rar,heritage_release/data/tables_patch.pak!libs/tables/ai/subbrain_smart_area__heritage_release.xml,subbrain_smart_area__heritage_release,subbrain_smart_area,ptf,3,3,0,0,204,
1356,heritage_release-1356-1-2-1648922073.rar,heritage_release/data/tables_patch.pak!libs/tables/animation/anim_fragment__heritage_release.xml,anim_fragment__heritage_release,anim_fragment,ptf,5,0,5,0,839,"align_secondary,align_tm_pos,relative_movement,relative_movement_y,timestamp"
1356,heritage_release-1356-1-2-1648922073.rar,heritage_release/data/tables_patch.pak!libs/tables/item/clothing_mesh_data__heritage_release.xml,clothing_mesh_data__heritage_release,clothing_mesh_data,ptf,259,259,0,0,193,
1356,heritage_release-1356-1-2-1648922073.rar,heritage_release/data/tables_patch.pak!libs/tables/item/clothing_raycast__heritage_release.xml,clothing_raycast__heritage_release,clothing_raycast,ptf,283,283,0,0,384,
1356,heritage_release-1356-1-2-1648922073.rar,heritage_release/data/tables_patch.pak!libs/tables/item/item__heritage_release.xml,item__heritage_release,item,ptf,3,3,0,0,2214,
1356,heritage_release-1356-1-2-1648922073.rar,heritage_release/data/tables_patch.pak!libs/tables/item/misc__heritage_release.xml,misc__heritage_release,misc,ptf,1,1,0,0,215,
1356,heritage_release-1356-1-2-1648922073.rar,heritage_release/data/tables_patch.pak!libs/tables/item/pickable_item__heritage_release.xml,pickable_item__heritage_release,pickable_item,ptf,3,3,0,0,2210,
1356,heritage_release-1356-1-2-1648922073.rar,heritage_release/data/tables_patch.pak!libs/tables/item/player_item__heritage_release.xml,player_item__heritage_release,player_item,ptf,3,3,0,0,2114,
1356,heritage_release-1356-1-2-1648922073.rar,heritage_release/data/tables_patch.pak!libs/tables/item/questible_item__heritage_release.xml,questible_item__heritage_release,questible_item,ptf,3,3,0,0,840,
1356,heritage_release-1356-1-2-1648922073.rar,heritage_release/data/tables_patch.pak!libs/tables/quest/quest2skald_subchapter__heritage_release.xml,quest2skald_subchapter__heritage_release,quest2skald_subchapter,ptf,2,2,0,0,192,
1356,heritage_release-1356-1-2-1648922073.rar,heritage_release/data/tables_patch.pak!libs/tables/quest/quest__heritage_release.xml,quest__heritage_release,quest,ptf,3,3,0,0,287,
1356,heritage_release-1356-1-2-1648922073.rar,heritage_release/data/tables_patch.pak!libs/tables/quest/quest_asset__heritage_release.xml,quest_asset__heritage_release,quest_asset,ptf,11,11,0,0,1787,
1356,heritage_release-1356-1-2-1648922073.rar,heritage_release/data/tables_patch.pak!libs/tables/quest/quest_item__heritage_release.xml,quest_item__heritage_release,quest_item,ptf,1,1,0,0,210,
1356,heritage_release-1356-1-2-1648922073.rar,heritage_release/data/tables_patch.pak!libs/tables/quest/quest_npc__heritage_release.xml,quest_npc__heritage_release,quest_npc,ptf,5,5,0,0,957,
1356,heritage_release-1356-1-2-1648922073.rar,heritage_release/data/tables_patch.pak!libs/tables/quest/quest_objective__heritage_release.xml,quest_objective__heritage_release,quest_objective,ptf,40,40,0,0,9197,
1356,heritage_release-1356-1-2-1648922073.rar,heritage_release/data/tables_patch.pak!libs/tables/quest/quest_place__heritage_release.xml,quest_place__heritage_release,quest_place,ptf,5,5,0,0,515,
1356,heritage_release-1356-1-2-1648922073.rar,heritage_release/data/tables_patch.pak!libs/tables/quest/quest_reward_exp__heritage_release.xml,quest_reward_exp__heritage_release,quest_reward_exp,ptf,1,1,0,0,573,
1356,heritage_release-1356-1-2-1648922073.rar,heritage_release/data/tables_patch.pak!libs/tables/quest/quest_reward_money__heritage_release.xml,quest_reward_money__heritage_release,quest_reward_money,ptf,1,1,0,0,229,
1356,heritage_release-1356-1-2-1648922073.rar,heritage_release/data/tables_patch.pak!libs/tables/quest/quest_tracked_asset__heritage_release.xml,quest_tracked_asset__heritage_release,quest_tracked_asset,ptf,14,14,0,0,2054,
1356,heritage_release-1356-1-2-1648922073.rar,heritage_release/data/tables_patch.pak!libs/tables/quest/quest_transition__heritage_release.xml,quest_transition__heritage_release,quest_transition,ptf,45,45,0,0,5766,
1356,heritage_release-1356-1-2-1648922073.rar,heritage_release/data/tables_patch.pak!libs/tables/rpg/role__heritage_release.xml,role__heritage_release,role,ptf,4,4,0,0,2568,
1356,heritage_release-1356-1-2-1648922073.rar,heritage_release/data/tables_patch.pak!libs/tables/rpg/soul2metarole__heritage_release.xml,soul2metarole__heritage_release,soul2metarole,ptf,2,2,0,0,11906,
1356,heritage_release-1356-1-2-1648922073.rar,heritage_release/data/tables_patch.pak!libs/tables/rpg/soul__heritage_release.xml,soul__heritage_release,soul,ptf,1,1,0,0,5025,
1356,heritage_release-1356-1-2-1648922073.rar,heritage_release/data/tables_patch.pak!libs/tables/rpg/v_soul2role_metarole__heritage_release.xml,v_soul2role_metarole__heritage_release,v_soul2role_metarole,ptf,156,156,0,0,326362,
1356,heritage_release-1356-1-2-1648922073.rar,heritage_release/data/tables_patch.pak!libs/tables/rpg/v_soul_character_data__heritage_release.xml,v_soul_character_data__heritage_release,v_soul_character_data,ptf,1,1,0,0,5025,
1356,heritage_release-1356-1-2-1648922073.rar,heritage_release/data/tables_patch.pak!libs/tables/skald/skald_objective__heritage_release.xml,skald_objective__heritage_release,skald_objective,ptf,17,17,0,0,2797,
1356,heritage_release-1356-1-2-1648922073.rar,heritage_release/data/tables_patch.pak!libs/tables/skald/skald_objective_string__heritage_release.xml,skald_objective_string__heritage_release,skald_objective_string,ptf,73,73,0,0,11696,
1356,heritage_release-1356-1-2-1648922073.rar,heritage_release/data/tables_patch.pak!libs/tables/skald/skald_quest_string__heritage_release.xml,skald_quest_string__heritage_release,skald_quest_string,ptf,4,4,0,0,381,
1356,heritage_release-1356-1-2-1648922073.rar,heritage_release/data/tables_patch.pak!libs/tables/text/response__heritage_release.xml,response__heritage_release,response,ptf,222,222,0,0,84631,
1356,heritage_release-1356-1-2-1648922073.rar,heritage_release/data/tables_patch.pak!libs/tables/text/sequence2quest_objective__heritage_release.xml,sequence2quest_objective__heritage_release,sequence2quest_objective,ptf,32,32,0,0,6538,
1356,heritage_release-1356-1-2-1648922073.rar,heritage_release/data/tables_patch.pak!libs/tables/text/sequence__heritage_release.xml,sequence__heritage_release,sequence,ptf,67,67,0,0,52415,
1356,heritage_release-1356-1-2-1648922073.rar,heritage_release/data/tables_patch.pak!libs/tables/text/sequence_line__heritage_release.xml,sequence_line__heritage_release,sequence_line,ptf,420,420,0,0,201190,
1356,heritage_release-1356-1-2-1648922073.rar,heritage_release/data/tables_patch.pak!libs/tables/text/topic2sequence__heritage_release.xml,topic2sequence__heritage_release,topic2sequence,ptf,67,67,0,0,49404,
1356,heritage_release-1356-1-2-1648922073.rar,heritage_release/data/tables_patch.pak!libs/tables/text/topic__heritage_release.xml,topic__heritage_release,topic,ptf,40,40,0,0,22663,
1356,heritage_release-1356-1-2-1648922073.rar,heritage_release/data/tables_patch.pak!libs/tables/text/topictorole__heritage_release.xml,TopicToRole__heritage_release,?,unknown table,22,0,22,0,0,
1356,heritage_release-1356-1-2-1648922073.rar,heritage_release/data/tables_patch.pak!libs/tables/text/v_branch__heritage_release.xml,v_branch__heritage_release,v_branch,ptf,11,11,0,0,8926,
1356,heritage_release-1356-1-2-1648922073.rar,heritage_release/data/tables_patch.pak!libs/tables/text/v_dialogue_commands__heritage_release.xml,v_dialogue_commands__heritage_release,v_dialogue_commands,ptf,197,197,0,0,82657,
1391,Better Equipped Runt-1391-1-0-1655791454.zip,Better Equipped Runt/Data/betterrunt.pak!Libs/Tables/item/armor2clothing_preset__betterrunt.xml,armor2clothing_preset,armor2clothing_preset,exact,13,5,0,8,8676,
1423,HoodsUp-1423-1-2-1673054605.rar,HoodsUp/Data/HoodsUp.pak!Libs/Tables/Item/clothing_preset__hoodsup.xml,clothing_preset__hoodsup,clothing_preset,ptf,51,0,51,0,1349,prefers_hood_on
1423,HoodsUp-1423-1-2-1673054605.rar,HoodsUp/Data/HoodsUp.pak!Libs/Tables/Item/armor__hoodsup.xml,armor__hoodsup,armor,ptf,28,0,28,0,768,"clothing2_id,clothing_id"
1423,HoodsUp-1423-1-2-1673054605.rar,HoodsUp/Data/HoodsUp.pak!Libs/Tables/Item/clothing__HoodsUp.xml,clothing,clothing,exact,2,2,0,0,419,
1452,Storable Halberds v1.0-1452-1-0-1673203304.rar,Halberds/Data/StorableHalberds.pak!Libs/Tables/item/weapon_class.xml,weapon_class,weapon_class,exact,14,2,7,5,2,"combat_priority,horse_pull_down_z_tolerance"
1460,For 1.9.6-1460-1-1674511920.rar,MerchantsHavex3Money/Data/MerchantsHavex3Money.pak!Libs/Tables/shop/shop_type2item.xml,shop_type2item,shop_type2item,exact,1953,0,78,1875,0,"amount,shop_type_id"
1510,mount_while_encumbered-1510-1-0-1684251631.zip,mount_while_encumbered/Data/mount_while_encumbered.pak!Libs/Tables/rpg/rpg_param__mount_while_encumbered.xml,rpg_param,rpg_param,exact,1,0,1,0,181,rpg_param_value
1535,DandelionBaron-1535-1-0-1691856480.7z,zzz_DandelionBaron/Data/zzz_DandelionBaron.pak!Libs/Tables/item/pickable_item__DandelionBaron.xml,pickable_item,pickable_item,exact,17,0,16,1,2193,price
1535,DandelionBaron-1535-1-0-1691856480.7z,zzz_DandelionBaron/Data/zzz_DandelionBaron.pak!Libs/Tables/shop/shop_type2item__DandelionBaron.xml,shop_type2item,shop_type2item,exact,221,0,204,17,703,"amount,shop_type_id"
1548,Immersive Economy-1548-1-1-1696198684.7z,ImmersiveEconomy/Data/immersive_economy.pak!Libs/Tables/rpg/rpg_param.xml,rpg_param,rpg_param,exact,1,0,1,0,181,rpg_param_value
1562,Karnage's_Polearm_Rebalance 2.0-1562-1-0-0-1700618129.7z,Karnages_Polearm_Rebalance 2.0/Data/Karnages_Polearm_Rebalance.pak!Libs/Tables/item/melee_weapon__Karnages_Polearm_Rebalance.xml,melee_weapon,melee_weapon,exact,10,0,10,0,157,"attack,slash_att_mod,smash_att_mod,stab_att_mod"
1566,Karnages_Lost_Weapons_Pack_Redux 2.0-1566-1-0-0-1700619203.7z,Karnages_Lost_Weapons_Pack_Redux 2.0/Data/Karnages_lost_weapons_pack_redux.pak!Libs/Tables/item/equippable_item__Karnages_lost_weapons_pack_redux.xml,equippable_item__hah_sword,equippable_item,ptf,12,0,10,2,988,"charisma,conspicuousness,visibility"
1566,Karnages_Lost_Weapons_Pack_Redux 2.0-1566-1-0-0-1700619203.7z,Karnages_Lost_Weapons_Pack_Redux 2.0/Data/Karnages_lost_weapons_pack_redux.pak!Libs/Tables/item/melee_weapon__Karnages_lost_weapons_pack_redux.xml,melee_weapon,melee_weapon,exact,10,0,10,0,157,"attack,slash_att_mod,smash_att_mod,stab_att_mod"
1566,Karnages_Lost_Weapons_Pack_Redux 2.0-1566-1-0-0-1700619203.7z,Karnages_Lost_Weapons_Pack_Redux 2.0/Data/Karnages_lost_weapons_pack_redux.pak!Libs/Tables/item/pickable_item__Karnages_lost_weapons_pack_redux.xml,pickable_item,pickable_item,exact,12,0,11,1,2198,"model,price,weight"
1566,Karnages_Lost_Weapons_Pack_Redux 2.0-1566-1-0-0-1700619203.7z,Karnages_Lost_Weapons_Pack_Redux 2.0/Data/Karnages_lost_weapons_pack_redux.pak!Libs/Tables/item/player_item__Karnages_lost_weapons_pack_redux.xml,player_item,player_item,exact,12,0,5,7,2102,"icon_id,ui_info"
1566,Karnages_Lost_Weapons_Pack_Redux 2.0-1566-1-0-0-1700619203.7z,Karnages_Lost_Weapons_Pack_Redux 2.0/Data/Karnages_lost_weapons_pack_redux.pak!Libs/Tables/item/weapon_class__Karnages_lost_weapons_pack_redux.xml,weapon_class,weapon_class,exact,1,1,0,0,14,
1566,Karnages_Lost_Weapons_Pack_Redux 2.0-1566-1-0-0-1700619203.7z,Karnages_Lost_Weapons_Pack_Redux 2.0/Data/Karnages_lost_weapons_pack_redux.pak!Libs/Tables/item/weapon__Karnages_lost_weapons_pack_redux.xml,weapon,weapon,exact,10,0,10,0,180,"agi_req,defense,holster_model,max_status,str_req"
1566,Karnages_Lost_Weapons_Pack_Redux 2.0-1566-1-0-0-1700619203.7z,Karnages_Lost_Weapons_Pack_Redux 2.0/Data/Karnages_lost_weapons_pack_redux.pak!Libs/Tables/Shop/shop_type2item__Karnages_lost_weapons_pack_redux.xml,shop_type2item__hah_sword,shop_type2item,ptf,26,22,4,0,717,"amount,default_on,shop_type_id"
1605,Formidable Runt-1605-1-4-1711201397.zip,FormidableRunt/Data/FormidableRunt.pak!Libs/Tables/item/armor2clothing_preset__formidablerunt.xml,armor2clothing_preset__formidablerunt,armor2clothing_preset,ptf,11,11,0,0,8684,
1605,Formidable Runt-1605-1-4-1711201397.zip,FormidableRunt/Data/FormidableRunt.pak!Libs/Tables/rpg/buff__formidablerunt.xml,buff__formidablerunt,buff,ptf,1,1,0,0,439,
1605,Formidable Runt-1605-1-4-1711201397.zip,FormidableRunt/Data/FormidableRunt.pak!Libs/Tables/rpg/perk_buff__formidablerunt.xml,perk_buff__formidablerunt,perk_buff,ptf,1,1,0,0,138,
1605,Formidable Runt-1605-1-4-1711201397.zip,FormidableRunt/Data/FormidableRunt.pak!Libs/Tables/rpg/perk__formidablerunt.xml,perk__formidablerunt,perk,ptf,1,1,0,0,551,
1605,Formidable Runt-1605-1-4-1711201397.zip,FormidableRunt/Data/FormidableRunt.pak!Libs/Tables/rpg/soul2perk__formidablerunt.xml,soul2perk__formidablerunt,soul2perk,ptf,9,9,0,0,48718,
1605,Formidable Runt-1605-1-4-1711201397.zip,FormidableRunt/Data/FormidableRunt.pak!Libs/Tables/rpg/soul2skill__formidablerunt.xml,soul2skill__formidablerunt,soul2skill,ptf,8,1,7,0,36435,value
1605,Formidable Runt-1605-1-4-1711201397.zip,FormidableRunt/Data/FormidableRunt.pak!Libs/Tables/rpg/soul__formidablerunt.xml,soul__formidablerunt,soul,ptf,2,1,1,0,5024,"character_scale,combat_level,str,vit"
1636,More Sensible Weapons and Armor-1636-1-11-1741394601.zip,MoreSensible/Data/MoreSensible.pak!Libs/Tables/item/armor__MoreSensible.xml,armor__MoreSensible,armor,ptf,796,0,308,488,0,"armor_type_id,max_status,noise,slash_def,smash_def,stab_def,str_req"
1636,More Sensible Weapons and Armor-1636-1-11-1741394601.zip,MoreSensible/Data/MoreSensible.pak!Libs/Tables/item/equippable_item__MoreSensible.xml,equippable_item__MoreSensible,equippable_item,ptf,1000,0,188,812,0,"charisma,conspicuousness,visibility"
1636,More Sensible Weapons and Armor-1636-1-11-1741394601.zip,MoreSensible/Data/MoreSensible.pak!Libs/Tables/item/melee_weapon__MoreSensible.xml,melee_weapon__MoreSensible,melee_weapon,ptf,167,0,26,141,0,"attack,slash_att_mod,smash_att_mod,stab_att_mod"
1636,More Sensible Weapons and Armor-1636-1-11-1741394601.zip,MoreSensible/Data/MoreSensible.pak!Libs/Tables/item/missile_weapon__MoreSensible.xml,missile_weapon__MoreSensible,missile_weapon,ptf,23,0,1,22,0,power
1636,More Sensible Weapons and Armor-1636-1-11-1741394601.zip,MoreSensible/Data/MoreSensible.pak!Libs/Tables/item/ointment_item__MoreSensible.xml,ointment_item__MoreSensible,ointment_item,ptf,10,0,2,8,0,efficiency
1636,More Sensible Weapons and Armor-1636-1-11-1741394601.zip,MoreSensible/Data/MoreSensible.pak!Libs/Tables/item/pickable_item__MoreSensible.xml,pickable_item__MoreSensible,pickable_item,ptf,2210,0,247,1963,0,"model,price,weight"
1636,More Sensible Weapons and Armor-1636-1-11-1741394601.zip,MoreSensible/Data/MoreSensible.pak!Libs/Tables/item/weapon__MoreSensible.xml,weapon__MoreSensible,weapon,ptf,190,0,50,140,0,"agi_req,defense,max_status,str_req"
1654,Plate Legs-1654-1-0-1716846598.7z,Plate_Legs/Data/plate_legs.pak!Libs/Tables/item/clothing__plate_legs.xml,clothing,clothing,exact,1,1,0,0,419,
1689,PlayableDaggers-1689-V3-0-1736559656.7z,PlayableDaggers/ExtraModification/Libs/Tables/item/weapon_class__TyburnPlayableDaggers.xml,weapon_class,weapon_class,exact,1,1,0,0,14,
1689,PlayableDaggers-1689-V3-0-1736559656.7z,PlayableDaggers/TyburnPlayableDaggers/Data/TyburnPlayableDaggers.pak!Libs/Tables/inventory/inventory2item__TyburnPlayableDaggers.xml,inventory2item,inventory2item,exact,1,1,0,0,1109,
1689,PlayableDaggers-1689-V3-0-1736559656.7z,PlayableDaggers/TyburnPlayableDaggers/Data/TyburnPlayableDaggers.pak!Libs/Tables/item/equippable_item__TyburnPlayableDaggers.xml,equippable_item,equippable_item,exact,5,5,0,0,1000,
1689,PlayableDaggers-1689-V3-0-1736559656.7z,PlayableDaggers/TyburnPlayableDaggers/Data/TyburnPlayableDaggers.pak!Libs/Tables/item/item__TyburnPlayableDaggers.xml,item,item,exact,5,5,0,0,2214,
1689,PlayableDaggers-1689-V3-0-1736559656.7z,PlayableDaggers/TyburnPlayableDaggers/Data/TyburnPlayableDaggers.pak!Libs/Tables/item/melee_weapon__TyburnPlayableDaggers.xml,melee_weapon,melee_weapon,exact,2,2,0,0,167,
1689,PlayableDaggers-1689-V3-0-1736559656.7z,PlayableDaggers/TyburnPlayableDaggers/Data/TyburnPlayableDaggers.pak!Libs/Tables/item/pickable_item__TyburnPlayableDaggers.xml,pickable_item,pickable_item,exact,5,5,0,0,2210,
1689,PlayableDaggers-1689-V3-0-1736559656.7z,PlayableDaggers/TyburnPlayableDaggers/Data/TyburnPlayableDaggers.pak!Libs/Tables/item/player_item__TyburnPlayableDaggers.xml,player_item,player_item,exact,5,5,0,0,2114,
1689,PlayableDaggers-1689-V3-0-1736559656.7z,PlayableDaggers/TyburnPlayableDaggers/Data/TyburnPlayableDaggers.pak!Libs/Tables/item/weapon2weapon_preset__TyburnPlayableDaggers.xml,weapon2weapon_preset,weapon2weapon_preset,exact,24,24,0,0,168,
1689,PlayableDaggers-1689-V3-0-1736559656.7z,PlayableDaggers/TyburnPlayableDaggers/Data/TyburnPlayableDaggers.pak!Libs/Tables/item/weapon__TyburnPlayableDaggers.xml,weapon,weapon,exact,5,5,0,0,190,
1689,PlayableDaggers-1689-V3-0-1736559656.7z,PlayableDaggers/TyburnPlayableDaggers/Data/TyburnPlayableDaggers.pak!Libs/Tables/rpg/buff__TyburnPlayableDaggers.xml,buff,buff,exact,10,10,0,0,439,
1689,PlayableDaggers-1689-V3-0-1736559656.7z,PlayableDaggers/TyburnPlayableDaggers/Data/TyburnPlayableDaggers.pak!Libs/Tables/rpg/perk_buff__TyburnPlayableDaggers.xml,perk_buff,perk_buff,exact,10,10,0,0,138,
1689,PlayableDaggers-1689-V3-0-1736559656.7z,PlayableDaggers/TyburnPlayableDaggers/Data/TyburnPlayableDaggers.pak!Libs/Tables/rpg/perk__TyburnPlayableDaggers.xml,perk,perk,exact,19,10,8,1,542,level
1689,PlayableDaggers-1689-V3-0-1736559656.7z,PlayableDaggers/TyburnPlayableDaggers/Data/TyburnPlayableDaggers.pak!Libs/Tables/rpg/skill__TyburnPlayableDaggers.xml,skill,skill,exact,2,0,2,0,31,"hidden,induced_skill_id,skill_desc_nolevel,skill_name,ui_levelup_string_name,ui_string_name"
1689,PlayableDaggers-1689-V3-0-1736559656.7z,PlayableDaggers/TyburnPlayableDaggers/Data/TyburnPlayableDaggers.pak!Libs/Tables/Shop/shop_type2item__TyburnPlayableDaggers.xml,shop_type2item__baselard,shop_type2item,ptf,18,18,0,0,719,
1733,MedievalPoisons-1733-V2-0-1729998376.7z,MedievalPoisons/V2.0/TyburnMedievalPoisons/Data/TyburnMedievalPoisons.pak!Libs/Tables/inventory/inventory2item__TyburnMedievalPoisons.xml,inventory2item,inventory2item,exact,16,13,3,0,1106,"amount,amount_random_add,health,inventory_id"
1733,MedievalPoisons-1733-V2-0-1729998376.7z,MedievalPoisons/V2.0/TyburnMedievalPoisons/Data/TyburnMedievalPoisons.pak!Libs/Tables/inventory/inventory__TyburnMedievalPoisons.xml,inventory,inventory,exact,11,1,9,1,1097,restock_interval
1733,MedievalPoisons-1733-V2-0-1729998376.7z,MedievalPoisons/V2.0/TyburnMedievalPoisons/Data/TyburnMedievalPoisons.pak!Libs/Tables/item/alchemy_material__TyburnMedievalPoisons.xml,alchemy_material,alchemy_material,exact,4,4,0,0,34,
1733,MedievalPoisons-1733-V2-0-1729998376.7z,MedievalPoisons/V2.0/TyburnMedievalPoisons/Data/TyburnMedievalPoisons.pak!Libs/Tables/item/consumable_item__TyburnMedievalPoisons.xml,consumable_item,consumable_item,exact,8,8,0,0,212,
1733,MedievalPoisons-1733-V2-0-1729998376.7z,MedievalPoisons/V2.0/TyburnMedievalPoisons/Data/TyburnMedievalPoisons.pak!Libs/Tables/item/divisible_item__TyburnMedievalPoisons.xml,divisible_item,divisible_item,exact,13,12,1,0,273,container_model
1733,MedievalPoisons-1733-V2-0-1729998376.7z,MedievalPoisons/V2.0/TyburnMedievalPoisons/Data/TyburnMedievalPoisons.pak!Libs/Tables/item/document_content_images__TyburnMedievalPoisons.xml,document_content_images,document_content_images,exact,24,24,0,0,97,
1733,MedievalPoisons-1733-V2-0-1729998376.7z,MedievalPoisons/V2.0/TyburnMedievalPoisons/Data/TyburnMedievalPoisons.pak!Libs/Tables/item/document__TyburnMedievalPoisons.xml,document,document,exact,9,9,0,0,192,
1733,MedievalPoisons-1733-V2-0-1729998376.7z,MedievalPoisons/V2.0/TyburnMedievalPoisons/Data/TyburnMedievalPoisons.pak!Libs/Tables/item/food__TyburnMedievalPoisons.xml,food,food,exact,8,8,0,0,202,
1733,MedievalPoisons-1733-V2-0-1729998376.7z,MedievalPoisons/V2.0/TyburnMedievalPoisons/Data/TyburnMedievalPoisons.pak!Libs/Tables/item/herb__TyburnMedievalPoisons.xml,herb,herb,exact,1,0,1,0,16,"ui_desc,ui_effect,ui_occur"
1733,MedievalPoisons-1733-V2-0-1729998376.7z,MedievalPoisons/V2.0/TyburnMedievalPoisons/Data/TyburnMedievalPoisons.pak!Libs/Tables/item/item__TyburnMedievalPoisons.xml,item,item,exact,22,20,2,0,2212,"item_category_id,item_name"
1733,MedievalPoisons-1733-V2-0-1729998376.7z,MedievalPoisons/V2.0/TyburnMedievalPoisons/Data/TyburnMedievalPoisons.pak!Libs/Tables/item/pickable_item__TyburnMedievalPoisons.xml,pickable_item,pickable_item,exact,25,20,5,0,2205,"material,price"
1733,MedievalPoisons-1733-V2-0-1729998376.7z,MedievalPoisons/V2.0/TyburnMedievalPoisons/Data/TyburnMedievalPoisons.pak!Libs/Tables/item/player_item__TyburnMedievalPoisons.xml,player_item,player_item,exact,23,20,2,1,2111,"icon_id,ui_info,ui_name"
1733,MedievalPoisons-1733-V2-0-1729998376.7z,MedievalPoisons/V2.0/TyburnMedievalPoisons/Data/TyburnMedievalPoisons.pak!Libs/Tables/item/potion__TyburnMedievalPoisons.xml,potion,potion,exact,8,8,0,0,46,
1733,MedievalPoisons-1733-V2-0-1729998376.7z,MedievalPoisons/V2.0/TyburnMedievalPoisons/Data/TyburnMedievalPoisons.pak!Libs/Tables/item/recipe_ingredient__TyburnMedievalPoisons.xml,recipe_ingredient,recipe_ingredient,exact,28,12,16,0,12,"quantity,recipe_id"
1733,MedievalPoisons-1733-V2-0-1729998376.7z,MedievalPoisons/V2.0/TyburnMedievalPoisons/Data/TyburnMedievalPoisons.pak!Libs/Tables/item/recipe_step__TyburnMedievalPoisons.xml,recipe_step,recipe_step,exact,72,58,11,3,212,"condition,ui_text"
1733,MedievalPoisons-1733-V2-0-1729998376.7z,MedievalPoisons/V2.0/TyburnMedievalPoisons/Data/TyburnMedievalPoisons.pak!Libs/Tables/item/recipe__TyburnMedievalPoisons.xml,recipe,recipe,exact,8,8,0,0,35,
1733,MedievalPoisons-1733-V2-0-1729998376.7z,MedievalPoisons/V2.0/TyburnMedievalPoisons/Data/TyburnMedievalPoisons.pak!Libs/Tables/rpg/buff__TyburnMedievalPoisons.xml,buff,buff,exact,24,16,8,0,431,"buff_desc,buff_ui_name,buff_ui_order,params,slot_buff_ui_name,visual_effect"
1733,MedievalPoisons-1733-V2-0-1729998376.7z,MedievalPoisons/V2.0/TyburnMedievalPoisons/Data/TyburnMedievalPoisons.pak!Libs/Tables/rpg/document_required_skill__TyburnMedievalPoisons.xml,document_required_skill,document_required_skill,exact,1,1,0,0,40,
1733,MedievalPoisons-1733-V2-0-1729998376.7z,MedievalPoisons/V2.0/TyburnMedievalPoisons/Data/TyburnMedievalPoisons.pak!Libs/Tables/rpg/soul__TyburnMedievalPoisons.xml,soul,soul,exact,1,1,0,0,5025,
1733,MedievalPoisons-1733-V2-0-1729998376.7z,MedievalPoisons/V2.0/TyburnMedievalPoisons/Data/TyburnMedievalPoisons.pak!Libs/Tables/shop/shop_type2item__TyburnMedievalPoisons.xml,shop_type2item__baselard,shop_type2item,ptf,38,25,13,0,715,"amount,shop_type_id"
1777,Diseases-1777-V2-0-1739366414.7z,Diseases/TyburnDiseases/Data/TyburnDiseases.pak!Libs/Tables/character_head__TyburnDiseases.xml,character_head,character_head,exact,30,16,14,0,166,material
1777,Diseases-1777-V2-0-1739366414.7z,Diseases/TyburnDiseases/Data/TyburnDiseases.pak!Libs/Tables/inventory/inventory2item__TyburnDiseases.xml,inventory2item,inventory2item,exact,2,1,1,0,1108,inventory_id
1777,Diseases-1777-V2-0-1739366414.7z,Diseases/TyburnDiseases/Data/TyburnDiseases.pak!Libs/Tables/inventory/inventory__TyburnDiseases.xml,inventory,inventory,exact,1,0,1,0,1106,"max_items,restock_interval"
1777,Diseases-1777-V2-0-1739366414.7z,Diseases/TyburnDiseases/Data/TyburnDiseases.pak!Libs/Tables/item/armor2clothing_attachment__TyburnDiseases.xml,armor2clothing_attachment,armor2clothing_attachment,exact,1,1,0,0,297,
1777,Diseases-1777-V2-0-1739366414.7z,Diseases/TyburnDiseases/Data/TyburnDiseases.pak!Libs/Tables/item/armor2clothing_preset__TyburnDiseases.xml,armor2clothing_preset,armor2clothing_preset,exact,1,1,0,0,8684,
1777,Diseases-1777-V2-0-1739366414.7z,Diseases/TyburnDiseases/Data/TyburnDiseases.pak!Libs/Tables/item/armor_type__TyburnDiseases.xml,armor_type,armor_type,exact,1,1,0,0,12,
1777,Diseases-1777-V2-0-1739366414.7z,Diseases/TyburnDiseases/Data/TyburnDiseases.pak!Libs/Tables/item/armor__TyburnDiseases.xml,armor,armor,exact,1,1,0,0,796,
1777,Diseases-1777-V2-0-1739366414.7z,Diseases/TyburnDiseases/Data/TyburnDiseases.pak!Libs/Tables/item/consumable_item__TyburnDiseases.xml,consumable_item,consumable_item,exact,21,16,5,0,207,buff_id
1777,Diseases-1777-V2-0-1739366414.7z,Diseases/TyburnDiseases/Data/TyburnDiseases.pak!Libs/Tables/item/divisible_item__TyburnDiseases.xml,divisible_item,divisible_item,exact,18,18,0,0,274,
1777,Diseases-1777-V2-0-1739366414.7z,Diseases/TyburnDiseases/Data/TyburnDiseases.pak!Libs/Tables/item/document_content__TyburnDiseases.xml,document_content,document_content,exact,12,12,0,0,122,
1777,Diseases-1777-V2-0-1739366414.7z,Diseases/TyburnDiseases/Data/TyburnDiseases.pak!Libs/Tables/item/document__TyburnDiseases.xml,document,document,exact,1,1,0,0,192,
1777,Diseases-1777-V2-0-1739366414.7z,Diseases/TyburnDiseases/Data/TyburnDiseases.pak!Libs/Tables/item/equippable_item__TyburnDiseases.xml,equippable_item,equippable_item,exact,1,1,0,0,1000,
1777,Diseases-1777-V2-0-1739366414.7z,Diseases/TyburnDiseases/Data/TyburnDiseases.pak!Libs/Tables/item/food__TyburnDiseases.xml,food,food,exact,17,17,0,0,202,
1777,Diseases-1777-V2-0-1739366414.7z,Diseases/TyburnDiseases/Data/TyburnDiseases.pak!Libs/Tables/item/item__TyburnDiseases.xml,item,item,exact,40,40,0,0,2214,
1777,Diseases-1777-V2-0-1739366414.7z,Diseases/TyburnDiseases/Data/TyburnDiseases.pak!Libs/Tables/item/pickable_item__TyburnDiseases.xml,pickable_item,pickable_item,exact,40,40,0,0,2210,
1777,Diseases-1777-V2-0-1739366414.7z,Diseases/TyburnDiseases/Data/TyburnDiseases.pak!Libs/Tables/item/player_item__TyburnDiseases.xml,player_item,player_item,exact,40,40,0,0,2114,
1777,Diseases-1777-V2-0-1739366414.7z,Diseases/TyburnDiseases/Data/TyburnDiseases.pak!Libs/Tables/item/questible_item__TyburnDiseases.xml,questible_item,questible_item,exact,20,20,0,0,840,
1777,Diseases-1777-V2-0-1739366414.7z,Diseases/TyburnDiseases/Data/TyburnDiseases.pak!Libs/Tables/rpg/buff_class__TyburnDiseases.xml,buff_class,buff_class,exact,43,25,0,18,0,
1777,Diseases-1777-V2-0-1739366414.7z,Diseases/TyburnDiseases/Data/TyburnDiseases.pak!Libs/Tables/rpg/buff__TyburnDiseases.xml,buff,buff,exact,68,66,2,0,437,"buff_ui_visibility_id,icon_id,params"
1777,Diseases-1777-V2-0-1739366414.7z,Diseases/TyburnDiseases/Data/TyburnDiseases.pak!Libs/Tables/rpg/perk_codex__TyburnDiseases.xml,perk_codex,perk_codex,exact,12,11,1,0,242,default_learned
1777,Diseases-1777-V2-0-1739366414.7z,Diseases/TyburnDiseases/Data/TyburnDiseases.pak!Libs/Tables/rpg/perk__TyburnDiseases.xml,perk,perk,exact,12,11,1,0,550,"icon_id,perk_name"
1777,Diseases-1777-V2-0-1739366414.7z,Diseases/TyburnDiseases/Data/TyburnDiseases.pak!Libs/Tables/rpg/statistic_group__TyburnDiseases.xml,statistic_group,statistic_group,exact,1,1,0,0,8,
1777,Diseases-1777-V2-0-1739366414.7z,Diseases/TyburnDiseases/Data/TyburnDiseases.pak!Libs/Tables/rpg/statistic__TyburnDiseases.xml,statistic,statistic,exact,17,17,0,0,183,
1777,Diseases-1777-V2-0-1739366414.7z,Diseases/TyburnDiseases/Data/TyburnDiseases.pak!Libs/Tables/shop/shop_type2item__TyburnDiseases.xml,shop_type2item__baselard,shop_type2item,ptf,58,54,4,0,718,"amount,default_on,shop_type_id"
1777,Diseases_NoAudio-1777-V2-0-1739366653.7z,Diseases_NoAudio/TyburnDiseases/Data/TyburnDiseases.pak!Libs/Tables/character_head__TyburnDiseases.xml,character_head,character_head,exact,30,16,14,0,166,material
1777,Diseases_NoAudio-1777-V2-0-1739366653.7z,Diseases_NoAudio/TyburnDiseases/Data/TyburnDiseases.pak!Libs/Tables/inventory/inventory2item__TyburnDiseases.xml,inventory2item,inventory2item,exact,2,1,1,0,1108,inventory_id
1777,Diseases_NoAudio-1777-V2-0-1739366653.7z,Diseases_NoAudio/TyburnDiseases/Data/TyburnDiseases.pak!Libs/Tables/inventory/inventory__TyburnDiseases.xml,inventory,inventory,exact,1,0,1,0,1106,"max_items,restock_interval"
1777,Diseases_NoAudio-1777-V2-0-1739366653.7z,Diseases_NoAudio/TyburnDiseases/Data/TyburnDiseases.pak!Libs/Tables/item/armor2clothing_attachment__TyburnDiseases.xml,armor2clothing_attachment,armor2clothing_attachment,exact,1,1,0,0,297,
1777,Diseases_NoAudio-1777-V2-0-1739366653.7z,Diseases_NoAudio/TyburnDiseases/Data/TyburnDiseases.pak!Libs/Tables/item/armor2clothing_preset__TyburnDiseases.xml,armor2clothing_preset,armor2clothing_preset,exact,1,1,0,0,8684,
1777,Diseases_NoAudio-1777-V2-0-1739366653.7z,Diseases_NoAudio/TyburnDiseases/Data/TyburnDiseases.pak!Libs/Tables/item/armor_type__TyburnDiseases.xml,armor_type,armor_type,exact,1,1,0,0,12,
1777,Diseases_NoAudio-1777-V2-0-1739366653.7z,Diseases_NoAudio/TyburnDiseases/Data/TyburnDiseases.pak!Libs/Tables/item/armor__TyburnDiseases.xml,armor,armor,exact,1,1,0,0,796,
1777,Diseases_NoAudio-1777-V2-0-1739366653.7z,Diseases_NoAudio/TyburnDiseases/Data/TyburnDiseases.pak!Libs/Tables/item/consumable_item__TyburnDiseases.xml,consumable_item,consumable_item,exact,21,16,5,0,207,buff_id
1777,Diseases_NoAudio-1777-V2-0-1739366653.7z,Diseases_NoAudio/TyburnDiseases/Data/TyburnDiseases.pak!Libs/Tables/item/divisible_item__TyburnDiseases.xml,divisible_item,divisible_item,exact,18,18,0,0,274,
1777,Diseases_NoAudio-1777-V2-0-1739366653.7z,Diseases_NoAudio/TyburnDiseases/Data/TyburnDiseases.pak!Libs/Tables/item/document_content__TyburnDiseases.xml,document_content,document_content,exact,12,12,0,0,122,
1777,Diseases_NoAudio-1777-V2-0-1739366653.7z,Diseases_NoAudio/TyburnDiseases/Data/TyburnDiseases.pak!Libs/Tables/item/document__TyburnDiseases.xml,document,document,exact,1,1,0,0,192,
1777,Diseases_NoAudio-1777-V2-0-1739366653.7z,Diseases_NoAudio/TyburnDiseases/Data/TyburnDiseases.pak!Libs/Tables/item/equippable_item__TyburnDiseases.xml,equippable_item,equippable_item,exact,1,1,0,0,1000,
1777,Diseases_NoAudio-1777-V2-0-1739366653.7z,Diseases_NoAudio/TyburnDiseases/Data/TyburnDiseases.pak!Libs/Tables/item/food__TyburnDiseases.xml,food,food,exact,17,17,0,0,202,
1777,Diseases_NoAudio-1777-V2-0-1739366653.7z,Diseases_NoAudio/TyburnDiseases/Data/TyburnDiseases.pak!Libs/Tables/item/item__TyburnDiseases.xml,item,item,exact,40,40,0,0,2214,
1777,Diseases_NoAudio-1777-V2-0-1739366653.7z,Diseases_NoAudio/TyburnDiseases/Data/TyburnDiseases.pak!Libs/Tables/item/pickable_item__TyburnDiseases.xml,pickable_item,pickable_item,exact,40,40,0,0,2210,
1777,Diseases_NoAudio-1777-V2-0-1739366653.7z,Diseases_NoAudio/TyburnDiseases/Data/TyburnDiseases.pak!Libs/Tables/item/player_item__TyburnDiseases.xml,player_item,player_item,exact,40,40,0,0,2114,
1777,Diseases_NoAudio-1777-V2-0-1739366653.7z,Diseases_NoAudio/TyburnDiseases/Data/TyburnDiseases.pak!Libs/Tables/item/questible_item__TyburnDiseases.xml,questible_item,questible_item,exact,20,20,0,0,840,
1777,Diseases_NoAudio-1777-V2-0-1739366653.7z,Diseases_NoAudio/TyburnDiseases/Data/TyburnDiseases.pak!Libs/Tables/rpg/buff_class__TyburnDiseases.xml,buff_class,buff_class,exact,43,25,0,18,0,
1777,Diseases_NoAudio-1777-V2-0-1739366653.7z,Diseases_NoAudio/TyburnDiseases/Data/TyburnDiseases.pak!Libs/Tables/rpg/buff__TyburnDiseases.xml,buff,buff,exact,68,66,2,0,437,"buff_ui_visibility_id,icon_id,params"
1777,Diseases_NoAudio-1777-V2-0-1739366653.7z,Diseases_NoAudio/TyburnDiseases/Data/TyburnDiseases.pak!Libs/Tables/rpg/perk_codex__TyburnDiseases.xml,perk_codex,perk_codex,exact,12,11,1,0,242,default_learned
1777,Diseases_NoAudio-1777-V2-0-1739366653.7z,Diseases_NoAudio/TyburnDiseases/Data/TyburnDiseases.pak!Libs/Tables/rpg/perk__TyburnDiseases.xml,perk,perk,exact,12,11,1,0,550,"icon_id,perk_name"
1777,Diseases_NoAudio-1777-V2-0-1739366653.7z,Diseases_NoAudio/TyburnDiseases/Data/TyburnDiseases.pak!Libs/Tables/rpg/statistic_group__TyburnDiseases.xml,statistic_group,statistic_group,exact,1,1,0,0,8,
1777,Diseases_NoAudio-1777-V2-0-1739366653.7z,Diseases_NoAudio/TyburnDiseases/Data/TyburnDiseases.pak!Libs/Tables/rpg/statistic__TyburnDiseases.xml,statistic,statistic,exact,17,17,0,0,183,
1777,Diseases_NoAudio-1777-V2-0-1739366653.7z,Diseases_NoAudio/TyburnDiseases/Data/TyburnDiseases.pak!Libs/Tables/shop/shop_type2item__TyburnDiseases.xml,shop_type2item__baselard,shop_type2item,ptf,58,54,4,0,718,"amount,default_on,shop_type_id"
1807,PoisonousEnemies-1807-V1-1-1739657277.7z,PoisonousEnemies/TyburnPoisonousEnemies/Data/TyburnPoisonousEnemies.pak!Libs/Tables/item/armor2clothing_attachment__TyburnPoisonousEnemies.xml,armor2clothing_attachment,armor2clothing_attachment,exact,1,1,0,0,297,
1807,PoisonousEnemies-1807-V1-1-1739657277.7z,PoisonousEnemies/TyburnPoisonousEnemies/Data/TyburnPoisonousEnemies.pak!Libs/Tables/item/armor2clothing_preset__TyburnPoisonousEnemies.xml,armor2clothing_preset,armor2clothing_preset,exact,2,2,0,0,8684,
1807,PoisonousEnemies-1807-V1-1-1739657277.7z,PoisonousEnemies/TyburnPoisonousEnemies/Data/TyburnPoisonousEnemies.pak!Libs/Tables/item/armor_type__TyburnPoisonousEnemies.xml,armor_type,armor_type,exact,2,2,0,0,12,
1807,PoisonousEnemies-1807-V1-1-1739657277.7z,PoisonousEnemies/TyburnPoisonousEnemies/Data/TyburnPoisonousEnemies.pak!Libs/Tables/item/armor__TyburnPoisonousEnemies.xml,armor,armor,exact,2,2,0,0,796,
1807,PoisonousEnemies-1807-V1-1-1739657277.7z,PoisonousEnemies/TyburnPoisonousEnemies/Data/TyburnPoisonousEnemies.pak!Libs/Tables/item/divisible_item__TyburnPoisonousEnemies.xml,divisible_item,divisible_item,exact,8,8,0,0,274,
1807,PoisonousEnemies-1807-V1-1-1739657277.7z,PoisonousEnemies/TyburnPoisonousEnemies/Data/TyburnPoisonousEnemies.pak!Libs/Tables/item/equippable_item__TyburnPoisonousEnemies.xml,equippable_item,equippable_item,exact,2,2,0,0,1000,
1807,PoisonousEnemies-1807-V1-1-1739657277.7z,PoisonousEnemies/TyburnPoisonousEnemies/Data/TyburnPoisonousEnemies.pak!Libs/Tables/item/food__TyburnPoisonousEnemies.xml,food,food,exact,8,8,0,0,202,
1807,PoisonousEnemies-1807-V1-1-1739657277.7z,PoisonousEnemies/TyburnPoisonousEnemies/Data/TyburnPoisonousEnemies.pak!Libs/Tables/item/item__TyburnPoisonousEnemies.xml,item,item,exact,10,10,0,0,2214,
1807,PoisonousEnemies-1807-V1-1-1739657277.7z,PoisonousEnemies/TyburnPoisonousEnemies/Data/TyburnPoisonousEnemies.pak!Libs/Tables/item/pickable_item__TyburnPoisonousEnemies.xml,pickable_item,pickable_item,exact,10,10,0,0,2210,
1807,PoisonousEnemies-1807-V1-1-1739657277.7z,PoisonousEnemies/TyburnPoisonousEnemies/Data/TyburnPoisonousEnemies.pak!Libs/Tables/item/player_item__TyburnPoisonousEnemies.xml,player_item,player_item,exact,10,10,0,0,2114,
1807,PoisonousEnemies-1807-V1-1-1739657277.7z,PoisonousEnemies/TyburnPoisonousEnemies/Data/TyburnPoisonousEnemies.pak!Libs/Tables/rpg/buff__TyburnPoisonousEnemies.xml,buff,buff,exact,3,3,0,0,439,
1807,PoisonousEnemies-1807-V1-1-1739657277.7z,PoisonousEnemies/TyburnPoisonousEnemies/Data/TyburnPoisonousEnemies.pak!Libs/Tables/rpg/statistic__TyburnPoisonousEnemies.xml,statistic,statistic,exact,11,11,0,0,183,
1807,PoisonousEnemies-1807-V1-1-1739657277.7z,PoisonousEnemies/TyburnPoisonousEnemies/Data/TyburnPoisonousEnemies.pak!Libs/Tables/shop/shop_type2item__TyburnPoisonousEnemies.xml,shop_type2item__baselard,shop_type2item,ptf,26,26,0,0,719,
1861,Sell Damaged Items At Full Price-1861-1-0-1739532223.zip,selldamagedfullprice/Data/selldamagedfullprice.pak!Libs/Tables/rpg/perk_rpg_param_override__selldamagedfullprice.xml,perk_rpg_param_override,perk_rpg_param_override,exact,1,0,1,0,24,rpg_param_value
1861,Sell Damaged Items At Full Price-1861-1-0-1739532223.zip,selldamagedfullprice/Data/selldamagedfullprice.pak!Libs/Tables/rpg/rpg_param__selldamagedfullprice.xml,perk_rpg_param_override,perk_rpg_param_override,exact,1,1,0,0,25,
1870,Fair Trade-1870-1-0-1739553563.zip,fairtrade/Data/fairtrade.pak!Libs/Tables/shop/shop__fairtrade.xml,shop,shop,exact,163,0,133,30,0,price_sell_multiplier
1873,Daily Restock And Rich Merchants-1873-1-0-1739611543.zip,dailyrestockrichmerchant/Data/dailyrestockrichmerchant.pak!Libs/Tables/shop/shop_type2item__dailyrestockrichmerchant.xml,shop_type2item,shop_type2item,exact,79,0,79,0,718,"amount,shop_type_id"
1873,Daily Restock And Rich Merchants-1873-1-0-1739611543.zip,dailyrestockrichmerchant/Data/dailyrestockrichmerchant.pak!Libs/Tables/shop/shop__dailyrestockrichmerchant.xml,shop,shop,exact,163,0,46,117,0,restock_day_mask
1944,Lore Of Die Pricing Module-1944-1-0-1743087028.zip,DieOfLorePricesModule/Data/DieOfLorePricesModule.pak!Libs/Tables/Item/pickable_item__DieOfLorePricesModule.xml,pickable_item,pickable_item,exact,21,0,20,1,2189,price
1956,AutoHideHUDReborn-1956-1-4-0-1777734198.zip,AutoHideHUDReborn/Data/AutoHideHUDReborn.pak!Libs/Tables/rpg/buff__autohidehudreborn.xml,buff,buff,exact,1,1,0,0,439,
1956,AutoHideHUDReborn-1956-1-4-0-1777734198.zip,AutoHideHUDReborn/Data/AutoHideHUDReborn.pak!Libs/Tables/rpg/perk_buff__autohidehudreborn.xml,perk_buff,perk_buff,exact,1,1,0,0,138,
1956,AutoHideHUDReborn-1956-1-4-0-1777734198.zip,AutoHideHUDReborn/Data/AutoHideHUDReborn.pak!Libs/Tables/rpg/perk__autohidehudreborn.xml,perk,perk,exact,1,1,0,0,551,
1956,AutoHideHUDReborn-1956-1-4-0-1777734198.zip,AutoHideHUDReborn/Data/AutoHideHUDReborn.pak!Libs/Tables/rpg/soul2perk__autohidehudreborn.xml,soul2perk,soul2perk,exact,1,1,0,0,48718,
1981,LIP - Annual Contract Supplies Cost Patch-1981-1-0-1744439495.zip,PribyslavitzSuppliesCostAnnual/Data/PribyslavitzSuppliesCostAnnual.pak!Libs/Tables/minigame/new_homes_modifier_effect_structure__PribyslavitzSuppliesCostAnnual.xml,new_homes_modifier_effect_structure,new_homes_modifier_effect_structure,exact,8,0,8,0,64,income
1981,LIP - Supplies Cost Patch-1981-1-1-1744439433.zip,PribyslavitzSuppliesCost/Data/PribyslavitzSuppliesCost.pak!Libs/Tables/minigame/new_homes_modifier_effect_structure__PribyslavitzSuppliesCost.xml,new_homes_modifier_effect_structure,new_homes_modifier_effect_structure,exact,8,0,2,6,64,income
1984,Sharpening Overhaul-1984-2-1-1749895972.zip,SharpeningOverhaul/Data/SharpeningOverhaul.pak!Libs/Tables/rpg/buff__SharpeningOverhaul.xml,buff__SharpeningOverhaul,buff,ptf,4,4,0,0,439,
2022,Restored Sabres PTF-2022-1-1-1779784649.7z,RestoredSabres/Data/RestoredSabres.pak!Libs/Tables/item/melee_weapon__RestoredSabres.xml,melee_weapon,melee_weapon,exact,1,0,1,0,166,"attack,slash_att_mod,smash_att_mod,stab_att_mod"
2022,Restored Sabres PTF-2022-1-1-1779784649.7z,RestoredSabres/Data/RestoredSabres.pak!Libs/Tables/item/pickable_item__RestoredSabres.xml,pickable_item,pickable_item,exact,1,0,1,0,2209,"price,weight"
2022,Restored Sabres PTF-2022-1-1-1779784649.7z,RestoredSabres/Data/RestoredSabres.pak!Libs/Tables/item/weapon2weapon_preset__RestoredSabres.xml,weapon2weapon_preset,weapon2weapon_preset,exact,3,0,2,1,166,weapon_preset_id
2022,Restored Sabres PTF-2022-1-1-1779784649.7z,RestoredSabres/Data/RestoredSabres.pak!Libs/Tables/item/weapon__RestoredSabres.xml,weapon,weapon,exact,1,0,1,0,189,"defense,max_status"
2022,Restored Sabres PTF-2022-1-1-1779784649.7z,RestoredSabres/Data/RestoredSabres.pak!Libs/Tables/shop/shop_type2item__RestoredSabres.xml,shop_type2item,shop_type2item,exact,1,1,0,0,719,
2046,Arsenal Melee Weapons Overhaul-2046-6-1774914631.7z,zzdddbarsenal/Data/Tables.pak!Libs/Tables/combat/combat_weapon_group_to_class__zzdddbarsenal.xml,combat_weapon_group_to_class,combat_weapon_group_to_class,exact,16,0,0,16,0,
2046,Arsenal Melee Weapons Overhaul-2046-6-1774914631.7z,zzdddbarsenal/Data/Tables.pak!Libs/Tables/item/equippable_item__zzdddbarsenal.xml,equippable_item,equippable_item,exact,32,29,2,1,997,"charisma,conspicuousness"
2046,Arsenal Melee Weapons Overhaul-2046-6-1774914631.7z,zzdddbarsenal/Data/Tables.pak!Libs/Tables/item/item_manipulation_type__zzdddbarsenal.xml,item_manipulation_type,item_manipulation_type,exact,4,3,0,1,38,
2046,Arsenal Melee Weapons Overhaul-2046-6-1774914631.7z,zzdddbarsenal/Data/Tables.pak!Libs/Tables/item/melee_weapon_type__zzdddbarsenal.xml,melee_weapon_type,melee_weapon_type,exact,11,2,0,9,0,
2046,Arsenal Melee Weapons Overhaul-2046-6-1774914631.7z,zzdddbarsenal/Data/Tables.pak!Libs/Tables/item/melee_weapon__zzdddbarsenal.xml,melee_weapon,melee_weapon,exact,197,28,124,45,0,"attack,slash_att_mod,smash_att_mod,stab_att_mod"
2046,Arsenal Melee Weapons Overhaul-2046-6-1774914631.7z,zzdddbarsenal/Data/Tables.pak!Libs/Tables/item/pickable_item__zzdddbarsenal.xml,pickable_item,pickable_item,exact,129,29,31,69,2111,"model,price,weight"
2046,Arsenal Melee Weapons Overhaul-2046-6-1774914631.7z,zzdddbarsenal/Data/Tables.pak!Libs/Tables/item/player_item__zzdddbarsenal.xml,player_item,player_item,exact,46,31,0,15,2099,
2046,Arsenal Melee Weapons Overhaul-2046-6-1774914631.7z,zzdddbarsenal/Data/Tables.pak!Libs/Tables/item/weapon_class__zzdddbarsenal.xml,weapon_class,weapon_class,exact,12,4,8,0,6,"anim_collision_mode,attack_distance,collision_mode,horse_pull_down_distance,horse_pull_down_max_speed,hunt_attack_distan"
2046,Arsenal Melee Weapons Overhaul-2046-6-1774914631.7z,zzdddbarsenal/Data/Tables.pak!Libs/Tables/item/weapon__zzdddbarsenal.xml,weapon,weapon,exact,216,27,179,10,4,"agi_req,defense,holster_model,is_breakable,max_status,str_req,weapon_class_id"
2061,Meticulously Edited Shops (and Services)-2061-0-4-4-1771229823.zip,MESS/Data/MESS.pak!Libs/Tables/rpg/soul__MESS.xml,soul,soul,exact,5025,0,2390,2635,0,"time_0,time_1,time_2,time_3,time_4,time_5,time_6,time_7"
2061,Meticulously Edited Shops (and Services)-2061-0-4-4-1771229823.zip,MESS/Data/MESS.pak!Libs/Tables/shop/shop.xml,shop,shop,exact,163,49,93,21,49,"amount_multiplier,amount_multiplier_random_add,price_buy_multiplier,price_sell_multiplier,restock_day_mask"
2061,Meticulously Edited Shops (and Services)-2061-0-4-4-1771229823.zip,MESS/Data/MESS.pak!Libs/Tables/shop/shop_type2item.xml,shop_type2item,shop_type2item,exact,5165,1400,3530,235,0,"amount,default_on,shop_type_id"
2068,SPOA SKA for KCD (2K textures)-2068-1-03-1755982732.zip,SPOA-SKA/Data/spoa-ska.pak!Libs/Tables/item/armor2clothing_attachment__silver_knight_armor.xml,armor2clothing_attachment,armor2clothing_attachment,exact,1,1,0,0,297,
2068,SPOA SKA for KCD (2K textures)-2068-1-03-1755982732.zip,SPOA-SKA/Data/spoa-ska.pak!Libs/Tables/item/armor2clothing_preset__silver_knight_armor.xml,armor2clothing_preset,armor2clothing_preset,exact,2,2,0,0,8684,
2068,SPOA SKA for KCD (2K textures)-2068-1-03-1755982732.zip,SPOA-SKA/Data/spoa-ska.pak!Libs/Tables/item/armor__silver_knight_armor.xml,armor,armor,exact,7,7,0,0,796,
2068,SPOA SKA for KCD (2K textures)-2068-1-03-1755982732.zip,SPOA-SKA/Data/spoa-ska.pak!Libs/Tables/item/clothing_attachment__silver_knight_armor.xml,clothing_attachment,clothing_attachment,exact,1,1,0,0,135,
2068,SPOA SKA for KCD (2K textures)-2068-1-03-1755982732.zip,SPOA-SKA/Data/spoa-ska.pak!Libs/Tables/item/clothing_mesh_data__silver_knight_armor.xml,clothing_mesh_data,clothing_mesh_data,exact,7,7,0,0,193,
2068,SPOA SKA for KCD (2K textures)-2068-1-03-1755982732.zip,SPOA-SKA/Data/spoa-ska.pak!Libs/Tables/item/clothing_raycast__silver_knight_armor.xml,clothing_raycast,clothing_raycast,exact,7,7,0,0,384,
2068,SPOA SKA for KCD (2K textures)-2068-1-03-1755982732.zip,SPOA-SKA/Data/spoa-ska.pak!Libs/Tables/item/clothing__silver_knight_armor.xml,clothing,clothing,exact,7,7,0,0,419,
2068,SPOA SKA for KCD (2K textures)-2068-1-03-1755982732.zip,SPOA-SKA/Data/spoa-ska.pak!Libs/Tables/item/equippable_item__silver_knight_armor.xml,equippable_item,equippable_item,exact,7,7,0,0,1000,
2068,SPOA SKA for KCD (2K textures)-2068-1-03-1755982732.zip,SPOA-SKA/Data/spoa-ska.pak!Libs/Tables/item/helmet__silver_knight_armor.xml,helmet,helmet,exact,1,1,0,0,63,
2068,SPOA SKA for KCD (2K textures)-2068-1-03-1755982732.zip,SPOA-SKA/Data/spoa-ska.pak!Libs/Tables/item/item__silver_knight_armor.xml,item,item,exact,7,7,0,0,2214,
2068,SPOA SKA for KCD (2K textures)-2068-1-03-1755982732.zip,SPOA-SKA/Data/spoa-ska.pak!Libs/Tables/item/pickable_item__silver_knight_armor.xml,pickable_item,pickable_item,exact,7,7,0,0,2210,
2068,SPOA SKA for KCD (2K textures)-2068-1-03-1755982732.zip,SPOA-SKA/Data/spoa-ska.pak!Libs/Tables/item/player_item__silver_knight_armor.xml,player_item,player_item,exact,7,7,0,0,2114,
2068,SPOA SKA for KCD (2K textures)-2068-1-03-1755982732.zip,SPOA-SKA/Data/spoa-ska.pak!Libs/Tables/shop/shop_type2item__silver_knight_armor.xml,shop_type2item,shop_type2item,exact,21,21,0,0,719,
2079,Thin The Herd 2079 1.3.1 2026-07-16T19-00Z ksgvwCnjt.zip,thintheherd/Data/thintheherd.pak!Libs/Tables/inventory/inventory2item__thintheherd.xml,inventory2item,inventory2item,exact,16,2,14,0,1096,"amount,amount_random_add,health_offset,inventory_id"
2079,Thin The Herd 2079 1.3.1 2026-07-16T19-00Z ksgvwCnjt.zip,thintheherd/Data/thintheherd.pak!Libs/Tables/inventory/inventory_preset2item__thintheherd.xml,inventory_preset2item,inventory_preset2item,exact,15,0,15,0,656,"amount,amount_random_add,inventory_preset_id,priority"
2079,Thin The Herd 2079 1.3.1 2026-07-16T19-00Z ksgvwCnjt.zip,thintheherd/Data/thintheherd.pak!Libs/Tables/quest/quest_tracked_asset__thintheherd.xml,quest_tracked_asset,quest_tracked_asset,exact,18,0,18,0,2036,count
2158,FindersKeepers_Wait_No-2158-1-2-1773048312.zip,FindersKeepers_Wait_No/Data/FindersKeepers_Wait_No.pak!Libs/Tables/item/pickable_item__FindersKeepers_Wait_No.xml,pickable_item,pickable_item,exact,2109,0,2109,0,101,owner_fading_coef
2171,No Stolen Items-2171-1-2-1772686214.zip,NoStolenItems/Data/NoStolenItems.pak!Libs/Tables/rpg/rpg_param__NoStolenItems.xml,rpg_param__NoStolenItems,rpg_param,ptf,8,8,0,0,182,
2174,Barding Improved-2174-1-0-1-1772742779 (1).zip,BardingImproved/Data/BardingImproved.pak!Libs/Tables/item/player_item__BardingImproved.xml,player_item__BardingImproved,player_item,ptf,3,3,0,0,2114,
2174,Barding Improved-2174-1-0-1-1772742779 (1).zip,BardingImproved/Data/BardingImproved.pak!Libs/Tables/item/pickable_item__BardingImproved.xml,pickable_item__BardingImproved,pickable_item,ptf,3,3,0,0,2210,
2174,Barding Improved-2174-1-0-1-1772742779 (1).zip,BardingImproved/Data/BardingImproved.pak!Libs/Tables/item/item__BardingImproved.xml,item__BardingImproved,item,ptf,3,3,0,0,2214,
2174,Barding Improved-2174-1-0-1-1772742779 (1).zip,BardingImproved/Data/BardingImproved.pak!Libs/Tables/item/equippable_item__BardingImproved.xml,equippable_item__BardingImproved,equippable_item,ptf,3,3,0,0,1000,
2174,Barding Improved-2174-1-0-1-1772742779 (1).zip,BardingImproved/Data/BardingImproved.pak!Libs/Tables/item/equipment_slot__BardingImproved.xml,equipment_slot__BardingImproved,equipment_slot,ptf,4,4,0,0,22,
2174,Barding Improved-2174-1-0-1-1772742779 (1).zip,BardingImproved/Data/BardingImproved.pak!Libs/Tables/item/clothing_raycast__BardingImproved.xml,clothing_raycast__BardingImproved,clothing_raycast,ptf,3,3,0,0,384,
2174,Barding Improved-2174-1-0-1-1772742779 (1).zip,BardingImproved/Data/BardingImproved.pak!Libs/Tables/item/clothing__BardingImproved.xml,clothing__BardingImproved,clothing,ptf,3,3,0,0,419,
2174,Barding Improved-2174-1-0-1-1772742779 (1).zip,BardingImproved/Data/BardingImproved.pak!Libs/Tables/item/armor2clothing_preset__BardingImproved.xml,armor2clothing_preset__BardingImproved,armor2clothing_preset,ptf,3,3,0,0,8684,
2174,Barding Improved-2174-1-0-1-1772742779 (1).zip,BardingImproved/Data/BardingImproved.pak!Libs/Tables/item/armor_archetype2body_subpart__BardingImproved.xml,armor_archetype2body_subpart__BardingImproved,armor_archetype2body_subpart,ptf,30,30,0,0,652,
2174,Barding Improved-2174-1-0-1-1772742779 (1).zip,BardingImproved/Data/BardingImproved.pak!Libs/Tables/item/armor_archetype__BardingImproved.xml,armor_archetype__BardingImproved,armor_archetype,ptf,1,1,0,0,88,
2174,Barding Improved-2174-1-0-1-1772742779 (1).zip,BardingImproved/Data/BardingImproved.pak!Libs/Tables/item/armor__BardingImproved.xml,armor__BardingImproved,armor,ptf,3,3,0,0,796,
2174,Barding Improved-2174-1-0-1-1772742779 (1).zip,BardingImproved/Data/BardingImproved.pak!Libs/Tables/shop/shop_type2item__BardingImproved.xml,shop_type2item__BardingImproved,shop_type2item,ptf,6,6,0,0,719,
2202,LootStatSplit-2202-1-1774557285.zip,LootStatSplit - Copy/Data/lootstatsplit_tables.pak!Libs/Tables/rpg/statistic__lootstatsplit.xml,statistic__lootstatsplit,statistic,ptf,8,1,7,0,176,ui_order
2203,CategorizedSortedInventory-2203-1-0-0-1775489193.zip,CategorizedSortedInventory/Data/CategorizedSortedInventory.pak!Libs/Tables/item/player_item__CategorizedSortedInventory.xml,player_item__SortedInventory,player_item,ptf,425,0,425,0,1689,"icon_id,ui_info,ui_name"
2204,A Real Sorted Inventory 2204 1.3.3.1 2026-06-26T10-36Z M04BeYC8a.zip,ARealSortedInventory/Data/ARealSortedInventory.pak!Libs/Tables/item/player_item__ARealSortedInventory.xml,player_item__ARealSortedInventory,player_item,ptf,425,0,425,0,1689,"icon_id,ui_info,ui_name"
2271,NoHorseMane Basic 2271 1.0.1 2026-07-13T20-32Z NYwqvZpIg.zip,NoHorseMane/Data/NoHorseMane.pak!Libs/Tables/rpg/soul__NoHorseMane.xml,soul__NoHorseMane,soul,ptf,44,44,0,0,5025,
2279,ImmersiveEconomyFIXED 2279 1.0.2 2026-07-17T19-29Z 6b3zKD4k2.zip,ImmersiveEconomy/Data/immersive_economy.pak!immersive_economy/Libs/Tables/rpg/rpg_param.xml,rpg_param,rpg_param,exact,1,0,1,0,181,rpg_param_value
2279,ImmersiveEconomyFIXED 2279 1.0.2 2026-07-17T19-29Z 6b3zKD4k2.zip,ImmersiveEconomy/Data/immersive_economy.pak!immersive_economy/Libs/Tables/shop/shop.xml,shop,shop,exact,163,0,163,0,0,price_sell_multiplier
2288,Lightarmvam 2288 1 2026-07-16T21-14Z ZWdhR2r8c.zip,lightarmvam/Data/lightarmvam.pak!Libs/Tables/item/armor__lightarmvam.xml,armor,armor,exact,1,0,1,0,795,armor_type_id
2358,MT New Armor And Weapon System V1.0 2358 1 2026-09-11T18-39Z EfL7D0sNl.zip,MT_New_Armor_and_Weapon_System_v1.0/Data/MatthusTweaksKCDarmwea.pak!Libs/Tables/item/armor__MatthusTweaksKCDarmwea.xml,armor,armor,exact,327,0,324,3,469,"armor_type_id,max_status,noise,slash_def,smash_def,stab_def"
2358,MT New Armor And Weapon System V1.0 2358 1 2026-09-11T18-39Z EfL7D0sNl.zip,MT_New_Armor_and_Weapon_System_v1.0/Data/MatthusTweaksKCDarmwea.pak!Libs/Tables/item/melee_weapon__MatthusTweaksKCDarmwea.xml,melee_weapon,melee_weapon,exact,88,0,84,4,79,"slash_att_mod,smash_att_mod,stab_att_mod"
2358,MT New Armor And Weapon System V1.0 2358 1 2026-09-11T18-39Z EfL7D0sNl.zip,MT_New_Armor_and_Weapon_System_v1.0/Data/MatthusTweaksKCDarmwea.pak!Libs/Tables/item/weapon__MatthusTweaksKCDarmwea.xml,weapon,weapon,exact,130,0,129,1,60,"agi_req,defense,max_status,str_req"
2369,Rattay Tournament 15 Days Cycle 2369 1.0 2026-09-19T12-07Z ZWdhR2rgE.zip,RattayTournament15Days/Data/RattayTournament15Days.pak!Libs/Tables/quest/quest_objective.xml,quest_objective,quest_objective,exact,9197,0,1,9196,0,autocomplete_timeout_str
2383,TrainingMace 1.0.0 2383 1 2026-10-01T20-08Z GK8rEaXw5.zip,TrainingMace/Data/TrainingMace.pak!Libs/Tables/item/equippable_item__wooden_training_mace.xml,equippable_item__wooden_training_mace,equippable_item,ptf,1,1,0,0,1000,
2383,TrainingMace 1.0.0 2383 1 2026-10-01T20-08Z GK8rEaXw5.zip,TrainingMace/Data/TrainingMace.pak!Libs/Tables/item/item__wooden_training_mace.xml,item__wooden_training_mace,item,ptf,1,1,0,0,2214,
2383,TrainingMace 1.0.0 2383 1 2026-10-01T20-08Z GK8rEaXw5.zip,TrainingMace/Data/TrainingMace.pak!Libs/Tables/item/melee_weapon__wooden_training_mace.xml,melee_weapon__wooden_training_mace,melee_weapon,ptf,1,1,0,0,167,
2383,TrainingMace 1.0.0 2383 1 2026-10-01T20-08Z GK8rEaXw5.zip,TrainingMace/Data/TrainingMace.pak!Libs/Tables/item/pickable_item__wooden_training_mace.xml,pickable_item__wooden_training_mace,pickable_item,ptf,1,1,0,0,2210,
2383,TrainingMace 1.0.0 2383 1 2026-10-01T20-08Z GK8rEaXw5.zip,TrainingMace/Data/TrainingMace.pak!Libs/Tables/item/player_item__wooden_training_mace.xml,player_item__wooden_training_mace,player_item,ptf,1,1,0,0,2114,
2383,TrainingMace 1.0.0 2383 1 2026-10-01T20-08Z GK8rEaXw5.zip,TrainingMace/Data/TrainingMace.pak!Libs/Tables/item/weapon__wooden_training_mace.xml,weapon__wooden_training_mace,weapon,ptf,1,1,0,0,190,
