id,name,grade,subcategory,rank,of,overall,effect,build,effect_measurable,footprint,families,rows_changed_or_new,rows_in_mod_analysis,tables_touched,tables_in_mod_analysis,median_rel_change,perceptibility,depth,lua_lines,cfg_keys,assets,loc_strings,loads_on_1_9_8,risk,whole_table_replacements,table_files,dropped_vanilla_rows,variants,entry,category_in_index,tables_list,build_notes,nexus_summary
2210,True Hardcore Alchemy (PTF),A changes the most,"Alchemy, food and survival",1,2,79.1,62.0,100.0,yes,"99% in alchemy, survival, item stats","alchemy 173, buffs 39, survival 9, items 1",222,222,5,5,0.8,high,D0 content/text; D1 data tables (PTF); D3 Lua scripts,3127,0,0,41,yes (no version restriction),none,0,5,0,1,True Hardcore Alchemy-2210-1-2-1778440238.zip,Combat / AI,"buff, divisible_item, food, pickable_item, rpg_param",every table file is a correctly suffixed PTF patch; ships its own text strings,"Reduces the error tolerance of alchemy, rebalances potions and alchemy perks, and removes the exploit that allows a single potion to be applied to multiple food items. More details below."
2208,Medieval Poisons - True Hardcore Compatibility Patch (PTF),A changes the most,"Alchemy, food and survival",2,2,76.3,56.9,100.0,yes,"81% in alchemy, quests and text, economy","buffs 25, alchemy 12, content 2, economy 1, survival 1",41,41,6,6,0.7,high,D0 content/text; D1 data tables (PTF); D3 Lua scripts,3127,0,0,101,yes (no version restriction),none,0,6,0,1,patch True Hardcore Medieval Poisons-2208-1-1-1778440401.zip,Combat / AI,"buff, document, document_required_skill, food, inventory2item, rpg_param",every table file is a correctly suffixed PTF patch; ships its own text strings,"A compatibility patch for 'Medieval Poisons', designed to work seamlessly with the 'True Hardcore' mod series. More details below."
1148,Combo and Weapon rebalance,A changes the most,Combat mechanics and AI,1,4,77.7,59.4,100.0,yes,"89% in combat, weapons","combat 597, weapons 77",674,674,2,2,4.377,high,D1 data tables (PTF),0,0,0,0,yes (no version restriction),none,0,2,0,1,deadlycombo-1148-1-1605253363.7z,Combat / AI,"combat_sync_action_hit, melee_weapon",every table file is a correctly suffixed PTF patch,"Makes weapons weaker (sans polearms, will have to be done with polearms unleashed) and combos stronger."
2294,Faster Combat - Directional Master Strikes - Better Group Fights,A changes the most,Combat mechanics and AI,2,4,76.0,56.3,100.0,yes,"100% in combat, perks and skills","combat 1296, buffs 3, perks 1",1300,2985,10,55,0.091,high,D0 content/text; D1 data tables (PTF); D2 engine config,0,14,12,0,yes (no version restriction),none,0,55,0,1,FasterCombat FOMOD 2294 1.2.1 2026-07-30T00-33Z U5RChtbhP.zip,Combat / AI,"buff, combat_action_attack, combat_action_perfect_block, combat_action_sync_attack, combat_action_sync_pb_hit, combat_combo, combat_combo_step, perk_rpg_param_override, rpg_param, weapon_class","every table file is a correctly suffixed PTF patch; ships a readme; 32 table files are a repeat of another one in the same archive (alternative options), counted once here","Faster combat with directional Master Strikes, optional no tackles, reduced enemy swarming and no slow motion."
1563,Karnages_Polearm_Restoration 2.0,A changes the most,Combat mechanics and AI,3,4,73.5,51.9,100.0,yes,"43% in combat, weapons, economy","combat 68, weapons 49, economy 32, content 6, perks 4",159,211,18,28,0.206,high,D0 content/text; D1 data tables (PTF); D3 Lua scripts,40,0,5,7,yes (no version restriction),none,0,28,0,1,Karnages_Polearm_Restoration 2.0-1563-1-0-0-1700618380.7z,Weapons / armor / items,"combat_action_attack, combat_action_guard_movement, combat_action_perfect_block, combat_action_pose_modifier, combat_action_sync_attack, combat_action_sync_hit, combat_action_sync_pb_hit, combat_combo, combat_sync_action_hit, combat_weapon_group_to_class, melee_weapon, mn_fragment, perk, shop_type2i","every table file is a correctly suffixed PTF patch; ships its own text strings; 9 table files are a repeat of another one in the same archive (alternative options), counted once here",Restores Polearm Skill and adds Polearms to Blacksmiths
2049,Simple Ragdoll Physics,A changes the most,Combat mechanics and AI,4,4,69.3,71.2,67.0,yes,"97% in combat, archery, item stats","combat 1610, archery 20, items 16, weapons 13",1659,1659,11,11,0.62,high,D0 content/text; D1 data tables (PTF); D2 engine config; D3 Lua scripts,9122,1032,437,19,NO (disabled: lists *),MEDIUM,0,11,0,1,Semi Functional Ragdoll Physics-2049-3-1772969471.7z,Combat / AI,"ammo, anim_fragment, combat_action_attack, combat_action_fragment_id_mapping, combat_action_sync_attack, hit_reaction, hit_reaction_type, missile_weapon, pickable_item, weapon, weapon_class",the manifest does not allow 1.9.8; MEDIUM risk in the scan; every table file is a correctly suffixed PTF patch; ships its own text strings; ships a readme,"More Ragdolls, less Kinematics"
2219,True Hardcore Crime (PTF),A changes the most,"Economy, loot and item stats",1,3,82.6,68.4,100.0,yes,"84% in item stats, crime, perks and skills","items 435, crime 62, buffs 24, perks 18, economy 3, alchemy 2",544,544,8,8,10.0,high,D0 content/text; D1 data tables (PTF); D3 Lua scripts,536,0,0,36,yes (no version restriction),none,0,8,0,1,True Hardcore Crime-2219-1-1-1779142069.zip,Crime / stealth / loot,"buff, food, perk, perk2perk_exclusivity, perk_buff, pickable_item, reputation_change, rpg_param",every table file is a correctly suffixed PTF patch; ships its own text strings,"Fragile lockpicks, tougher pickpocketing, increased noise, harsher punishments, unforgiving reputation, a perk overhaul, and more. More details below."
2188,True Hardcore Economy (PTF),A changes the most,"Economy, loot and item stats",2,3,81.1,65.6,100.0,yes,"92% in economy, item stats, quests and text","economy 349, items 59, content 23, buffs 14, perks 7, alchemy 3",456,456,12,12,0.688,high,D0 content/text; D1 data tables (PTF); D3 Lua scripts,2827,0,0,30,yes (no version restriction),none,0,12,0,1,True Hardcore Economy-2188-1-3-1779017497.zip,Combat / AI,"buff, food, inventory2item, inventory_preset2item, perk_rpg_param_override, pickable_item, reputation_change, rpg_param, sequence, shop, shop_type2item, topic2sequence",every table file is a correctly suffixed PTF patch; ships its own text strings,"Shops sell to you at inflated prices and buy from you at drastically lower ones, haggling is more difficult, service costs are through the roof, and poverty is widespread throughout the region. More details below."
2340,MatthusTweaks - Equipment and Progression Overhaul (PTF),A changes the most,"Economy, loot and item stats",3,3,74.5,53.6,100.0,yes,"72% in item stats, armour, weapons","items 1034, armor 298, weapons 144, economy 139, perks 9, durability 6",1632,1632,12,12,0.559,high,D1 data tables (PTF),0,0,0,0,yes (wildcard),none,0,12,0,3,MatthusTweaksKCD All In One V1.5 2340 1.5 2026-09-01T23-59Z mDuHaewyB.zip,Progression / XP / perks,"armor, inventory_preset2item, melee_weapon, ointment_item, perk_rpg_param_override, pickable_item, rpg_param, shop, shop_type2item, skill2item_category, weapon, weapon2weapon_preset",every table file is a correctly suffixed PTF patch; 3 archives: optional variants,This mod fixes and rebalances: + Misused items + Layered damage.
2299,1403 - Historical Rebalance,A changes the most,Multi-system overhaul,1,4,87.3,77.0,100.0,yes,"16 systems: item stats, economy, armour, combat, NPCs","items 2996, economy 2842, armor 806, combat 557, npcs 333, weapons 325",8518,8518,33,33,1.0,high,D0 content/text; D1 data tables (PTF); D3 Lua scripts,448,0,0,1487,yes (no version restriction),none,1,33,14,1,1403 2299 1.5 2026-08-21T17-11Z ZWdhR2re2.zip,Progression / XP / perks,"ammo, armor, armor2clothing_preset, buff, clothing_preset, combat_action_attack, combat_action_sync_attack, dialogue_functions, food, inventory2item, inventory_preset2item, melee_weapon, missile_weapon, money_change, ointment_item, perk, perk_rpg_param_override, pickable_area_desc, pickable_item, pl",1 of 33 table files replace a whole vanilla table (3%): collides with every other mod on those tables; those replacements drop 14 vanilla rows; ships its own text strings; ships a readme,"A historically grounded overhaul of equipment, economy, combat, AI, progression, and survival."
651,Better Combat and Immersion Compilation,A changes the most,Multi-system overhaul,2,4,77.7,59.5,100.0,yes,"11 systems: combat, armour, economy, alchemy, NPCs","buffs 139, combat 106, armor 89, economy 45, alchemy 27, npcs 13",444,444,14,15,0.571,high,D0 content/text; D1 data tables (PTF); D2 engine config; D3 Lua scripts,238,4,42,124,yes (wildcard),none,0,15,0,1,Better Combat and Immersion Compilation-651-1-6-2-1641836099.zip,Combat / AI,"armor, buff, clothing_preset, combat_action_perfect_block, equippable_item, food, inventory_preset2item, perk_rpg_param_override, pickable_item, rpg_param, shop_type2item, skill, social_class, soul_archetype",every table file is a correctly suffixed PTF patch; ships its own text strings; ships a readme,A compilation of mods that aim to improve combat and immersion in KC:D
2124,Half-looted Rebalance,A changes the most,Multi-system overhaul,3,4,63.3,79.4,43.7,yes,"13 systems: NPC loadout, economy, armour, combat, item stats","npcloadout 16534, economy 2998, armor 1022, combat 663, items 614, weapons 271",22619,22619,35,57,0.8,high,D0 content/text; D1 data tables (PTF); D2 engine config; D3 Lua scripts,38,2,2,615,"NO (disabled: lists 1.9.6, 1.9.7)",none,3,58,3344,1,Complete EHLR mod collection with documentation 2124 2.5.0 2026-07-22T00-51Z 37afHBvHt.zip,Progression / XP / perks,"ammo, armor, armor_type, body_part, buff, combat_action_attack, combat_action_perfect_block, combat_action_sync_attack, combat_attack_type, divisible_item, equippable_item, food, inventory2item, inventory_preset2item, item, melee_weapon, missile_weapon, perk, perk_buff, perk_rpg_param_override, pick",the deep analysis found a table file whose suffix is not the mod id it derived from the mod name (no modid in the manifest): to be confirmed per sub-mod; the manifest does not allow 1.9.8; 3 of 58 table files replace a whole vanilla table (5%): collides with every other mod on those tables; those replacements drop 3344 vanilla rows; ships its own text strings; ships a readme,"This is a collection of mods, focused on increasing the gameplay depth, realism and removing some frustrations without changing the game too much. It rebalances most items, tweaks combat and game difficulty, fixes few things and adds some"
883,KingdomCome Rebalancing,A changes the most,Multi-system overhaul,4,4,61.2,63.4,58.6,yes,"11 systems: quests and text, economy, item stats, armour, weapons","content 13440, economy 2513, items 542, armor 227, weapons 122, perks 8",16869,16869,17,17,0.4,high,D0 content/text; D1 data tables (PTF),0,0,0,2982,no manifest (legacy install),none,399,400,121,1,Rebalancing 1.3-883-1-3-1593332571.7z,Progression / XP / perks,"?, achievement, armor, buff, equippable_item, gold_dayone_stash_diff, inventory_preset2item, melee_weapon, perk, perk_rpg_param_override, pickable_item, quest_objective, rpg_param, shop, soul_archetype, topic2sequence, weapon",no mod.manifest: legacy loose pak; 399 of 400 table files replace a whole vanilla table (100%): collides with every other mod on those tables; those replacements drop 121 vanilla rows; ships its own text strings,"This Mod changes:- Weapons (mostly Swords)- Armor (Weight, Denfenserating, Prices, ...)- Skills/Perks (Lvl up slower, other Levels required to learn perks, changed some Perks)- Changed RPG Params (for harder combat or less player and horse"
1629,Exclusive Master Strikes - Make Them Reasonable,A changes the most,"NPC perks, skills and archetypes",1,1,49.8,56.5,41.5,yes,"100% in NPC loadout, perks and skills","npcloadout 2422, perks 2",2424,2424,2,2,1.0,high,D0 content/text; D1 data tables (PTF),0,0,0,28,NO (disabled: lists 1.9.6),none,1,2,4692,1,MakeThemReasonable-1629-1-2-0-1736432412.zip,Combat / AI,"perk, soul2perk",the manifest does not allow 1.9.8; 1 of 2 table files replace a whole vanilla table (50%): collides with every other mod on those tables; those replacements drop 4692 vanilla rows; ships its own text strings,"Classify NPCs,only those wearing heavy armor can use master strike.给敌人分级，重甲单位才能使用大师反，同时移除所有npc的阻截能力,让你对抗多个无甲、轻甲敌人更加容易。"
2326,Permanent Death,A changes the most,Native code and external tools,1,4,57.5,37.5,82.0,no,native code or an external tool,,0,0,0,0,0.0,high,D0 content/text; D3 Lua scripts; D4 native/external,334,0,0,18,yes (no version restriction),HIGH,0,0,0,1,Permadeath 0.91 2326 0.91 2026-08-09T14-26Z aSoQ0kcTE.zip,Progression / XP / perks,,HIGH risk in the scan (quarantined); ships its own text strings; ships a readme,Pick how many lives a playthrough gets. Spend them all - and that run is over.
2348,KCD Zero Durability Repair,A changes the most,Native code and external tools,2,4,40.6,12.5,75.0,no,native code or an external tool,,0,0,0,0,0.0,none,D4 native/external,0,0,0,0,yes (no version restriction),HIGH,0,0,0,1,KcdZeroDurabilityRepair Release 2348 1 2026-09-03T11-13Z 8HMDLo1kO.zip,Weapons / armor / items,,HIGH risk in the scan (quarantined),Allows repair craftsmen to repair items with zero durability through the standard repair menu.
2359,KCD Kombat Tune,A changes the most,Native code and external tools,2,4,40.6,12.5,75.0,no,native code or an external tool,,0,0,0,0,0.0,none,D4 native/external,0,0,0,0,yes (no version restriction),HIGH,0,0,0,1,KcdCombatTune 2359 3 2026-09-12T07-45Z FksyYJVBR.zip,Combat / AI,,HIGH risk in the scan (quarantined),"Enemies scale to the matchup. Higher Warfare and agility than your opponent means fewer of their perfect blocks, master strikes and dodges; lower means more. One JSON file to tune it"
2246,Console Editable RpgParams,A changes the most,Native code and external tools,4,4,36.1,12.5,65.0,no,native code or an external tool,,0,0,0,0,0.0,none,D4 native/external,0,0,0,0,no manifest (legacy install),HIGH,0,0,0,1,Console Editable RpgParams 2246 3 2026-06-29T13-59Z gZWc5POkF.zip,Progression / XP / perks,,no mod.manifest: legacy loose pak; HIGH risk in the scan (quarantined),"Expose rpgparams to console, you can set them and see them come into effect in real time"
2338,Horse Collision Mod,A changes the most,"Perks, skills and XP",1,2,70.4,46.2,100.0,yes,100% in perks and skills,"perks 9, buffs 2",11,11,4,4,0.0,high,D0 content/text; D1 data tables (PTF); D3 Lua scripts,13211,0,3,10,yes (wildcard),none,0,4,0,1,HorseCollisionMod 2338 6.0.0 2026-09-30T04-12Z vicgJRjyv.zip,Horses,"buff, perk, perk_soul_ability, soul_ability",every table file is a correctly suffixed PTF patch; ships its own text strings; ships a readme,This mod adds animations and physical reactions with immersive detail when Henry collides with NPCs while on horseback as well as new horsemanship perks .
1736,Rogue Life,A changes the most,"Perks, skills and XP",2,2,62.4,60.3,65.0,yes,"77% in perks and skills, crime, quests and text","perks 33, buffs 19, crime 9, content 1",62,69,7,22,2.0,high,D0 content/text; D1 data tables (PTF); D3 Lua scripts,19,0,0,39,NO (disabled: lists 1.9.6),none,0,23,0,1,RogueLife-1736-V1-1-1739826542.7z,Progression / XP / perks,"buff, buff_class, perk, perk2perk_exclusivity, perk_buff, reputation_change, sequence","the deep analysis found a table file whose suffix is not the mod id it derived from the mod name (no modid in the manifest): to be confirmed per sub-mod; the manifest does not allow 1.9.8; every table file is a correctly suffixed PTF patch; ships its own text strings; ships a readme; 7 table files are a repeat of another one in the same archive (alternative options), counted once here",A collection of modules to balance and enhance stealth play.
1560,Karnages_Durability_Redux,A changes the most,"Weapons, armour and durability",1,2,78.2,60.4,100.0,yes,"100% in armour, weapons","armor 775, weapons 189",964,964,2,2,9.0,high,D1 data tables (PTF),0,0,0,0,yes (no version restriction),none,0,2,0,1,Karnages_Durability_Redux-1560-1-0-0-1700591696.7z,Weapons / armor / items,"armor, weapon",every table file is a correctly suffixed PTF patch,Massively increases armor and weapon durability
1839,Realistic Horses,A changes the most,"Weapons, armour and durability",2,2,64.8,52.4,80.0,yes,"91% in armour, item stats, NPCs","armor 20, buffs 5, items 1, npcs 1",27,27,4,4,0.7,high,D1 data tables (PTF); D3 Lua scripts,6807,0,0,0,yes (wildcard),HIGH,0,4,0,1,Realistic Horses-1839-1-0-1739145195.rar,Horses,"buff, equippable_item, rpg_param, soul",HIGH risk in the scan (quarantined); every table file is a correctly suffixed PTF patch,Reduce horse carrying capacity to add realism and inventory management
1483,TSM Slower Food Spoil,B large,"Alchemy, food and survival",1,4,74.7,54.0,100.0,yes,100% in alchemy,alchemy 111,111,333,1,3,2.0,high,D1 data tables (PTF),0,0,0,0,yes (no version restriction),none,0,3,0,1,TSM Splower Food Spoil-1483-1-0-1677271171.7z,Alchemy / food / survival,food,"every table file is a correctly suffixed PTF patch; ships a readme; 2 table files are a repeat of another one in the same archive (alternative options), counted once here","Extends the expiration date on all foodstuffs, either by 2X (recommended), 3X, or 5X."
1639,Alternate Food Spoil (2X),B large,"Alchemy, food and survival",2,4,69.8,45.0,100.0,yes,100% in alchemy,alchemy 111,111,111,1,1,1.0,high,D1 data tables (PTF),0,0,0,0,yes (no version restriction),none,0,1,0,1,AlternateFoodSpoil2X-1639-1-0-1715595738.zip,Alchemy / food / survival,food,every table file is a correctly suffixed PTF patch,Doubles the time it takes for food to spoil.
2011,Chefs Kiss,B large,"Alchemy, food and survival",3,4,64.0,53.3,77.0,yes,"82% in alchemy, item stats","alchemy 224, buffs 51, items 48",323,323,7,7,1.0,high,D0 content/text; D1 data tables (PTF),0,0,0,138,NO (disabled: lists *),none,0,7,0,1,Chefs Kiss 2011 3.7 2026-06-21T22-06Z HM0uQNJkR.7z,Alchemy / food / survival,"buff, buff_class, consumable_item, food, item, pickable_item, potion",the manifest does not allow 1.9.8; every table file is a correctly suffixed PTF patch; ships its own text strings; ships a readme,"UI supported - New rules for foods, drinks, potions, poisons, health regen, stamina regen, weapon and stat buffs, nutrition, energy, starvation and more"
2345,Food and Drinks rebalance,B large,"Alchemy, food and survival",4,4,56.5,41.4,75.0,yes,100% in alchemy,alchemy 155,155,155,1,1,0.5,high,D1 data tables (PTF),0,0,0,0,yes (no version restriction),none,1,1,0,1,Food And Drinks Rebalance 2345 1 2026-08-30T23-35Z RVnPpl7KV.rar,Alchemy / food / survival,food,its only table file replaces a whole vanilla table instead of patching it: collides with every other mod on that table,"A small mod to rebalance the nutrition, health and refresh benefits of all food and/or drinks in the game."
2179,True Hardcore Combat (PTF),B large,Combat mechanics and AI,1,3,71.8,48.7,100.0,yes,"39% in combat, NPCs, archery","combat 73, npcs 42, buffs 35, archery 29, items 13, perks 8",220,220,11,11,0.4,high,D0 content/text; D1 data tables (PTF),0,0,0,36,yes (no version restriction),none,0,11,0,1,True Hardcore Combat-2179-1-3-1778946895.zip,Combat / AI,"ammo, buff, food, morale_change, perk2perk_exclusivity, perk_rpg_param_override, pickable_item, rpg_movement_type, rpg_param, social_class, soul_archetype",every table file is a correctly suffixed PTF patch; ships its own text strings,"Makes combat more realistic, aggressive and combo-centered. Improves archery with faster bows and arrows, but makes it more punishing when you're weak. More details below."
1112,Combat Overhaul,B large,Combat mechanics and AI,2,3,69.7,44.9,100.0,yes,"81% in combat, perks and skills, progression","combat 197, perks 43, progression 2, npcs 1",243,243,5,5,0.54,high,D1 data tables (PTF),0,0,0,0,yes (no version restriction),none,0,5,0,1,combatoverhaul-1112-1-6-4-1603868865.7z,Combat / AI,"combat_action_perfect_block, combat_attack_type, perk_rpg_param_override, rpg_param, soul",every table file is a correctly suffixed PTF patch,Makes directional combat matter.
1384,Modified Combat Overhaul - Directional Combat and smarter AI,B large,Combat mechanics and AI,3,3,66.3,42.9,95.0,yes,"97% in combat, perks and skills, durability","combat 167, buffs 8, perks 5, durability 1",181,181,4,4,0.455,high,D1 data tables (PTF),0,0,0,0,no manifest (legacy install),none,0,4,0,1,zzz_BCAIC_BetterCombatLite.pak-1384-2-1654111935.zip,Combat / AI,"buff, combat_action_perfect_block, perk_rpg_param_override, rpg_param",no mod.manifest: legacy loose pak; every table file is a correctly suffixed PTF patch,"Master Strikes now require precise direction matching, Perfect Blocks require side matching, for both the player and the AI. This means you won't ever get hit with a master strike or perfect block unless you mess up, and getting out of bad"
1062,SIM Camping Mini ML 1.5.1.1,B large,"Economy, loot and item stats",1,5,75.1,54.7,100.0,yes,"76% in item stats, economy, alchemy","items 19, economy 18, alchemy 5, perks 4, survival 3, buffs 2",51,51,11,11,0.667,high,D0 content/text; D1 data tables (PTF); D3 Lua scripts,1532,0,0,140,yes (no version restriction),none,1,11,0,1,SIM_Camping.zip-1062-1-5-1-1-1598039154.zip,Alchemy / food / survival,"buff, food, item, ointment_item, perk, perk_buff, pickable_item, player_item, questible_item, shop_type2item, sleeping_spot_type",1 of 11 table files replace a whole vanilla table (9%): collides with every other mod on those tables; ships its own text strings,"SIM Camping Mini Multilingual - Ru+En+Fr+De, corrections and ideas are accepted."
2045,Polearms Unleashed Rebalanced Lite Edition PTF,B large,"Economy, loot and item stats",2,5,71.6,48.3,100.0,yes,"38% in combat, economy, weapons","combat 34, economy 30, weapons 23, items 10, armor 8, perks 1",106,106,12,12,0.25,high,D0 content/text; D1 data tables (PTF); D3 Lua scripts,20,0,5,0,yes (explicit),none,0,12,0,1,Polearms Unleashed Rebalanced Lite Edition-2045-1-1-1779784172.7z,Weapons / armor / items,"combat_action_attack, combat_action_guard_movement, combat_action_perfect_block, combat_action_pose_modifier, combat_action_sync_pb_hit, equippable_item, melee_weapon, pickable_item, shop_type2item, skill, weapon, weapon_class",every table file is a correctly suffixed PTF patch,"A streamlined and rebalanced version of the great Polearms Unleashed mod, focused on realism and core gameplay. The polearm skill is now visible and functional, and every polearm has fully reworked stats. Experience playable, storable, and"
2209,Poisonous Enemies - True Hardcore Compatibility Patch (PTF),B large,"Economy, loot and item stats",3,5,68.0,41.8,100.0,yes,"88% in economy, armour, item stats","economy 26, armor 4, items 4, buffs 2",36,36,6,6,0.0,high,D0 content/text; D1 data tables (PTF); D3 Lua scripts,464,0,0,3,yes (no version restriction),none,0,6,0,1,patch True Hardcore Poisonous Enemies-2209-1-0-1776249027.zip,Combat / AI,"armor, armor_type, buff, pickable_item, player_item, shop_type2item",every table file is a correctly suffixed PTF patch; ships its own text strings,"Offers a selection of two compatibility patches for 'Poisonous Enemies', designed to work seamlessly with the 'True Hardcore' mod series. More details below."
1380,Black Items Fix,B large,"Economy, loot and item stats",4,5,67.1,40.1,100.0,yes,"68% in item stats, armour, economy","items 23, armor 19, economy 17",59,59,8,8,0.0,high,D0 content/text; D1 data tables (PTF),0,0,3,60,yes (explicit),none,0,8,0,1,BlackItems - PTF-1380-1-1-1780999063.rar,Weapons / armor / items,"armor, clothing, clothing_raycast, equippable_item, item, pickable_item, player_item, shop_type2item",every table file is a correctly suffixed PTF patch; ships its own text strings,"fixes items that should be black but are e.g. burgundy,grey etc.renaming items into proper colors + adding standalone versions of their black variant"
2035,Ordinance an Archery Overhaul,B large,"Economy, loot and item stats",5,5,55.1,40.4,73.0,yes,"38% in item stats, archery, weapons","items 22, archery 20, weapons 13, armor 2, combat 1",58,58,8,8,0.317,high,D1 data tables (PTF),0,0,0,0,NO (disabled: lists *),none,0,8,0,1,Ordinance Archery Overhaul DDDB-2035-6-1774914958.7z,Archery / arrows,"ammo, equippable_item, item, missile_weapon, pickable_item, player_item, weapon, weapon_class",the manifest does not allow 1.9.8; every table file is a correctly suffixed PTF patch; ships a readme,"Complete++ overhaul of the entire Archery system, for both Henry and NPC's."
2318,Visual Combo Helper,B large,Lua scripts only,1,2,63.2,33.0,100.0,yes,"2388 lines of Lua, no table row",,0,0,0,0,0.0,high,D0 content/text; D3 Lua scripts,2388,0,0,0,yes (no version restriction),none,0,0,0,1,Visual Combo Helper 1.0.0 2318 1.0.0 2026-07-31T14-42Z uBF0oq5om.zip,Combat / AI,,ships a readme,Displays your learned melee combos on the HUD whenever a supported weapon is drawn.
2323,Alchemy Stash Link,B large,Lua scripts only,2,2,59.3,26.0,100.0,yes,"1052 lines of Lua, no table row",,0,0,0,0,0.0,high,D3 Lua scripts,1052,0,0,0,yes (no version restriction),none,0,0,0,1,Zz Alchemy Stash Link 2323 1.0 2026-08-03T20-39Z eXqNkidke.7z,Alchemy / food / survival,,,"Alchemy Workbench Stash Link automatically links all of Henry's Master Stashes (Inn rooms, Ratay bed, home chests, mobile camping stashes) as well as your Horse's inventory directly to any Alchemy Bench you interact with!"
1558,Karnages_KCD_Essential_Fixes 2.0,B large,Multi-system overhaul,1,1,70.8,46.9,100.0,yes,"11 systems: quests and text, progression, combat, perks and skills, crime","content 40, progression 35, combat 24, perks 16, crime 12, durability 10",155,155,3,3,1.0,high,D1 data tables (PTF),0,0,0,0,yes (no version restriction),none,0,3,0,1,Karnages_KCD_Essential_Fixes 2.0-1558-1-0-0-1700590734.7z,Fix bundle,"document_required_skill, perk_rpg_param_override, rpg_param",every table file is a correctly suffixed PTF patch; ships a readme,Total overhaul of the games RPG_Param File
2343,Ultimate Horse Caparison Fix,B large,"NPCs, quests and world content",1,2,65.8,37.9,100.0,yes,"100% in NPCs, quests and text","npcs 4, content 2",6,6,2,2,0.0,high,D0 content/text; D1 data tables (PTF); D3 Lua scripts,1215,0,3,0,yes (wildcard),none,0,2,0,1,Ultimate Horse Caparison Fix V1.0 2343 1.0 2026-08-24T20-12Z yvis1527X.zip,Horses,"character_hair, soul",every table file is a correctly suffixed PTF patch; ships a readme,"Short Description Fixes horse mane clipping through caparisons while preserving the tail. Full-cover caparisons hide the mane, while open-neck caparisons keep it visible."
1105,Service Prices,B large,"NPCs, quests and world content",2,2,63.9,34.3,100.0,yes,100% in quests and text,content 6,6,6,1,1,0.0,high,D1 data tables (PTF); D3 Lua scripts,1022,0,0,0,yes (no version restriction),none,0,1,0,1,Service Prices-1105-1-0-1600469221.zip,Economy / merchants,sequence,every table file is a correctly suffixed PTF patch,"Increases the prices for basic services(Bathhouse, Trainers, Beds, Horses)"
1009,Perkaholic - PTF updated (1.9.4-1.9.8),B large,"Perks, skills and XP",1,3,69.5,44.6,100.0,yes,100% in perks and skills,"perks 133, buffs 61",194,194,6,6,0.25,high,D0 content/text; D1 data tables (PTF),0,0,0,1612,yes (explicit),none,0,6,0,2,Perkaholic PTF-1009-1-2-3-1780997771.rar,Progression / XP / perks,"buff, perk, perk2perk_exclusivity, perk_buff, perk_buff_override, skill",every table file is a correctly suffixed PTF patch; ships its own text strings; 2 archives: optional variants,"Adds additional perks to existing perk lists as well as adding perks to the Bow, Polearm and Unarmed skills. 56 in total."
770,Perkaholic updated,B large,"Perks, skills and XP",2,3,48.3,43.6,54.0,yes,100% in perks and skills,"perks 129, buffs 57",186,186,4,4,0.25,high,D0 content/text; D1 data tables (PTF),0,0,0,212,yes (no version restriction),HIGH,5,5,0,1,Perkaholic 1.07-770-1-07-1561341650.zip,Progression / XP / perks,"buff, perk, perk_buff, perk_buff_override",5 of 5 table files replace a whole vanilla table (100%): collides with every other mod on those tables; HIGH risk in the scan (quarantined); ships its own text strings,"Adds additional perks to existing perk lists as well as adding perks to the Bow, Polearm and Unarmed skills. Updated for 1.9.* (All credits for the mod creation to Xylosi, I just updated the mod to work with 1.9)"
85,Perkaholic,B large,"Perks, skills and XP",3,3,42.0,46.9,36.0,yes,100% in perks and skills,"perks 154, buffs 120",274,274,6,6,0.4,high,D0 content/text; D1 data tables (PTF),0,0,0,341,"NO (disabled: lists 1.3, 1.3.1)",none,6,6,156,1,Perkaholic 1.05-85-1-05.zip,Progression / XP / perks,"buff, perk, perk2perk_exclusivity, perk_buff, perk_buff_override, skill",the manifest does not allow 1.9.8; 6 of 6 table files replace a whole vanilla table (100%): collides with every other mod on those tables; those replacements drop 156 vanilla rows; ships its own text strings; ships a readme,"Adds additional perks to existing perk lists as well as adding perks to the Bow, Polearm and Unarmed skills."
2173,True Hardcore Maintenance (PTF),B large,"Weapons, armour and durability",1,1,71.7,48.5,100.0,yes,"56% in armour, item stats, perks and skills","armor 20, items 8, perks 6, durability 6, economy 5, buffs 2",48,48,8,8,1.0,high,D0 content/text; D1 data tables (PTF),0,0,0,2,yes (no version restriction),none,0,8,0,1,True Hardcore Maintenance-2173-2-0-1776308890.zip,Repair / durability,"armor, buff, inventory_preset2item, ointment_item, perk_rpg_param_override, pickable_item, rpg_param, skill2item_category",every table file is a correctly suffixed PTF patch; ships its own text strings,"Rebalances repair kits, makes you pay full repair costs at shops, and removes repair kits from enemy inventories and camps. More details below."
1660,Double Brew Yield,"C effective (few rows, strong effect)","Alchemy, food and survival",1,11,68.0,41.9,100.0,yes,100% in alchemy,alchemy 35,35,35,1,1,1.0,high,D1 data tables (PTF),0,0,0,0,yes (no version restriction),none,0,1,0,1,Double Brew Yield-1660-1-0-1717587176.zip,Alchemy / food / survival,recipe,every table file is a correctly suffixed PTF patch,Doubling the brewing yield in Alchemy
2021,Repair Kits - Balanced and Scaled PTF,"C effective (few rows, strong effect)","Alchemy, food and survival",2,11,65.9,38.0,100.0,yes,100% in alchemy,alchemy 8,8,8,1,1,1.0,high,D1 data tables (PTF),0,0,0,0,yes (explicit),none,0,1,0,1,Repair Kits - Balanced and Scaled PTF-2021-1-2-1779784418.7z,Weapons / armor / items,ointment_item,every table file is a correctly suffixed PTF patch,"Fixes the imbalance between small and large armourer’s kits by adjusting their efficiency. All repair kits received a small balanced boost, making them more useful while preserving gameplay balance in both normal and Hardcore modes."
1266,Stronger drinks - PTF Edition,"C effective (few rows, strong effect)","Alchemy, food and survival",3,11,63.6,33.8,100.0,yes,100% in alchemy,alchemy 9,9,9,1,1,0.5,high,D1 data tables (PTF),0,0,0,0,yes (no version restriction),none,0,1,0,1,stronger_drinks-1266-1-0-1627071776.rar,Alchemy / food / survival,food,every table file is a correctly suffixed PTF patch,This mod increases the alcohol percentage in all drinks by about 50%
1938,My Herb Picking Radius,"C effective (few rows, strong effect)","Alchemy, food and survival",3,11,63.6,33.9,100.0,yes,100% in survival,survival 1,1,1,1,1,1.0,high,D1 data tables (PTF),0,0,0,0,yes (wildcard),none,0,1,0,1,Herb Picking Radius 2x-1938-1-0-1742117458.zip,Alchemy / food / survival,rpg_param,every table file is a correctly suffixed PTF patch,Double the herb picking radius.
390,Stay Clean Longer - Get Dirty Gradually,"C effective (few rows, strong effect)","Alchemy, food and survival",5,11,62.3,35.5,95.0,yes,"50% in perks and skills, survival","perks 1, survival 1",2,2,2,2,1.0,high,D1 data tables (PTF),0,0,0,0,yes (no version restriction),MEDIUM,0,2,0,1,MGs Stay Clean Longer - Get Dirty Gradually 1.6-390-1-6-1707663382,Alchemy / food / survival,"perk_rpg_param_override, rpg_param",MEDIUM risk in the scan; every table file is a correctly suffixed PTF patch,"This is a simple mod to keep your clothes clean for a longer distance.They will get dirty gradually and you need to wash them, but not as often as in the base game."
765,Poison Overhaul,"C effective (few rows, strong effect)","Alchemy, food and survival",6,11,62.2,52.5,74.0,yes,"60% in alchemy, perks and skills","buffs 10, alchemy 3, perks 2",15,15,4,4,2.0,high,D0 content/text; D1 data tables (PTF),0,0,0,10,"NO (disabled: lists 1.9.4, 1.9.5, 1.9.6)",none,0,4,0,1,Poison Overhaul v1.2-765-1-2-1657391917.zip,Alchemy / food / survival,"buff, food, perk, perk_buff",the manifest does not allow 1.9.8; every table file is a correctly suffixed PTF patch; ships its own text strings,"Previously called ""Alchemical Warfare"". A simple mod that buff/fix some potions and adds a new perk, making poisons more useful, and in some cases, actually work. Heavily inspired by ProBane from darkavatar7."
1730,Drink Sound Effects,"C effective (few rows, strong effect)","Alchemy, food and survival",7,11,60.1,31.6,95.0,yes,"50% in alchemy, item stats","items 9, alchemy 9",18,18,2,2,0.0,high,D1 data tables (PTF),0,0,0,0,no manifest (legacy install),none,0,2,0,1,DrinkSoundEffects.pak,Alchemy / food / survival,"item, potion",no mod.manifest: legacy loose pak; every table file is a correctly suffixed PTF patch,"This mod will replace the ""eating"" sound effect certain drinks use with the potion ""drinking"" sound effect."
1426,Energy and Hunger Patch for Timescale Mods (PTF),"C effective (few rows, strong effect)","Alchemy, food and survival",8,11,59.3,26.0,100.0,yes,100% in survival,survival 2,2,2,1,1,0.0,high,D1 data tables (PTF),0,0,0,0,yes (no version restriction),none,0,1,0,1,1to10 Timescale Patch-1426-1-0-1666809096.rar,Alchemy / food / survival,rpg_param,every table file is a correctly suffixed PTF patch,(PTF) Patch for use with eg SknTheLisper's Timescale mod to make Energy and Nourishment deplete at the correct rates (proportional to an unmodded game's rate)
1926,Potion no Satiety and ADD Heal plus Energy,"C effective (few rows, strong effect)","Alchemy, food and survival",9,11,53.8,40.6,70.0,yes,100% in alchemy,alchemy 22,22,22,1,1,1.0,high,D1 data tables (PTF),0,0,0,0,NO (disabled: lists 1.9.6),none,0,1,0,1,PotionNoSatietyAndHealEnergy-1926-1-0-1741597951.7z,Alchemy / food / survival,food,the manifest does not allow 1.9.8; every table file is a correctly suffixed PTF patch,Changes almost all potions in the game.
480,Bed Comfort Restored,"C effective (few rows, strong effect)","Alchemy, food and survival",10,11,52.1,33.3,75.0,yes,100% in survival,survival 5,5,5,1,1,0.6,high,D1 data tables (PTF),0,0,0,0,yes (no version restriction),none,1,1,0,1,Bed Comfort Restored-480-1-0.zip,Alchemy / food / survival,sleeping_spot_type,its only table file replaces a whole vanilla table instead of patching it: collides with every other mod on that table,Brings back the Comfort value of beds that have been nerfed by Patch 1.3Compatible with Patch 1.4.1
1424,Better Sleep Fixed,"C effective (few rows, strong effect)","Alchemy, food and survival",11,11,40.3,40.5,40.0,yes,100% in survival,survival 5,5,5,1,1,1.4,high,D1 data tables (PTF),0,0,0,0,"NO (disabled: lists 1.9.4, 1.9.5, 1.9.6, 1.9.7)",none,1,1,0,1,Better Sleep Fixed-1424-1-1-1666227085.zip,Alchemy / food / survival,sleeping_spot_type,the manifest does not allow 1.9.8; its only table file replaces a whole vanilla table instead of patching it: collides with every other mod on that table,"This is a fixed version of BlickMang's Better Sleep mod. As luck would have it they gave us permission to modify, fix and upgrade so long as credit to the original author is provided."
1565,Karnages_Arrow_Balance 2.0,"C effective (few rows, strong effect)","Archery: bows, arrows, aiming",1,9,66.5,39.1,100.0,yes,100% in archery,archery 12,12,12,1,1,1.0,high,D1 data tables (PTF),0,0,0,0,yes (no version restriction),none,0,1,0,1,Karnages_Arrow_Balance 2.0-1565-1-0-0-1700618949.7z,Archery / arrows,ammo,every table file is a correctly suffixed PTF patch,Total Overhaul of Arrow Damage and Flight
1419,Immersive Archery,"C effective (few rows, strong effect)","Archery: bows, arrows, aiming",2,9,65.2,36.7,100.0,yes,100% in archery,archery 20,20,20,2,2,0.541,high,D1 data tables (PTF),0,0,0,0,yes (no version restriction),none,0,2,0,1,Immersive Archery-1419-1-2-1665671489.zip,Archery / arrows,"ammo, rpg_param",every table file is a correctly suffixed PTF patch,The draw speed and arrow speed in the game feel way too low so in order to make archery more realistic -ish the draw is faster along with the flight speed of the arrows.
1678,Better Archery,"C effective (few rows, strong effect)","Archery: bows, arrows, aiming",3,9,65.0,36.3,100.0,yes,100% in archery,archery 21,21,21,2,2,0.482,high,D1 data tables (PTF),0,0,0,0,yes (wildcard),none,0,2,0,1,Better_Archery-1678-1-0-1720015220.7z,Archery / arrows,"ammo, rpg_param",every table file is a correctly suffixed PTF patch,PTF.  Improved yet balanced Speed and DMG of arrows and draw
1564,Karnages_Rebalanced_Bows 2.0,"C effective (few rows, strong effect)","Archery: bows, arrows, aiming",4,9,64.2,35.0,100.0,yes,100% in archery,archery 30,30,30,2,2,0.234,high,D1 data tables (PTF),0,0,0,0,yes (no version restriction),none,0,2,0,1,Karnages_Rebalanced_Bows 2.0-1564-1-0-0-1700618747.7z,Archery / arrows,"missile_weapon, rpg_param",every table file is a correctly suffixed PTF patch,a total overhaul of bow power and behavior
1084,Overpowered Bows - PTF Edition,"C effective (few rows, strong effect)","Archery: bows, arrows, aiming",5,9,61.9,30.8,100.0,yes,100% in archery,archery 2,2,2,1,1,0.536,high,D1 data tables (PTF),0,0,0,0,yes (no version restriction),none,0,1,0,1,op_bows_power_100-1084-1-1-1598736006.rar,Archery / arrows,missile_weapon,every table file is a correctly suffixed PTF patch,Increase the power on the Sinew and Hans Capon's bow.
1100,Faster archery - PTF Edition,"C effective (few rows, strong effect)","Archery: bows, arrows, aiming",6,9,59.7,26.8,100.0,yes,100% in archery,archery 3,3,3,1,1,0.0,high,D1 data tables (PTF),0,0,0,0,yes (no version restriction),none,0,1,0,1,Faster archery easy-1100-1-0-1600006459.rar,Archery / arrows,rpg_param,every table file is a correctly suffixed PTF patch,This mod decrease the charge duration (how fast you can charge a bow). There are three editions.
1376,Archery mod - Faster arrows (for real),"C effective (few rows, strong effect)","Archery: bows, arrows, aiming",7,9,52.3,37.8,70.0,yes,100% in archery,archery 14,14,14,1,1,0.818,high,D1 data tables (PTF),0,0,0,0,"NO (disabled: lists 1.9.4, 1.9.5, 1.9.6, 1.9.7)",none,0,2,0,1,Archery mod - Faster arrows-1376-1-1-1775621786.zip,Archery / arrows,ammo,the manifest does not allow 1.9.8; every table file is a correctly suffixed PTF patch,"Makes arrows leave the bow much faster (possibly making them more realistic since the default arrows seem too slow), enabling you to hit moving targets easier etc."
804,Loose (An Archery Mod),"C effective (few rows, strong effect)","Archery: bows, arrows, aiming",8,9,51.3,31.9,75.0,yes,100% in archery,archery 11,11,11,1,1,0.225,high,D1 data tables (PTF),0,0,0,0,yes (no version restriction),none,1,1,0,1,Loose (An Archery Mod) V1.1-804-1-1-1565191248.7z,Archery / arrows,rpg_param,its only table file replaces a whole vanilla table instead of patching it: collides with every other mod on that table,A rebalance of KCD’s archery gameplay.
802,Archery for 1.9,"C effective (few rows, strong effect)","Archery: bows, arrows, aiming",9,9,48.0,34.1,65.0,yes,100% in archery,archery 10,10,10,1,1,0.5,high,D1 data tables (PTF),0,0,0,0,no manifest (legacy install),none,1,1,0,1,Archer for 1.9-802-1-1563644280.7z,Archery / arrows,rpg_param,no mod.manifest: legacy loose pak; its only table file replaces a whole vanilla table instead of patching it: collides with every other mod on that table,"An update of archery variables 'rpg_param,xml' for 1.9"
1236,Easy Combat PTF (easy parry and master strike),"C effective (few rows, strong effect)",Combat mechanics and AI,1,4,69.2,44.0,100.0,yes,"50% in combat, progression","progression 1, combat 1",2,2,1,1,3.265,high,D1 data tables (PTF),0,0,0,0,yes (no version restriction),none,0,1,0,1,easycombat-1236-1-1-1618287536.rar,Combat / AI,rpg_param,every table file is a correctly suffixed PTF patch,Combat made easy :1-Easier Parries and Master Strikes from the player character.
284,No Mo' Slow Mo - Configurable Perfect Block Slow Motion and AI Master Strike frequency,"C effective (few rows, strong effect)",Combat mechanics and AI,2,4,67.1,43.5,96.0,yes,100% in combat,combat 2,2,3,1,3,1.667,high,D0 content/text; D1 data tables (PTF),0,0,1,0,yes (wildcard),none,0,3,0,1,NoMoSlowMo - Options-284-2-0b-1672359814.7z,Crime / stealth / loot,rpg_param,"the deep analysis found a table file whose suffix is not the mod id it derived from the mod name (no modid in the manifest): to be confirmed per sub-mod; every table file is a correctly suffixed PTF patch; ships a readme; 1 table files are a repeat of another one in the same archive (alternative options), counted once here","This mod adds a console command to configure the length of the Perfect Block slow-motion effect, including disabling it completely. Also includes optional mods to disable the slow motion sound effect, and control AI Master Strike frequency"
1668,Relaxed RPG Params,"C effective (few rows, strong effect)",Combat mechanics and AI,3,4,65.5,37.2,100.0,yes,"25% in combat, durability, horses","combat 8, durability 7, horses 6, archery 4, survival 4, progression 4",33,33,1,1,0.5,high,D1 data tables (PTF),0,0,0,0,yes (no version restriction),none,0,1,0,1,Relaxed RPG Params-1668-1-0-1-1718992231.7z,Progression / XP / perks,rpg_param,every table file is a correctly suffixed PTF patch,"just a pack of some more ""relaxed/forgiving"" RPG parameters"
1243,Easier Enemies PTF (Dumber Enemies),"C effective (few rows, strong effect)",Combat mechanics and AI,4,4,64.1,34.7,100.0,yes,100% in combat,combat 8,8,8,1,1,0.629,high,D1 data tables (PTF),0,0,0,0,yes (no version restriction),none,0,1,0,2,02- 50 percent dumber enemies-1243-1-1-1618286957.rar,Combat / AI,rpg_param,every table file is a correctly suffixed PTF patch; 2 archives: optional variants,"This mod makes enemies less aggressive by reducing how often they dodge, parry, attack, and how often they attack in groups.Comes in 4 versions, 0%, 25%, 50%, and 75% easier than vanilla. All of these versions stop npcs from using master"
1883,Better Pickpocket - FIXED,"C effective (few rows, strong effect)","Crime, stealth and reputation",1,1,54.7,42.2,70.0,yes,100% in crime,crime 17,17,17,1,1,1.25,high,D1 data tables (PTF),0,0,0,0,yes (wildcard),none,0,1,0,1,BetterPickpocket-1883-1-1-1773177388.zip,Crime / stealth / loot,rpg_param,1 table file whose suffix is not the mod id of its manifest (the game ignores it),"This mod makes it easier to pickpocket drunk and sleeping NPCs by reducing the chance of waking them up, as it should be."
1864,Cheap Savior Schnapps - PTF,"C effective (few rows, strong effect)","Economy, loot and item stats",1,7,74.9,54.3,100.0,yes,"99% in economy, alchemy, item stats","economy 87, items 1, alchemy 1",89,89,3,3,10.0,high,D1 data tables (PTF),0,0,0,0,yes (no version restriction),none,0,3,0,1,Cheap Savior Schnapps (No Alcohol Version)-1864-1-1-1739629893.zip,Economy / merchants,"food, pickable_item, shop_type2item",every table file is a correctly suffixed PTF patch,"Save without going broke. With this mod, you can buy savior schnapps really cheap, find them sold everywhere and with abundance - PTF compatible"
1853,Richer Merchants (PTF),"C effective (few rows, strong effect)","Economy, loot and item stats",2,7,74.2,53.0,100.0,yes,100% in economy,economy 78,78,78,1,1,10.0,high,D1 data tables (PTF),0,0,0,0,yes (no version restriction),none,0,1,0,1,RicherMerchantsPRF-1853-1-0-1739403404.rar,Economy / merchants,shop_type2item,every table file is a correctly suffixed PTF patch,Every Merchant in the game have 10.000 Groschens
2165,Merchants Richer,"C effective (few rows, strong effect)","Economy, loot and item stats",2,7,74.2,53.1,100.0,yes,100% in economy,economy 79,79,79,1,1,2.0,high,D1 data tables (PTF),0,0,0,0,yes (wildcard),none,0,1,0,1,MerchantsRicher_3x-2165-1-0-2-1774198117.zip,Economy / merchants,shop_type2item,every table file is a correctly suffixed PTF patch,"Merchants have 3x the money.A standalone PTF mod for the most recent game version.Sets in shop_type2item.xml: amount=3x for item_id=""5ef63059-322e-4e1b-abe8-926e100c770e"" (Groschen)"
1914,Weightless Herbs,"C effective (few rows, strong effect)","Economy, loot and item stats",4,7,67.0,40.0,100.0,yes,100% in item stats,items 17,17,17,1,1,1.0,high,D1 data tables (PTF),0,0,0,0,yes (no version restriction),none,0,1,0,1,Weightless_Herbs-1914-1-1741286285.zip,Alchemy / food / survival,pickable_item,every table file is a correctly suffixed PTF patch,Makes alchemy herbs weightless
1578,Weighed Groschen - PTF Version,"C effective (few rows, strong effect)","Economy, loot and item stats",5,7,60.5,33.9,93.0,yes,100% in item stats,items 1,1,1,1,1,1.0,high,D1 data tables (PTF),0,0,0,0,yes (no version restriction),none,0,1,0,1,Weiged Groschen - PTF Version-1578-1-9-5-1702120734.zip,Economy / merchants,pickable_item,the deep analysis found a table file whose suffix is not the mod id it derived from the mod name (no modid in the manifest): to be confirmed per sub-mod; every table file is a correctly suffixed PTF patch,Add a weight to the in game currency. - PTF Version!
1860,Train More Carry More - PTF,"C effective (few rows, strong effect)","Economy, loot and item stats",6,7,58.7,24.9,100.0,yes,100% in item stats,items 1,1,1,1,1,0.0,high,D1 data tables (PTF),0,0,0,0,yes (no version restriction),none,0,1,0,1,Train More Carry More x10-1860-1-0-1739697344.zip,Progression / XP / perks,rpg_param,every table file is a correctly suffixed PTF patch,"Increase the amount you can carry the more strength you have, this mod doesn't change the basic carry weight value so it should be compatible with mods that changes that - PTF (compatible with other PTF mods)"
1195,Get Water,"C effective (few rows, strong effect)","Economy, loot and item stats",7,7,52.2,34.3,74.0,yes,100% in item stats,items 4,4,4,4,4,0.0,high,D0 content/text; D1 data tables (PTF); D3 Lua scripts,152,0,0,8,NO (disabled: lists 1.9.6),none,0,4,0,1,Get Water-1195-1-0-1612638603.7z,Alchemy / food / survival,"item, pickable_item, player_item, questible_item",the manifest does not allow 1.9.8; every table file is a correctly suffixed PTF patch; ships its own text strings,"Adds a water canteen that players can use to get water ingame. Is meant as a complementary Mod for ""Fishing in Bohemia"" by Chrisaton6799 and ""SIM Camping Mini"" by VVL99."
1950,Skill Books Take Time,"C effective (few rows, strong effect)","NPCs, quests and world content",1,2,69.0,43.7,100.0,yes,"98% in quests and text, progression","content 56, progression 1",57,57,2,2,1.0,high,D1 data tables (PTF),0,0,0,0,yes (wildcard),none,0,2,0,1,Skill Books Take Time 2x-1950-1-0-1742313588.zip,Progression / XP / perks,"document, rpg_param",every table file is a correctly suffixed PTF patch,Reading books take time.
1990,Veteran Hunting,"C effective (few rows, strong effect)","NPCs, quests and world content",2,2,58.2,45.3,74.0,yes,"78% in NPCs, perks and skills","npcs 7, buffs 2, perks 2",11,11,4,4,1.0,high,D0 content/text; D1 data tables (PTF); D3 Lua scripts,31,0,0,4,NO (disabled: lists 1.9.6),none,0,4,0,1,Veteran Hunting 1.0-1990-1-0-1745597572.zip,Alchemy / food / survival,"buff, perk, perk_buff, soul",the manifest does not allow 1.9.8; every table file is a correctly suffixed PTF patch; ships its own text strings,"Started as experiment.. turned to Hunting overhaul, kind of.."
1572,Increased Experience Gains,"C effective (few rows, strong effect)","Perks, skills and XP",1,10,65.7,37.7,100.0,yes,"76% in progression, crime, durability","progression 30, crime 8, durability 1",39,39,1,1,0.5,high,D1 data tables (PTF),0,0,0,0,yes (no version restriction),none,0,1,0,1,Increased Experience Minor - 1.5x-1572-0-1-1701102679.zip,Progression / XP / perks,rpg_param,every table file is a correctly suffixed PTF patch,"Increases experience gain by 1.5, 2x or 5x"
1863,Dirty And Charismatic - PTF,"C effective (few rows, strong effect)","Perks, skills and XP",2,10,64.7,35.8,100.0,yes,100% in perks and skills,perks 3,3,3,1,2,1.0,high,D1 data tables (PTF),0,0,0,0,yes (no version restriction),none,0,2,0,1,Dirty And Charismatic-1863-1-0-1739534931.zip,Progression / XP / perks,perk_rpg_param_override,every table file is a correctly suffixed PTF patch,"With this mod, dirt and armor state will no longer affect Henry's charisma - PTF (should be compatible with PTF mods)."
1842,Realistic Repairs,"C effective (few rows, strong effect)","Perks, skills and XP",3,10,64.3,35.1,100.0,yes,"62% in perks and skills, durability, economy","perks 5, durability 2, economy 1",8,8,3,3,0.567,high,D1 data tables (PTF),0,0,0,0,yes (wildcard),none,0,3,0,1,Realistic Repairs 1.1-1842-1-1-1739569897.rar,Weapons / armor / items,"perk_rpg_param_override, rpg_param, skill2item_category",every table file is a correctly suffixed PTF patch,Allows you to use your repair tools on gears that have above 10 durability left.
1334,Fast Learning Henry,"C effective (few rows, strong effect)","Perks, skills and XP",4,10,63.2,53.6,75.0,yes,"62% in progression, crime, combat","progression 60, crime 20, combat 6, archery 4, durability 2, horses 2",96,96,1,2,4.0,high,D1 data tables (PTF),0,0,0,0,yes (no version restriction),none,2,2,0,1,FastLearningHenry1.0-1334-0-5-1644641439.7z,Progression / XP / perks,rpg_param,2 of 2 table files replace a whole vanilla table (100%): collides with every other mod on those tables,I decided to make a quick mod for my save game that changes the xp tables to be around a 5x faster gain and increased the level cap for all skills to 25. Randomly thought of a roleplay save after finishing my hardcore merciful speech save.
1862,Faster Inury Regeneration - PTF,"C effective (few rows, strong effect)","Perks, skills and XP",5,10,61.8,30.5,100.0,yes,100% in perks and skills,perks 2,2,2,1,2,0.5,high,D1 data tables (PTF),0,0,0,0,yes (no version restriction),none,0,2,0,1,Faster Injury Regeneration x2-1862-1-0-1739533911.zip,Alchemy / food / survival,perk_rpg_param_override,every table file is a correctly suffixed PTF patch,This mod makes injuries heal faster - PTF (should be compatible with PTF mods).
1292,Ultimate Repair Kit 2.0,"C effective (few rows, strong effect)","Perks, skills and XP",6,10,60.6,28.4,100.0,yes,"75% in perks and skills, durability","perks 3, durability 1",4,4,3,3,0.0,high,D1 data tables (PTF),0,0,0,0,yes (wildcard),none,0,3,0,1,Ultimate Repair Kit 2.0-1292-1-2-1642365001.7z,Weapons / armor / items,"perk_rpg_param_override, rpg_param, skill2item_category",every table file is a correctly suffixed PTF patch,"This mod aims to recreate the experience of Ultimate Repair Kit that will actually work with the new version of the game, be compatible with most other mods and hopefully won't break with time. It allows you to use repair kits to repair"
1070,Better Combat,"C effective (few rows, strong effect)","Perks, skills and XP",7,10,54.9,40.0,73.0,yes,"53% in perks and skills, combat, archery","perks 16, combat 13, progression 1, horses 1, archery 1",32,32,2,2,0.375,high,D1 data tables (PTF); D2 engine config,0,4,0,0,NO (disabled: lists 1.9.6),none,0,2,0,1,Better Combat-1070-1-2-1594609210.rar,Combat / AI,"perk_rpg_param_override, rpg_param",the manifest does not allow 1.9.8; every table file is a correctly suffixed PTF patch; ships a readme,"The horrendous combat we've all grown to hate where all you had to do was press Q when prompted to Master Strike your way to victory is no more.MANUAL INSTALLATION:Extract the folder 'Zeeb - Better Combat' into ""...\Steam\steamapps\common\"
1375,No Aim Spread (Bow sway disabler),"C effective (few rows, strong effect)","Perks, skills and XP",8,10,51.1,32.3,74.0,yes,"50% in perks and skills, NPC loadout, survival","perks 2, buffs 1, survival 1, npcloadout 1",5,5,5,5,0.0,high,D0 content/text; D1 data tables (PTF),0,0,0,2,"NO (disabled: lists 1.9.4, 1.9.5, 1.9.6, 1.9.7)",none,0,6,0,1,No Aim Spread - Normal version-1375-2-2-1775620893.zip,Archery / arrows,"buff, game_mode, perk, perk_buff, soul2perk",the manifest does not allow 1.9.8; every table file is a correctly suffixed PTF patch; ships its own text strings,Disables horizontal bow swaying when aiming. New version doesn't affect NPC accuracy!!
1260,RPG Tweaks,"C effective (few rows, strong effect)","Perks, skills and XP",9,10,50.7,40.6,63.0,yes,"48% in progression, perks and skills, combat","progression 28, perks 17, combat 16, crime 14, survival 7, horses 5",95,95,2,3,0.5,high,D1 data tables (PTF),0,0,0,0,yes (no version restriction),none,3,3,249,1,Rpg Tweaks 0.9.1-1260-0-9-1-1627282645.rar,Progression / XP / perks,"perk_rpg_param_override, rpg_param",3 of 3 table files replace a whole vanilla table (100%): collides with every other mod on those tables; those replacements drop 249 vanilla rows,Various tweaks to make the game more enjoyable
1765,Restore Riposte,"C effective (few rows, strong effect)","Perks, skills and XP",10,10,48.4,35.7,64.0,yes,100% in perks and skills,perks 2,2,2,1,1,0.8,high,D0 content/text; D1 data tables (PTF),0,0,0,19,NO (disabled: lists 1.9.6),MEDIUM,0,1,0,1,Riposte-1765-1-0-2-1735871267,Combat / AI,perk,the manifest does not allow 1.9.8; MEDIUM risk in the scan; every table file is a correctly suffixed PTF patch; ships its own text strings,Restore Riposte for player use.Pick up your weapons and get a head start on adapting to the new combat system before KCD2 comes!
1559,Karnages_Weapons_Damage_Balance 2.0,"C effective (few rows, strong effect)","Weapons, armour and durability",1,5,72.8,50.6,100.0,yes,100% in weapons,weapons 77,77,77,1,1,1.727,high,D1 data tables (PTF),0,0,0,0,yes (no version restriction),none,0,1,0,1,Karnages_Weapons_Damage_Balance 2.0-1559-1-0-0-1700591190.7z,Weapons / armor / items,melee_weapon,every table file is a correctly suffixed PTF patch,"Full overhaul of weapons damages, does not include polearms or bows"
1545,Saddles Have Durability,"C effective (few rows, strong effect)","Weapons, armour and durability",2,5,67.2,40.4,100.0,yes,100% in armour,armor 20,20,20,1,1,1.0,high,D1 data tables (PTF),0,0,0,0,yes (wildcard),none,0,1,0,1,Saddles Have Durability-1545-1-0-1694353149.7z,Weapons / armor / items,armor,every table file is a correctly suffixed PTF patch,Saddles have actual durability so that they aren't completely destroyed in one hit to the horse.
1425,Saving Soles (PTF),"C effective (few rows, strong effect)","Weapons, armour and durability",3,5,63.6,33.9,100.0,yes,100% in durability,durability 1,1,1,1,1,1.0,high,D1 data tables (PTF),0,0,0,0,yes (no version restriction),none,0,1,0,1,SavingSoles-1425-1-0-1666738645.rar,Weapons / armor / items,rpg_param,every table file is a correctly suffixed PTF patch,"(PTF) I found myself running around bare foot just to protect the durability of my boots, well with this you wont need to anymore"
1893,Bianca's Ring PTF,"C effective (few rows, strong effect)","Weapons, armour and durability",4,5,61.4,35.5,93.0,yes,100% in armour,armor 2,2,2,2,2,1.0,high,D1 data tables (PTF),0,0,0,0,yes (no version restriction),none,0,3,0,1,Bianca's Ring PTF-1893-0-1-1740174007.zip,Weapons / armor / items,"armor, equippable_item",the deep analysis found a table file whose suffix is not the mod id it derived from the mod name (no modid in the manifest): to be confirmed per sub-mod; every table file is a correctly suffixed PTF patch,"This is a work in progress mod aiming to bring the Bianca's Ring mods to a PTF version, but to make it less OP"
1782,No more clipping elbows for Andrew,"C effective (few rows, strong effect)","Weapons, armour and durability",5,5,60.6,28.4,100.0,yes,"80% in armour, NPCs","armor 4, npcs 1",5,5,2,2,0.0,high,D1 data tables (PTF),0,0,0,0,yes (wildcard),none,0,2,0,1,Andrew Clothing Fix-1782-1-0-1736793391.rar,World / weather / visuals,"armor2clothing_preset, soul",every table file is a correctly suffixed PTF patch,Replaces Andrew the inn-keeper's body clothing to stop his elbows clipping through the sleeves.
1693,Ravens beak and Spiked warhammer icon swap,D small tweak,"Economy, loot and item stats",1,1,41.4,18.0,70.0,yes,100% in item stats,items 2,2,2,1,1,0.0,medium,D1 data tables (PTF),0,0,0,0,NO (disabled: lists 1.9.6),none,0,1,0,1,Ravens beak icon swap-1693-1-2-1733597371.7z,Weapons / armor / items,player_item,the manifest does not allow 1.9.8; every table file is a correctly suffixed PTF patch,It only took 6 years for someone to make this mod
83,More Responsive Targeting,D small tweak,Engine config (.cfg) only,1,2,50.7,18.5,90.0,yes,"16 engine config keys, no table row",,0,0,0,0,0.0,medium,D2 engine config,0,16,0,0,no manifest (legacy install),none,0,0,0,1,More Responsive Targeting-83-1-04-1.zip,Combat / AI,,no mod.manifest: legacy loose pak,Loosens up the targeting system and makes it easier to move around in a fight and engage multiple opponents at once.
1612,Remove Auto Camera Lock In Combat,D small tweak,Engine config (.cfg) only,2,2,49.0,15.5,90.0,yes,"4 engine config keys, no table row",,0,0,0,0,0.0,medium,D2 engine config,0,4,0,0,no manifest (legacy install),none,0,0,0,1,RemoveAutoCameraLockInCombat-1612-1-0-0-1713519576.7z,Combat / AI,,no mod.manifest: legacy loose pak,"Are you tired of trying to play this game over and over, only to drop it because the combat is too frustrating? Look no further. This mod completely disables automatic camera locking in combat, but keeps manual locking, and even improves"
1520,Shooting Archery Targets Gives XP,D small tweak,Lua scripts only,1,9,57.8,23.3,100.0,yes,"232 lines of Lua, no table row",,0,0,0,0,0.0,high,D3 Lua scripts,232,0,0,0,yes (no version restriction),none,0,0,0,1,Targets give XP-1520-0-1-1689866187.7z,Progression / XP / perks,,,Another one in my additional XP series of mods...
1519,Shooting Nests Gives XP,D small tweak,Lua scripts only,2,9,57.7,23.1,100.0,yes,"179 lines of Lua, no table row",,0,0,0,0,0.0,high,D3 Lua scripts,179,0,0,0,yes (no version restriction),none,0,0,0,1,Shooting Nests Gives XP-1519-0-1-1689446256.7z,Progression / XP / perks,,,Shooting nests will give XP on Archery(weapon_bow) if the nest hasn't dropped down yet...
2194,ENHANCED Easy FREE Combat Target Overhaul v3.0 KCD I,D small tweak,Lua scripts only,3,9,57.6,23.0,100.0,yes,"158 lines of Lua, no table row",,0,0,0,0,0.0,high,D3 Lua scripts,158,0,0,0,yes (no version restriction),none,0,0,0,1,ENHANCED Easy FREE Combat Target Overhaul KCD1-2194-1-1-1774268047.rar,Combat / AI,,,"Now there is a free target in the game that doesn't stick to enemies, making it better flexible to control the battle. Full gamepad support is available."
2372,Trough Washing Animation,D small tweak,Lua scripts only,4,9,54.4,17.1,100.0,yes,"30 lines of Lua, no table row",,0,0,0,0,0.0,medium,D0 content/text; D3 Lua scripts,30,0,9,0,yes (no version restriction),none,0,0,0,1,Trough Washing Animation 2372 1.0 2026-09-26T11-00Z U5RChtbw2.zip,Alchemy / food / survival,,,Adds a Trough Washing animation just like in KCD2!
1655,Save Me Henry,D small tweak,Lua scripts only,5,9,53.2,15.0,100.0,yes,"137 lines of Lua, no table row",,0,0,0,0,0.0,medium,D3 Lua scripts,137,0,0,0,yes (no version restriction),none,0,0,0,1,MagusSaveMeHenry-1655-Unknown-1720541841.7z,Progression / XP / perks,,,Adds new quality of life keybindings. Also changes the key layout from the controller setup to a user-friendly PC mouse and keyboard.
1518,Waystones Give XP,D small tweak,Lua scripts only,6,9,53.1,14.7,100.0,yes,"67 lines of Lua, no table row",,0,0,0,0,0.0,medium,D3 Lua scripts,67,0,0,0,yes (no version restriction),none,0,0,0,1,Wayshrine gives XP-1518-0-1-1689422764.7z,Progression / XP / perks,,,"Activating wayside shrines, conciliatory crosses, and images of saints in churches add 1 xp to reading if the object hasn't been discovered and/ or activated yet..."
2192,ENHANCED Toggle Aim Overhaul v2.0 KCD I,D small tweak,Lua scripts only,6,9,53.1,14.7,100.0,yes,"63 lines of Lua, no table row",,0,0,0,0,0.0,medium,D3 Lua scripts,63,0,0,0,yes (no version restriction),none,0,0,0,1,ENHANCED Toggle Aim Overhaul v2.0 KCD1 2192 2.0.1 2026-09-14T17-58Z sgZiUxTkd.zip,Combat / AI,,,Tired of not being able to hit anyone with long-range weapons?Hans Capon laughing at you? I have a wonderful solution.
1647,Slo Mo Begone,D small tweak,Lua scripts only,8,9,46.4,2.6,100.0,yes,"21 lines of Lua, no table row",,0,0,0,0,0.0,none,D3 Lua scripts,21,0,0,0,yes (no version restriction),none,0,0,0,1,SloMoBegone-1647-1-0-0-1716234169.zip,Combat / AI,,,"Disables slow motion for perfect blocks and dodges in combat completely.Experience the enhanced ""combat flow"" !"
1040,Disable Combat Slowmotion,D small tweak,Lua scripts only,9,9,30.6,2.5,65.0,yes,"3 lines of Lua, no table row",,0,0,0,0,0.0,none,D3 Lua scripts,3,0,0,0,NO (disabled: lists 1.9.5),none,0,0,0,1,DisableCombatSlowmotion.zip-1040-1-9-5-1592222070.zip,Combat / AI,,the manifest does not allow 1.9.8,Disables the annoying Slowmotion that occurs during combat
1671,Angriness Begone,D small tweak,"NPCs, quests and world content",1,1,61.3,29.7,100.0,yes,100% in NPCs,npcs 7,7,7,1,1,1.0,medium,D1 data tables (PTF),0,0,0,0,yes (no version restriction),none,0,1,0,1,MagusAngrinessBegone-1671-Unknown-1718907026.7z,Combat / AI,angriness_enum,every table file is a correctly suffixed PTF patch,"Disables the angriness system, which informs NPCs that Henry is responsible for all unsolved crimes in the game world."
1569,Karnages_Shield_Restoration,D small tweak,"Perks, skills and XP",1,1,54.3,16.9,100.0,yes,100% in perks and skills,perks 1,1,1,1,1,0.0,medium,D1 data tables (PTF),0,0,0,0,yes (no version restriction),none,0,1,0,1,Karnages_Shield_Restoration-1569-1-0-0-1700623905.7z,Weapons / armor / items,skill,every table file is a correctly suffixed PTF patch,Restores Shield Skill
366,First-person Herb Picking,E non-perceptive to gameplay (content or text only),"Textures, models and other assets",1,9,49.7,8.5,100.0,yes,"2 asset files, no table row",,0,0,0,0,0.0,low,D0 content/text,0,0,2,0,yes (no version restriction),none,0,0,0,1,First-person Herb Picking-366-1-9-5-1583164522.zip,Alchemy / food / survival,,,Forces the game to stay in first-person-view when picking herbs.
1090,Colored Arrows,E non-perceptive to gameplay (content or text only),"Textures, models and other assets",1,9,49.7,8.5,100.0,yes,"11 asset files, no table row",,0,0,0,0,0.0,low,D0 content/text,0,0,11,0,yes (wildcard),none,0,0,0,1,Colored Arrows and Feathers - White-1090-1-0-3-1599011013.zip,Archery / arrows,,,Adds colored stripes to the arrows and colors the feathers to make them easier to see in grass/ground. Optionally with plain feathers.
1323,Skalitz Shield Fix AWL,E non-perceptive to gameplay (content or text only),"Textures, models and other assets",1,9,49.7,8.5,100.0,yes,"7 asset files, no table row",,0,0,0,0,0.0,low,D0 content/text,0,0,7,0,yes (wildcard),none,0,0,0,1,Skalitz Shield Fix-1323-1-0-1642601960.7z,Weapons / armor / items,,ships a readme,Fixed a issue with the Skalitz Shield you get from Theresa after finishing her part in A Woman's Lot.
2207,Findable Herbs HD,E non-perceptive to gameplay (content or text only),"Textures, models and other assets",1,9,49.7,8.5,100.0,yes,"1 asset file, no table row",,0,0,0,0,0.0,low,D0 content/text,0,0,1,0,yes (no version restriction),none,0,0,0,1,Findable Herbs HD-2207-1-0-1776182143.7z,Alchemy / food / survival,,,Makes hard to find herbs less hard to find by changing their visuals.
2276,Instant Herb and faster Alchemy Merger,E non-perceptive to gameplay (content or text only),"Textures, models and other assets",1,9,49.7,8.5,100.0,yes,"4 asset files, no table row",,0,0,0,0,0.0,low,D0 content/text,0,0,4,0,yes (no version restriction),none,0,0,0,1,Instant Herb Picking Merged 4x version 2276 1 2026-07-01T21-38Z 9pAt2OHcY.zip,Alchemy / food / survival,,,Mods that change animations usually conflict in KCD. This is T0rvadaL's instant herb picking with faster alchemy animations thrown in by me.
2331,Bushes Collision Remover Redux,E non-perceptive to gameplay (content or text only),"Textures, models and other assets",1,9,49.7,8.5,100.0,yes,"26 asset files, no table row",,0,0,0,0,0.0,low,D0 content/text,0,0,26,0,yes (no version restriction),none,0,0,0,1,Bushes Collision Remover Redux 2331 1 2026-08-12T06-14Z 4yvkqUP3B.zip,World / weather / visuals,,ships a readme,"A clean, modern rebuild of JovianStone's original Bushes - Collision Remover for Kingdom Come: Deliverance."
591,Bushes- Collision Remover,E non-perceptive to gameplay (content or text only),"Textures, models and other assets",7,9,45.2,8.5,90.0,yes,"26 asset files, no table row",,0,0,0,0,0.0,low,D0 content/text,0,0,26,0,no manifest (legacy install),none,0,0,0,1,Bushes.Only_Collision.Remover.pak,World / weather / visuals,,no mod.manifest: legacy loose pak,Removes those annoying collision boxes on all bushes
1205,ETSGF - Easy to see glowing Arrow feathers  - 1.9.6 - Multi-Colored arrow support,E non-perceptive to gameplay (content or text only),"Textures, models and other assets",8,9,35.3,8.5,68.0,yes,"10 asset files, no table row",,0,0,0,0,0.0,low,D0 content/text,0,0,10,0,"NO (disabled: lists 1.9.5, 1.9.6, 1.9.7)",none,0,0,0,2,ETSGF Multi-Color HiViz (Made by Bluefirevortex)-1205-1-0-1740342886.7z,Archery / arrows,,the manifest does not allow 1.9.8; 2 archives: optional variants,"An update of the old but loved ETSGF mod to work with the latest PTF update for KCD (1.9.6). Now has multi-colored arrow versions, thanks to Bluefirevortex!"
1991,BCAIC - Restore Hunting Spots - Patch,E non-perceptive to gameplay (content or text only),"Textures, models and other assets",9,9,33.9,8.5,65.0,yes,"2 asset files, no table row",,0,0,0,0,0.0,low,D0 content/text,0,0,2,0,NO (disabled: lists 1.9.6),none,0,0,0,1,BCAIC - Restore Hunting Spot Icons - Patch-1991-1-0-1745002325.zip,Alchemy / food / survival,,the manifest does not allow 1.9.8,BCAIC is must have mod for every run. This tiny patch restores hunting spot markers for the map.
1922,No Prefixes in Alchemy Book,E non-perceptive to gameplay (content or text only),UI text and localisation,1,4,49.7,8.5,100.0,yes,"378 text strings, no table row",,0,0,0,0,0.0,low,D0 content/text,0,0,0,378,yes (no version restriction),none,0,0,0,1,No Prefixes in Alchemy Book-1922-1-0-1-1741961065.zip,Alchemy / food / survival,,ships its own text strings,Removes sorting mod prefixes from the alchemy book.
2362,Better Perk Descriptions,E non-perceptive to gameplay (content or text only),UI text and localisation,1,4,49.7,8.5,100.0,yes,"26 text strings, no table row",,0,0,0,0,0.0,low,D0 content/text,0,0,0,26,yes (wildcard),none,0,0,0,1,Better Perk Descriptions 2362 1.0 2026-09-13T23-47Z pA6IjrM9q.zip,Progression / XP / perks,,ships its own text strings,Changes the perk descriptions to include precise information about the perk. Finally you can make informed choices!
2098,Medieval Poisons - spolszczenie,E non-perceptive to gameplay (content or text only),UI text and localisation,3,4,47.0,8.5,94.0,yes,"175 text strings, no table row",,0,0,0,0,0.0,low,D0 content/text,0,0,0,175,no manifest (legacy install),none,0,0,0,1,spolszczenie do moda Tyburn's Medieval Poisons-2098-1-0-1763383230.rar,Alchemy / food / survival,,no mod.manifest: legacy loose pak; ships its own text strings,"Pełne spolszczenie do moda Tyburn's Medieval Poisons. Tłumaczenie obejmuje wszystkie nowe trucizny (m.in. arszenik, mandragora, szczwół), receptury, składniki oraz księgę ""Liber de Venenis"". Zachowano zgodność z polskim nazewnictwem w grze."
2040,Polymorphic Projectiles Arrow Overhaul,E non-perceptive to gameplay (content or text only),UI text and localisation,4,4,37.1,8.5,72.0,yes,"11 text strings, no table row",,0,0,0,0,0.0,low,D0 content/text,0,0,0,11,NO (disabled: lists *),none,0,0,0,1,Polymorphic Fire Arrow-2040-2-1774384773.7z,Archery / arrows,,the manifest does not allow 1.9.8; ships its own text strings; ships a readme,Complete++ arrow overhaul. Killing Cumans with a watermelon is now on your bucket list
1743,Persistent Arrows,E non-perceptive to gameplay (no effective change found),"Non-table XML (entities, effects, audio definitions)",1,7,45.0,0.0,100.0,yes,"XML that is not a game table, no table row",,0,0,0,0,0.0,none,none found,0,0,0,0,yes (wildcard),none,0,0,0,1,Persistentarrows-1743-1-2-1729568337.rar,Archery / arrows,,,your arrows will stay firmly fixed on the exact location where you hit the npc bodies.
2066,Distant Smoke and Fire,E non-perceptive to gameplay (no effective change found),"Non-table XML (entities, effects, audio definitions)",1,7,45.0,0.0,100.0,yes,"XML that is not a game table, no table row",,0,0,0,0,0.0,none,none found,0,0,0,0,yes (no version restriction),none,0,0,0,1,DistantFireAndSmoke-2066-0-2-1755855018.zip,World / weather / visuals,,,"Increases smoke and fire draw distance for chimneys, campfires, and torches."
2280,Remove Artemisia (Wormwood) Potion Visual Effect Overlay,E non-perceptive to gameplay (no effective change found),"Non-table XML (entities, effects, audio definitions)",1,7,45.0,0.0,100.0,yes,"XML that is not a game table, no table row",,0,0,0,0,0.0,none,none found,0,0,0,0,yes (no version restriction),none,0,0,0,1,No Wormwood Artemisia Potion Effect 2280 1 2026-07-05T17-40Z GK8rEaX2G.zip,Alchemy / food / survival,,,The mod completely removes the blueish greenish visual effect from your screen when you drink Artemisia (Wormwood) potion.
2332,Baptism of Fire Fix Redux,E non-perceptive to gameplay (no effective change found),"Non-table XML (entities, effects, audio definitions)",1,7,45.0,0.0,100.0,yes,"XML that is not a game table, no table row",,0,0,0,0,0.0,none,none found,0,0,0,0,yes (no version restriction),none,0,0,0,1,Baptism Of Fire Fix Redux 2332 1.0.0 2026-08-12T09-22Z q1JwghIHz.zip,Quests / lore / content,,ships a readme,"A targeted Redux fix for the long-standing false ""Too many of your men have died"" failure during Baptism of Fire."
2381,Nest of Vipers Stealth,E non-perceptive to gameplay (no effective change found),"Non-table XML (entities, effects, audio definitions)",1,7,45.0,0.0,100.0,yes,"XML that is not a game table, no table row",,0,0,0,0,0.0,none,none found,0,0,0,0,yes (no version restriction),none,0,0,0,1,NestOfVipersStealth 2381 1 2026-10-01T03-43Z 2jGTl3QNE.zip,Crime / stealth / loot,,ships a readme,No more omniscient guards in Nest of Vipers! You can actually sabotage the food pots and arrow barrels without getting automatically caught- if you have the stealth skills to do so!
84,Archery - Realistic Arrow Flight,E non-perceptive to gameplay (no effective change found),"Non-table XML (entities, effects, audio definitions)",6,7,40.5,0.0,90.0,yes,"XML that is not a game table, no table row",,0,0,0,0,0.0,none,none found,0,0,0,0,no manifest (legacy install),none,0,0,0,1,Near Perfect Arrows.-84-69-69.zip,Archery / arrows,,no mod.manifest: legacy loose pak,This is a revision of PcFreaky99's Faster Arrows.  I'd like to thank him for his work and saving me the time to find the files myself.I have used his mod and re-calibrated the numbers so that the arrow flight is a bit more realistic.   It's
1951,Baths dont affect energy and nourishment,E non-perceptive to gameplay (no effective change found),"Non-table XML (entities, effects, audio definitions)",6,7,40.5,0.0,90.0,yes,"XML that is not a game table, no table row",,0,0,0,0,0.0,none,none found,0,0,0,0,no manifest (legacy install),none,0,0,0,1,energy increased as if rested-1951-1-0-0-1742338696.7z,Alchemy / food / survival,,no mod.manifest: legacy loose pak,Bathmaids don't feed and caffeinate you! Optional: slower energy increase
1996,Alcohol Is Not Food Anymore,E non-perceptive to gameplay (no effective change found),Nothing readable / no change found,1,3,46.4,2.5,100.0,yes,"has table files, but no row differs from vanilla",,0,0,0,0,0.0,none,D1 data tables (PTF),0,0,0,0,yes (no version restriction),none,0,1,0,1,Alcohol Is Not Food Anymore-1996-1-0-1745154676.zip,Alchemy / food / survival,,every table file is a correctly suffixed PTF patch,Exactly as the title says Alcohol Is Not Food Anymore.
1652,Catches the Worm,E non-perceptive to gameplay (no effective change found),Nothing readable / no change found,2,3,45.0,0.0,100.0,yes,"has table files, but no row differs from vanilla",,0,0,0,0,0.0,none,none found,0,0,0,0,yes (no version restriction),none,0,0,0,1,catche the worm-1652-1-0-1716593673.zip,Alchemy / food / survival,,,All NPCs have a revised daily routine. They no longer sleep half the day. All immortal NPCs are now also mortal. (There are a handful of scripted NPCs that cannot have their immortality removed.)
1673,Combat musics tweak,E non-perceptive to gameplay (no effective change found),Nothing readable / no change found,2,3,45.0,0.0,100.0,yes,nothing found that changes a row,,0,0,0,0,0.0,none,none found,0,0,0,0,yes (no version restriction),none,0,0,0,2,Combat music A Stressfull version-1673-1-0-1718966803.zip,Combat / AI,,2 archives: optional variants,A mod that tweak the combat musics as best as possibleNot compatible with other musics mod that use the layer !
