id,name,scope,category,category_source,ptf,krs_modules,evidence,load_on_1.9.8,row_collision,priority,action,reason,last_updated,author,nexus_status,nexus_latest_version,updated_since_1.9.7,evidence_summary
1639,Alternate Food Spoil (2X),new: Vivaldi tabs or screenshots only,Alchemy / food / survival,title list,,krs_items,A archive,yes (no version restriction),measured: krs_items:food:73ff1fde-ec8b-41e9-95e3-b5938c715bf1,P1,Resolve the measured row collision with a KRS module,same table and key as krs_items:food:73ff1fde-ec8b-41e9-95e3-b5938c715bf1,,,,,,
1765,Restore Riposte,workspace/installed only,Combat / AI,name keywords,,krs_perks,A archive,NO (disabled: lists 1.9.6),measured: krs_perks:perk:61e98757-9b32-493b-ad09-0087afdb81be; krs_perks:perk:ec4c5274-50e3-4bbf-9220-823b080647c4,P1,Resolve the measured row collision with a KRS module,same table and key as krs_perks:perk:61e98757-9b32-493b-ad09-0087afdb81be,,AcSiG,,,,
2017,Realistic Items,in the author's lists,Weapons / armor / items,title list,,,A archive,NO (disabled: lists 1.9.x),none expected,P1,Replace the published release,"archive read: 7z renamed .pak, no Libs/ root, suffix != id, manifest 1.9.x",,,,,,
83,More Responsive Targeting,workspace/installed only,Combat / AI,name keywords,,krs_perks,A archive,no manifest in the archive (legacy install: copy into Data),possible: title-based,P2,Compare tables with krs_perks before combining,title-based area match,,,,,,
84,Near Perfect Arrows,workspace/installed only,Archery / arrows,name keywords,,krs_bow (planned),C title,unknown (manifest not seen),possible: title-based,P2,Compare tables with krs_bow (planned) before combining,title-based area match,,,,,,
85,Perkaholic 1.05,workspace/installed only,Progression / XP / perks,name keywords,,krs_perks,C title,unknown (manifest not seen),possible: title-based,P2,Compare tables with krs_perks before combining,title-based area match,,,,,,
284,No Mo' Slow Mo - Configurable Perfect Block Slow Motion and AI Master Strike frequency,in the author's lists,Crime / stealth / loot,name keywords,,krs_perks,B search result,unknown (manifest not seen),possible: title-based,P2,Compare tables with krs_perks before combining,title-based area match,,Raok,,,,Adds a console command for the perfect-block slow-motion length (can disable it) and sets how often the AI uses master strikes; optional sound files
311,5.5-6 Nourishment and 4 Energy lost per hour,workspace/installed only,Alchemy / food / survival,name keywords,,krs_items,C title,unknown (manifest not seen),possible: title-based,P2,Compare tables with krs_items before combining,title-based area match,,,,,,
366,First-person Herb Picking,new: Vivaldi tabs or screenshots only,Alchemy / food / survival,title list,,krs_items krs_qol,C title,unknown (manifest not seen),possible: title-based,P2,"Compare tables with krs_items, krs_qol before combining",title-based area match,,,,,,
390,MGs Stay Clean Longer - Get Dirty Gradually 1.6,workspace/installed only,Alchemy / food / survival,name keywords,,krs_items,A archive,yes (no version restriction),possible: title-based,P2,Compare tables with krs_items before combining,title-based area match,,,,,,
480,Bed Comfort Restored,workspace/installed only,Alchemy / food / survival,name keywords,,krs_items,C title,unknown (manifest not seen),possible: title-based,P2,Compare tables with krs_items before combining,title-based area match,,,,,,
591,Bushes- Collision Remover,in the author's lists,World / weather / visuals,title list,,,A archive,yes (no version restriction),none expected,P2,Check on 1.9.8 whether the fix is still needed,likely still needed (unconfirmed),2018,JovianStone,,,,Removes collision from bushes (26 models); see check_1.9.8 in annotations
651,Better Combat and Immersion Compilation,in the author's lists,Combat / AI,title list,,krs_perks,C title,unknown (manifest not seen),possible: title-based,P2,Compare tables with krs_perks before combining,title-based area match,,,,,,
765,Poison Overhaul,in the author's lists,Alchemy / food / survival,name keywords,,krs_items krs_perks,B search result,unknown (manifest not seen),likely: evidence names the same values,P2,"Compare tables with krs_items, krs_perks before combining",evidence names the same values,2022-07-09,Pyrolusite,,,,Buffs or fixes some potions and adds a perk so poisons are useful (formerly Alchemical Warfare); users report it works on 1.9.6 and later
770,Perkaholic updated,in the author's lists,Progression / XP / perks,name keywords,,krs_perks,C title,unknown (manifest not seen),possible: title-based,P2,Compare tables with krs_perks before combining,title-based area match,,,,,,
802,Archery for 1.9,new: Vivaldi tabs or screenshots only,Archery / arrows,title list,,krs_bow (planned),C title,unknown (manifest not seen),possible: title-based,P2,Compare tables with krs_bow (planned) before combining,title-based area match,,,,,,
804,Loose (An Archery Mod),new: Vivaldi tabs or screenshots only,Archery / arrows,title list,,krs_bow (planned),C title,unknown (manifest not seen),possible: title-based,P2,Compare tables with krs_bow (planned) before combining,title-based area match,,,,,,
883,KingdomCome Rebalancing,new: Vivaldi tabs or screenshots only,Progression / XP / perks,title list,,krs_perks,C title,unknown (manifest not seen),possible: title-based,P2,Compare tables with krs_perks before combining,title-based area match,,,,,,
1009,Perkaholic - PTF updated (1.9.4-1.9.8),in the author's lists,Progression / XP / perks,title list,PTF,krs_perks,C title,states 1.9.8 (page summary),possible: title-based,P2,Study the rows and compare with krs_perks (PTF-shaped),title-based area match,,,,,,
1040,Disable Combat Slowmotion,found while checking (outside the lists),Combat / AI,name keywords,,krs_perks,C title,unknown (manifest not seen),possible: title-based,P2,Compare tables with krs_perks before combining,title-based area match,,,,,,
1062,SIM Camping Mini ML 1.5.1.1,in the author's lists,Alchemy / food / survival,title list,,krs_items,C title,unknown (manifest not seen),possible: title-based,P2,Compare tables with krs_items before combining,title-based area match,,,,,,
1070,Better Combat,new: Vivaldi tabs or screenshots only,Combat / AI,title list,,krs_perks,C title,unknown (manifest not seen),possible: title-based,P2,Compare tables with krs_perks before combining,title-based area match,,,,,,
1084,Overpowered Bows - PTF Edition,new: Vivaldi tabs or screenshots only,Archery / arrows,title list,PTF,krs_bow (planned),B search result,unknown (manifest not seen),possible: title-based,P2,Study the rows and compare with krs_bow (planned) (PTF-shaped),title-based area match,2020-08-29,DanishPagan,,,,Raises the power of the Sinew and Hans Capon bows (100/200/500/1000 power editions); conflicts with mods that change those bows or override the whole missile_weapon table
1090,Colored Arrows,new: Vivaldi tabs or screenshots only,Archery / arrows,title list,,krs_bow (planned),A archive,yes (wildcard),possible: title-based,P2,Compare tables with krs_bow (planned) before combining,title-based area match,,,,,,
1100,Faster archery - PTF Edition,new: Vivaldi tabs or screenshots only,Archery / arrows,title list,PTF,krs_bow (planned),B search result,states 1.9.6-404-504 FINAL (page summary),likely: evidence names the same values,P2,Study the rows and compare with krs_bow (planned) (PTF-shaped),evidence names the same values,,DanishPagan,,,,Sets BowChargeDurationMax (1.00 hard / 1.25 normal / 1.50 easy) through rpg_param; aim spread unchanged. Shows that a published mod already sets this hidden constant by a table patch
1112,Combat Overhaul,new: Vivaldi tabs or screenshots only,Combat / AI,title list,,krs_perks,C title,unknown (manifest not seen),possible: title-based,P2,Compare tables with krs_perks before combining,title-based area match,,,,,,
1148,Combo and Weapon rebalance,new: Vivaldi tabs or screenshots only,Combat / AI,title list,,krs_perks,C title,unknown (manifest not seen),possible: title-based,P2,Compare tables with krs_perks before combining,title-based area match,,,,,,
1195,Get Water,new: Vivaldi tabs or screenshots only,Alchemy / food / survival,title list,,krs_items,C title,unknown (manifest not seen),possible: title-based,P2,Compare tables with krs_items before combining,title-based area match,,,,,,
1205,ETSGF - Easy to see glowing Arrow feathers - 1.9.6 - Multi-Colored arrow support,new: Vivaldi tabs or screenshots only,Archery / arrows,title list,,krs_bow (planned),C title,unknown (manifest not seen),possible: title-based,P2,Compare tables with krs_bow (planned) before combining,title-based area match,,,,,,
1236,Easy Combat PTF,found while checking (outside the lists),Combat / AI,name keywords,,krs_perks,C title,unknown (manifest not seen),possible: title-based,P2,Study the rows and compare with krs_perks (PTF-shaped),title-based area match,,,,,,
1243,Easier Enemies PTF (Dumber Enemies),new: Vivaldi tabs or screenshots only,Combat / AI,title list,PTF,krs_perks,C title,unknown (manifest not seen),possible: title-based,P2,Study the rows and compare with krs_perks (PTF-shaped),title-based area match,,,,,,
1260,RPG Tweaks,in the author's lists,Progression / XP / perks,name keywords,,krs_bow (planned) krs_items krs_perks krs_qol,B search result,unknown (manifest not seen),likely: evidence names the same values,P2,"Compare tables with krs_bow (planned), krs_items, krs_perks, krs_qol before combining",evidence names the same values,2021-07-26,,,,,Clean tweak of the rpg_param XML: stay clean longer; slightly bigger herb radius; lower stamina costs; easier sharpening; carry weight +60%; less bow aim shake; tougher lockpicks; more lockpicking and alchemy XP. Overlaps krs_qol and any bow work
1266,Stronger drinks - PTF Edition,new: Vivaldi tabs or screenshots only,Alchemy / food / survival,title list,PTF,krs_items,B search result,unknown (manifest not seen),likely: evidence names the same values,P2,Study the rows and compare with krs_items (PTF-shaped),evidence names the same values,2021-07-23,DanishPagan,,,,"Raises the alcohol percentage of drinks (beer 8, moonshine 53, wine 18, mead 25 ...) in the food table; incompatible with mods that override the whole food.xml"
1292,Ultimate Repair Kit 2.0,new: Vivaldi tabs or screenshots only,Weapons / armor / items,title list,,krs_qol,C title,unknown (manifest not seen),possible: title-based,P2,Compare tables with krs_qol before combining,title-based area match,,,,,,
1323,Skalitz Shield Fix AWL,in the author's lists,Weapons / armor / items,title list,,,C title,states 1.9.8 (page summary),none expected,P2,Check on 1.9.8 whether the fix is still needed,check patch notes,,Meatbag101,,,,
1334,Fast Learning Henry,new: Vivaldi tabs or screenshots only,Progression / XP / perks,title list,,krs_perks,B search result,unknown (manifest not seen),likely: evidence names the same values,P2,Compare tables with krs_perks before combining,evidence names the same values,2022-02-12,,,,,XP tables about 5x faster; version 1 raises every skill cap to 25; was not compatible with other mods that modify RPG_PARAMS
1375,No Aim Spread (Bow sway disabler),new: Vivaldi tabs or screenshots only,Archery / arrows,title list,,krs_bow (planned) krs_perks,B search result,unknown (manifest not seen),likely: evidence names the same values,P2,"Compare tables with krs_bow (planned), krs_perks before combining",evidence names the same values,,,,,,Adds a perk (True Shot) that removes bow sway for the player only; variant 2.1b has two stat-gated perks (Forceful Grip: Strength min 10; Ranger's Precision: Agility min 8). A perk-based way to change a bow constant per player
1376,Archery mod - Faster arrows (for real),new: Vivaldi tabs or screenshots only,Archery / arrows,title list,,krs_bow (planned),C title,unknown (manifest not seen),possible: title-based,P2,Compare tables with krs_bow (planned) before combining,title-based area match,,,,,,
1380,Black Items Fix,in the author's lists,Weapons / armor / items,title list,,,C title,unknown (manifest not seen),none expected,P2,Check on 1.9.8 whether the fix is still needed,resolve page first,,,,,,
1384,Modified Combat Overhaul - Directional Combat and smarter AI,new: Vivaldi tabs or screenshots only,Combat / AI,title list,,krs_perks,B search result,unknown (manifest not seen),possible: title-based,P2,Compare tables with krs_perks before combining,title-based area match,2022-06-01,Solodric,,,,Directional master strikes and perfect blocks for player and AI; built on the Better Combat and Immersion Compilation Lite by replacing its .pak
1419,Immersive Archery,new: Vivaldi tabs or screenshots only,Archery / arrows,title list,,krs_bow (planned),B search result,unknown (manifest not seen),likely: evidence names the same values,P2,Compare tables with krs_bow (planned) before combining,evidence names the same values,2022-10-13,GalaxyES,,,,Draw speed to about 16 arrows per minute; arrow speed x1.7; lower stamina drain; arrow damage x1.2. The suite alters this mod (permission granted)
1424,Better Sleep Fixed,new: Vivaldi tabs or screenshots only,Alchemy / food / survival,title list,,krs_items,C title,unknown (manifest not seen),possible: title-based,P2,Compare tables with krs_items before combining,title-based area match,,,,,,
1426,Energy and Hunger Patch for Timescale Mods (PTF),new: Vivaldi tabs or screenshots only,Alchemy / food / survival,title list,PTF,krs_items,B search result,unknown (manifest not seen),possible: title-based,P2,Study the rows and compare with krs_items (PTF-shaped),title-based area match,2022-10-26,Drake0713,,,,Keeps energy and hunger depletion proportional to in-game time when a timescale mod is used; safe if loaded after non-PTF mods
1483,TSM Slower Food Spoil,in the author's lists,Alchemy / food / survival,name keywords,,krs_items krs_qol,B search result,unknown (manifest not seen),possible: title-based,P2,"Compare tables with krs_items, krs_qol before combining",title-based area match,,theskymoves,,,,"Food durability x2 (recommended), x3 or x5; needs the From the Ashes DLC. (The same summary also named another title for the id; treat as unreliable)"
1518,Waystones Give XP,new: Vivaldi tabs or screenshots only,Progression / XP / perks,title list,,krs_perks,C title,unknown (manifest not seen),possible: title-based,P2,Compare tables with krs_perks before combining,title-based area match,,,,,,
1519,Shooting Nests Gives XP,new: Vivaldi tabs or screenshots only,Progression / XP / perks,title list,,krs_perks,C title,unknown (manifest not seen),possible: title-based,P2,Compare tables with krs_perks before combining,title-based area match,,,,,,
1520,Shooting Archery Targets Gives XP,new: Vivaldi tabs or screenshots only,Progression / XP / perks,title list,,krs_bow (planned) krs_perks,C title,unknown (manifest not seen),possible: title-based,P2,"Compare tables with krs_bow (planned), krs_perks before combining",title-based area match,,,,,,
1545,Saddles Have Durability,new: Vivaldi tabs or screenshots only,Weapons / armor / items,title list,,krs_qol,C title,unknown (manifest not seen),possible: title-based,P2,Compare tables with krs_qol before combining,title-based area match,,,,,,
1558,Karnages_KCD_Essential_Fixes 2.0,new: Vivaldi tabs or screenshots only,Fix bundle,title list,,,C title,unknown (manifest not seen),none expected,P2,Check on 1.9.8 whether the fix is still needed,candidate (bundle),,,,,,
1560,Karnages_Durability_Redux,new: Vivaldi tabs or screenshots only,Weapons / armor / items,title list,,krs_qol,C title,unknown (manifest not seen),possible: title-based,P2,Compare tables with krs_qol before combining,title-based area match,,,,,,
1564,Karnages_Rebalanced_Bows 2.0,new: Vivaldi tabs or screenshots only,Archery / arrows,title list,,krs_bow (planned),C title,unknown (manifest not seen),possible: title-based,P2,Compare tables with krs_bow (planned) before combining,title-based area match,,,,,,
1565,Karnages_Arrow_Balance 2.0,new: Vivaldi tabs or screenshots only,Archery / arrows,title list,,krs_bow (planned),C title,unknown (manifest not seen),possible: title-based,P2,Compare tables with krs_bow (planned) before combining,title-based area match,,,,,,
1572,Increased Experience Gains,new: Vivaldi tabs or screenshots only,Progression / XP / perks,title list,,krs_items krs_perks krs_qol,B search result,states 1.9.6 (page summary),likely: evidence names the same values,P2,"Compare tables with krs_items, krs_perks, krs_qol before combining",evidence names the same values,2023-11-27,Elghinnarisa,,,,Changes rpg_param to raise XP gain 1.5x / 2x / 5x; optional herb picking and auto brewing
1578,Weighed Groschen - PTF Version,new: Vivaldi tabs or screenshots only,Economy / merchants,title list,PTF,krs_qol,C title,unknown (manifest not seen),possible: title-based,P2,Study the rows and compare with krs_qol (PTF-shaped),title-based area match,,,,,,
1612,Remove Auto Camera Lock In Combat,new: Vivaldi tabs or screenshots only,Combat / AI,title list,,krs_perks,C title,unknown (manifest not seen),possible: title-based,P2,Compare tables with krs_perks before combining,title-based area match,,,,,,
1629,Exclusive Master Strikes - Make Them Reasonable,in the author's lists,Combat / AI,title list,,krs_perks,B search result,unknown (manifest not seen),possible: title-based,P2,Compare tables with krs_perks before combining,title-based area match,2025-01-28,AcSiG,,,,Only heavily armored NPCs keep the master strike; removes NPC tackles; affects only newly spawned NPCs on old saves. Same author as Restore Riposte
1647,Slo Mo Begone,in the author's lists,Combat / AI,title list,,krs_perks,C title,unknown (manifest not seen),possible: title-based,P2,Compare tables with krs_perks before combining,title-based area match,,,,,,
1652,Catches the Worm,new: Vivaldi tabs or screenshots only,Alchemy / food / survival,title list,,krs_items,C title,unknown (manifest not seen),possible: title-based,P2,Compare tables with krs_items before combining,title-based area match,,,,,,
1655,Save Me Henry,new: Vivaldi tabs or screenshots only,Progression / XP / perks,title list,,krs_perks,C title,unknown (manifest not seen),possible: title-based,P2,Compare tables with krs_perks before combining,title-based area match,,,,,,
1660,Double Brew Yield,new: Vivaldi tabs or screenshots only,Alchemy / food / survival,title list,,krs_items,C title,unknown (manifest not seen),possible: title-based,P2,Compare tables with krs_items before combining,title-based area match,,,,,,
1668,Relaxed RPG Params,new: Vivaldi tabs or screenshots only,Progression / XP / perks,title list,,krs_bow (planned) krs_items krs_perks,B search result,unknown (manifest not seen),likely: evidence names the same values,P2,"Compare tables with krs_bow (planned), krs_items, krs_perks before combining",evidence names the same values,2024-06-21,Myrdo,,,,Pack of rpg_param values: inventory x3 (horse x4); riding XP +25%; bow aim spread -33%; stamina regen delay -33%; sprint/jump cost -15%; less alchemy grinding; slower dirt. Overlaps krs_qol and bow constants
1671,Angriness Begone,in the author's lists,Combat / AI,title list,,krs_perks,C title,unknown (manifest not seen),possible: title-based,P2,Compare tables with krs_perks before combining,title-based area match,,,,,,
1673,Combat musics tweak,new: Vivaldi tabs or screenshots only,Combat / AI,title list,,krs_perks,C title,unknown (manifest not seen),possible: title-based,P2,Compare tables with krs_perks before combining,title-based area match,,,,,,
1678,Better Archery,in the author's lists,Archery / arrows,title list,,krs_bow (planned),B search result,unknown (manifest not seen),likely: evidence names the same values,P2,Compare tables with krs_bow (planned) before combining,evidence names the same values,2025-01-07,STuRoK,,,,"Faster arrows, shorter draw, lower stamina drain, less aim spread, rebalanced damage; three variants (a no-OP variant added 2025-01-07)"
1693,Ravens beak and Spiked warhammer icon swap,in the author's lists,Weapons / armor / items,title list,,,C title,states 1.9.8 (page summary),none expected,P2,Check on 1.9.8 whether the fix is still needed,check patch notes,,Sibnal,,,,
1730,Drink Sound Effects,in the author's lists,Alchemy / food / survival,title list,,krs_items,A archive,NO (disabled: lists 1.9.6),possible: title-based,P2,Disabled on 1.9.8 by its manifest: edit the version line (author) and retest,NO (disabled: lists 1.9.6),,,,,,
1736,Rogue Life,in the author's lists,Progression / XP / perks,title list,,krs_bow (planned) krs_items krs_perks,B search result,unknown (manifest not seen),likely: evidence names the same values,P2,"Compare tables with krs_bow (planned), krs_items, krs_perks before combining",evidence names the same values,2025-02-17,TyburnKetch,,,,"Adds perks to the Stealth, Alchemy, Speech, Drinking and Bow trees and adjusts vanilla perks; recommends Perkaholic"
1743,Persistent Arrows,in the author's lists,Archery / arrows,title list,,krs_bow (planned),A archive,yes (wildcard),possible: title-based,P2,Compare tables with krs_bow (planned) before combining,title-based area match,,,,,,
1782,No more clipping elbows for Andrew,in the author's lists,World / weather / visuals,title list,,,C title,unknown (manifest not seen),none expected,P2,Check on 1.9.8 whether the fix is still needed,candidate (check on 1.9.8),,,,,,
1842,Realistic Repairs,in the author's lists,Weapons / armor / items,title list,,krs_qol,C title,unknown (manifest not seen),possible: title-based,P2,Compare tables with krs_qol before combining,title-based area match,,,,,,
1860,Train More Carry More - PTF,in the author's lists,Progression / XP / perks,title list,PTF,krs_perks krs_qol,B search result,unknown (manifest not seen),likely: evidence names the same values,P2,"Study the rows and compare with krs_perks, krs_qol (PTF-shaped)",evidence names the same values,2025-02-14,tempbito,,,,Carry capacity scales with strength (x1.25 or x1.5) without changing the base carry weight; PTF. The suite's krs_qol carry value derives from it (permission requested)
1862,Faster Inury Regeneration - PTF,in the author's lists,Alchemy / food / survival,title list,PTF,krs_items,B search result,unknown (manifest not seen),possible: title-based,P2,Study the rows and compare with krs_items (PTF-shaped),title-based area match,2025-02-14,tempbito,,,,Injuries heal faster; PTF
1863,Dirty And Charismatic - PTF,in the author's lists,Progression / XP / perks,title list,PTF,krs_perks,C title,unknown (manifest not seen),possible: title-based,P2,Study the rows and compare with krs_perks (PTF-shaped),title-based area match,,,,,,
1864,Cheap Savior Schnapps - PTF,in the author's lists,Economy / merchants,title list,PTF,krs_items,B search result,unknown (manifest not seen),possible: title-based,P2,Study the rows and compare with krs_items (PTF-shaped),title-based area match,2025-02-15,tempbito,,,,Savior schnapps cheap and sold by every merchant; PTF
1914,Weightless Herbs,in the author's lists,Alchemy / food / survival,title list,,krs_items krs_qol,C title,unknown (manifest not seen),possible: title-based,P2,"Compare tables with krs_items, krs_qol before combining",title-based area match,,,,,,
1922,No Prefixes in Alchemy Book,in the author's lists,Alchemy / food / survival,title list,,krs_items,C title,unknown (manifest not seen),possible: title-based,P2,Compare tables with krs_items before combining,title-based area match,,,,,,
1926,Potion no Satiety and ADD Heal plus Energy,in the author's lists,Alchemy / food / survival,title list,,krs_items,C title,unknown (manifest not seen),possible: title-based,P2,Compare tables with krs_items before combining,title-based area match,,,,,,
1938,Herb Picking Radius 2x,workspace/installed only,Alchemy / food / survival,name keywords,,krs_items krs_qol,C title,unknown (manifest not seen),possible: title-based,P2,"Compare tables with krs_items, krs_qol before combining",title-based area match,,,,,,
1950,Skill Books Take Time 2x,workspace/installed only,Progression / XP / perks,name keywords,,krs_items krs_perks,C title,unknown (manifest not seen),possible: title-based,P2,"Compare tables with krs_items, krs_perks before combining",title-based area match,,,,,,
1951,Baths dont affect energy and nourishment,in the author's lists,Alchemy / food / survival,title list,,krs_items,C title,unknown (manifest not seen),possible: title-based,P2,Compare tables with krs_items before combining,title-based area match,,,,,,
1990,Veteran Hunting,in the author's lists,Alchemy / food / survival,title list,,krs_items krs_perks,B search result,unknown (manifest not seen),likely: evidence names the same values,P2,"Compare tables with krs_items, krs_perks before combining",evidence names the same values,2025-04-25,hoskope,,,,Hunting overhaul: gives the player a perk with a custom buff that makes animals skittish; changes animal soul hearing parameters
1991,BCAIC - Restore Hunting Spots - Patch,in the author's lists,Alchemy / food / survival,title list,,krs_items,C title,unknown (manifest not seen),possible: title-based,P2,Compare tables with krs_items before combining,title-based area match,,,,,,
1996,Alcohol Is Not Food Anymore,in the author's lists,Alchemy / food / survival,title list,,krs_items,C title,unknown (manifest not seen),possible: title-based,P2,Compare tables with krs_items before combining,title-based area match,,,,,,
2011,Chefs Kiss,in the author's lists,Alchemy / food / survival,title list,,krs_items,C title,unknown (manifest not seen),possible: title-based,P2,Compare tables with krs_items before combining,title-based area match,,,,,,
2021,Repair Kits - Balanced and Scaled PTF,in the author's lists,Weapons / armor / items,title list,PTF,krs_qol,B search result,unknown (manifest not seen),likely: evidence names the same values,P2,Study the rows and compare with krs_qol (PTF-shaped),evidence names the same values,2025-06-10,AlekseyRaukov,,,,"Rescales armourer, blacksmith, tailor and cobbler kit efficiency (small and large); normal and Hardcore modes. Same area as krs_qol repairs"
2035,Ordinance an Archery Overhaul,in the author's lists,Archery / arrows,title list,,krs_bow (planned),C title,unknown (manifest not seen),possible: title-based,P2,Compare tables with krs_bow (planned) before combining,title-based area match,,Diaz Dizazter,,,,
2040,Polymorphic Projectiles Arrow Overhaul,in the author's lists,Archery / arrows,title list,,krs_bow (planned),C title,states 1.9.8 (page summary),possible: title-based,P2,Compare tables with krs_bow (planned) before combining,title-based area match,,Diaz Dizazter,,,,
2049,Simple Ragdoll Physics,in the author's lists,Combat / AI,title list,,krs_perks,C title,unknown (manifest not seen),possible: title-based,P2,Compare tables with krs_perks before combining,title-based area match,,Diaz Dizazter,,,,
2066,Distant Smoke and Fire,in the author's lists,World / weather / visuals,title list,,,C title,unknown (manifest not seen),none expected,P2,Check on 1.9.8 whether the fix is still needed,check patch notes,,FogZZZ,,,,
2098,Medieval Poisons - spolszczenie,in the author's lists,Alchemy / food / survival,name keywords,,krs_items,B search result,unknown (manifest not seen),possible: title-based,P2,Compare tables with krs_items before combining,title-based area match,2025-11-17,,,,,Polish translation of Medieval Poisons (TyburnKetch)
2124,Half-looted Rebalance,in the author's lists,Progression / XP / perks,title list,,krs_perks,C title,states 1.9.8 (page summary),possible: title-based,P2,Compare tables with krs_perks before combining,title-based area match,,,,,,
2173,True Hardcore Maintenance (PTF),found while checking (outside the lists),Repair / durability,name keywords,,krs_qol,C title,unknown (manifest not seen),possible: title-based,P2,Study the rows and compare with krs_qol (PTF-shaped),title-based area match,,Nfrog2swamp1,,,,
2179,True Hardcore Combat (PTF),in the author's lists,Combat / AI,title list,PTF,krs_perks,C title,states 1.9.8 (page summary),possible: title-based,P2,Study the rows and compare with krs_perks (PTF-shaped),title-based area match,,Nfrog2swamp1,,,,
2188,True Hardcore Economy (PTF),in the author's lists,Combat / AI,title list,PTF,krs_perks,C title,unknown (manifest not seen),possible: title-based,P2,Study the rows and compare with krs_perks (PTF-shaped),title-based area match,,Nfrog2swamp1,,,,
2192,ENHANCED Toggle Aim Overhaul v2.0 KCD I,in the author's lists,Combat / AI,title list,,krs_bow (planned) krs_perks,C title,unknown (manifest not seen),possible: title-based,P2,"Compare tables with krs_bow (planned), krs_perks before combining",title-based area match,,DreamMora,,,,
2194,ENHANCED Easy FREE Combat Target Overhaul v3.0 KCD I,in the author's lists,Combat / AI,title list,,krs_perks,C title,unknown (manifest not seen),possible: title-based,P2,Compare tables with krs_perks before combining,title-based area match,,DreamMora,,,,
2207,Findable Herbs HD,in the author's lists,Alchemy / food / survival,title list,,krs_items krs_qol,C title,unknown (manifest not seen),possible: title-based,P2,"Compare tables with krs_items, krs_qol before combining",title-based area match,,,,,,
2208,Medieval Poisons - True Hardcore Compatibility Patch (PTF),in the author's lists,Combat / AI,title list,PTF,krs_items krs_perks,C title,states 1.9.8 (page summary),possible: title-based,P2,"Study the rows and compare with krs_items, krs_perks (PTF-shaped)",title-based area match,,Nfrog2swamp1,,,,
2209,Poisonous Enemies - True Hardcore Compatibility Patch (PTF),in the author's lists,Combat / AI,title list,PTF,krs_items krs_perks,C title,unknown (manifest not seen),possible: title-based,P2,"Study the rows and compare with krs_items, krs_perks (PTF-shaped)",title-based area match,,Nfrog2swamp1,,,,
2210,True Hardcore Alchemy (PTF),in the author's lists,Combat / AI,title list,PTF,krs_items krs_perks,C title,states 1.9.8 (page summary),possible: title-based,P2,"Study the rows and compare with krs_items, krs_perks (PTF-shaped)",title-based area match,,Nfrog2swamp1,,,,
2246,Console Editable RpgParams,in the author's lists,Progression / XP / perks,title list,,krs_perks,B search result,unknown (manifest not seen),likely: evidence names the same values,P2,Compare tables with krs_perks before combining,evidence names the same values,,,,,,"Makes rpg parameters editable from the console at any time; the search returned the KCD2 page, so the KCD1 page is unconfirmed"
2256,Better Combat and Immersion Compilation - Chinese,in the author's lists,Combat / AI,title list,,krs_perks,C title,unknown (manifest not seen),possible: title-based,P2,Compare tables with krs_perks before combining,title-based area match,,,,,,
2276,Instant Herb and faster Alchemy Merger,in the author's lists,Alchemy / food / survival,title list,,krs_items krs_qol,C title,unknown (manifest not seen),possible: title-based,P2,"Compare tables with krs_items, krs_qol before combining",title-based area match,,,,,,
2280,Remove Artemisia (Wormwood) Potion Visual Effect Overlay,in the author's lists,Alchemy / food / survival,title list,,krs_items,C title,unknown (manifest not seen),possible: title-based,P2,Compare tables with krs_items before combining,title-based area match,,,,,,
2294,Faster Combat - Directional Master Strikes - Better Group Fights,in the author's lists,Combat / AI,title list,,krs_bow (planned) krs_perks,B search result,unknown (manifest not seen),possible: title-based,P2,"Compare tables with krs_bow (planned), krs_perks before combining",title-based area match,,,,,,"Modular installer: attack speed profiles, directional master strikes, optional tackle and slow-motion removal, group-fight limits, optional bow reticle"
2299,1403 - Historical Rebalance,in the author's lists,Progression / XP / perks,title list,,krs_perks,C title,unknown (manifest not seen),possible: title-based,P2,Compare tables with krs_perks before combining,title-based area match,,,,,,
2318,Visual Combo Helper,in the author's lists,Combat / AI,title list,,krs_perks,C title,unknown (manifest not seen),possible: title-based,P2,Compare tables with krs_perks before combining,title-based area match,,,,,,
2323,Alchemy Stash Link,in the author's lists,Alchemy / food / survival,title list,,krs_items,C title,unknown (manifest not seen),possible: title-based,P2,Compare tables with krs_items before combining,title-based area match,,,,,,
2326,Permanent Death,in the author's lists,Progression / XP / perks,title list,,krs_perks,C title,unknown (manifest not seen),possible: title-based,P2,Compare tables with krs_perks before combining,title-based area match,,,,,,
2331,Bushes Collision Remover Redux,in the author's lists,World / weather / visuals,title list,,,C title,states 1.9.8 (page summary),none expected,P2,Check on 1.9.8 whether the fix is still needed,unconfirmed (current),,,,,,
2332,Baptism of Fire Fix Redux,in the author's lists,Quests / lore / content,title list,,,C title,unknown (manifest not seen),none expected,P2,Check on 1.9.8 whether the fix is still needed,candidate (check on 1.9.8),,,,,,
2340,MatthusTweaks - Equipment and Progression Overhaul (PTF),in the author's lists,Progression / XP / perks,title list,PTF,krs_perks,C title,unknown (manifest not seen),possible: title-based,P2,Study the rows and compare with krs_perks (PTF-shaped),title-based area match,,,,,,
2343,Ultimate Horse Caparison Fix,in the author's lists,Horses,title list,,,C title,unknown (manifest not seen),none expected,P2,Check on 1.9.8 whether the fix is still needed,candidate (check on 1.9.8),,,,,,
2348,KCD Zero Durability Repair,in the author's lists,Weapons / armor / items,title list,,krs_qol,C title,unknown (manifest not seen),possible: title-based,P2,Compare tables with krs_qol before combining,title-based area match,,,,,,
2359,KCD Kombat Tune,in the author's lists,Combat / AI,title list,,krs_perks,B search result,states Steam 1.9.7-404-504czj4 only (page summary),possible: title-based,P2,Compare tables with krs_perks before combining,title-based area match,2026-09-16,pineappleLemonade67,,,,Scales enemy block/riposte/dodge by comparing Warfare and agility of both sides; needs Ultimate ASI Loader (native plugin). The build string czj4 is the one of the 1.9.8 install
2372,Trough Washing Animation,in the author's lists,Alchemy / food / survival,title list,,krs_items,C title,unknown (manifest not seen),possible: title-based,P2,Compare tables with krs_items before combining,title-based area match,,,,,,
106,cheat,workspace/installed only,Tools / reference,name keywords,,,C title,unknown (manifest not seen),none expected,P3,"Optional companion: outside the PTF scope, check version support",Tools / reference,,,,,,
129,Equal Horse Caparisons,in the author's lists,Horses,title list,,,C title,unknown (manifest not seen),none expected,P3,Review: gameplay mod not mapped to a KRS module,Horses,,,,,,
266,All Referenced Strings,workspace/installed only,Tools / reference,name keywords,,,C title,unknown (manifest not seen),none expected,P3,"Optional companion: outside the PTF scope, check version support",Tools / reference,,,,,,
326,Knox's Labelled Items (XML),workspace/installed only,Tools / reference,name keywords,,,C title,unknown (manifest not seen),none expected,P3,"Optional companion: outside the PTF scope, check version support",Tools / reference,,,,,,
483,Dynamic Hoods and Scarfs up and down,workspace/installed only,Weapons / armor / items,name keywords,,,C title,unknown (manifest not seen),none expected,P3,Review: gameplay mod not mapped to a KRS module,Weapons / armor / items,,,,,,
491,Loot Info - Container is empty or I already opened it,in the author's lists,Crime / stealth / loot,title list,,,C title,unknown (manifest not seen),none expected,P3,Review: gameplay mod not mapped to a KRS module,Crime / stealth / loot,,,,,,
554,Parameters Plus,workspace/installed only,Tools / reference,name keywords,,,C title,unknown (manifest not seen),none expected,P3,"Optional companion: outside the PTF scope, check version support",Tools / reference,,,,,,
667,Naked Armor Fix,found while checking (outside the lists),Weapons / armor / items,name keywords,,,C title,unknown (manifest not seen),none expected,P3,Review: gameplay mod not mapped to a KRS module,Weapons / armor / items,,,,,,
708,Viking Set,in the author's lists,Weapons / armor / items,name keywords,,,C title,unknown (manifest not seen),none expected,P3,Review: gameplay mod not mapped to a KRS module,Weapons / armor / items,,,,,,
726,Early Bird NPC rescheduler,workspace/installed only,Quests / lore / content,name keywords,,,A archive,yes (no version restriction),none expected,P3,"Optional companion: outside the PTF scope, check version support",Quests / lore / content,,,,,,
754,Painted Lords of Leipa Hounskull,in the author's lists,Weapons / armor / items,name keywords,,,B search result,unknown (manifest not seen),none expected,P3,Review: gameplay mod not mapped to a KRS module,Weapons / armor / items,2019-06-07,Lars Radziwill,,,,Armor texture mod; legacy install: the .pak goes into Data and Data\_fastload
762,Queen of Sheba's sword,in the author's lists,Weapons / armor / items,name keywords,,,C title,unknown (manifest not seen),none expected,P3,Review: gameplay mod not mapped to a KRS module,Weapons / armor / items,,,,,,
771,Hoods Over Helmets Remove Kettle Helmets NPC,workspace/installed only,Quests / lore / content,name keywords,,,A archive,yes (no version restriction),none expected,P3,"Optional companion: outside the PTF scope, check version support",Quests / lore / content,,,,,,
791,All Hoods Up,workspace/installed only,Weapons / armor / items,name keywords,,,C title,unknown (manifest not seen),none expected,P3,Review: gameplay mod not mapped to a KRS module,Weapons / armor / items,,,,,,
795,Midnight Armor Set,in the author's lists,Weapons / armor / items,name keywords,,,C title,unknown (manifest not seen),none expected,P3,Review: gameplay mod not mapped to a KRS module,Weapons / armor / items,,,,,,
796,Miller Guild Items,in the author's lists,World / weather / visuals,name keywords,,,B search result,states 1.9 (page summary),none expected,P3,"Optional companion: outside the PTF scope, check version support",World / weather / visuals,,,,,,Stealth armor set with a unique buff per piece (Thick as Thieves quests); includes a horse item fix
797,Inventoried,in the author's lists,Maps / UI / HUD,name keywords,,,B search result,unknown (manifest not seen),none expected,P3,"Optional companion: outside the PTF scope, check version support",Maps / UI / HUD,2020-11-14,S I L E N C E R,,,,Renames and tags every item for sorting (User Interface); per-language text
808,Named NPCs,in the author's lists,Quests / lore / content,title list,,,C title,unknown (manifest not seen),none expected,P3,"Optional companion: outside the PTF scope, check version support",Quests / lore / content,,,,,,
827,All Maps From Kingdom Come Deliverance - Ultra High Resolution,new: Vivaldi tabs or screenshots only,Maps / UI / HUD,title list,,,C title,unknown (manifest not seen),none expected,P3,"Optional companion: outside the PTF scope, check version support",Maps / UI / HUD,,,,,,
829,Shop Proper,new: Vivaldi tabs or screenshots only,Economy / merchants,title list,,,C title,unknown (manifest not seen),none expected,P3,Review: gameplay mod not mapped to a KRS module,Economy / merchants,,,,,,
837,EasyEdit,workspace/installed only,Tools / reference,name keywords,,,C title,unknown (manifest not seen),none expected,P3,"Optional companion: outside the PTF scope, check version support",Tools / reference,,,,,,
840,Blood and Iron Encounter System,in the author's lists,Quests / lore / content,name keywords,,,C title,unknown (manifest not seen),none expected,P3,"Optional companion: outside the PTF scope, check version support",Quests / lore / content,,,,,,
864,Official Kingdom Come Deliverance Modding Tools,new: Vivaldi tabs or screenshots only,Tools / reference,title list,,,C title,unknown (manifest not seen),none expected,P3,"Optional companion: outside the PTF scope, check version support",Tools / reference,,,,,,
867,APEX Realistic Modding Guide tweaks and fixes,new: Vivaldi tabs or screenshots only,Tools / reference,title list,,,C title,unknown (manifest not seen),none expected,P3,"Optional companion: outside the PTF scope, check version support",Tools / reference,,,,,,
879,Original clouds KCD no mipmap,new: Vivaldi tabs or screenshots only,World / weather / visuals,title list,,,C title,unknown (manifest not seen),none expected,P3,"Optional companion: outside the PTF scope, check version support",World / weather / visuals,,,,,,
891,Hand-and-a-Half Sword,in the author's lists,Weapons / armor / items,name keywords,,,C title,unknown (manifest not seen),none expected,P3,Review: gameplay mod not mapped to a KRS module,Weapons / armor / items,,,,,,
892,Baselard Dagger,in the author's lists,Weapons / armor / items,name keywords,,,C title,unknown (manifest not seen),none expected,P3,Review: gameplay mod not mapped to a KRS module,Weapons / armor / items,,,,,,
905,Duke's Sword,in the author's lists,Weapons / armor / items,name keywords,,,C title,unknown (manifest not seen),none expected,P3,Review: gameplay mod not mapped to a KRS module,Weapons / armor / items,,,,,,
913,Joyeuse,in the author's lists,Weapons / armor / items,name keywords,,,C title,unknown (manifest not seen),none expected,P3,Review: gameplay mod not mapped to a KRS module,Weapons / armor / items,,,,,,
915,Early Type Ottoman Turkish Kilij,in the author's lists,Weapons / armor / items,name keywords,,,C title,unknown (manifest not seen),none expected,P3,Review: gameplay mod not mapped to a KRS module,Weapons / armor / items,,,,,,
922,Enhanced Hair Textures,new: Vivaldi tabs or screenshots only,World / weather / visuals,title list,,,C title,unknown (manifest not seen),none expected,P3,"Optional companion: outside the PTF scope, check version support",World / weather / visuals,,,,,,
930,Photorealistic Beauty,new: Vivaldi tabs or screenshots only,World / weather / visuals,title list,,,C title,unknown (manifest not seen),none expected,P3,"Optional companion: outside the PTF scope, check version support",World / weather / visuals,,,,,,
942,Danish longsword type XVIIIe - Devil's edition,in the author's lists,Weapons / armor / items,name keywords,,,C title,unknown (manifest not seen),none expected,P3,Review: gameplay mod not mapped to a KRS module,Weapons / armor / items,,,,,,
950,Henry's Castle at Pribyslavits,new: Vivaldi tabs or screenshots only,World / weather / visuals,title list,,,C title,unknown (manifest not seen),none expected,P3,"Optional companion: outside the PTF scope, check version support",World / weather / visuals,,,,,,
955,Treasure Maps Of Bohemia,in the author's lists,Quests / lore / content,title list,,,C title,unknown (manifest not seen),none expected,P3,"Optional companion: outside the PTF scope, check version support",Quests / lore / content,,,,,,
957,Dark Souls Death Screen,new: Vivaldi tabs or screenshots only,Maps / UI / HUD,title list,,,C title,unknown (manifest not seen),none expected,P3,"Optional companion: outside the PTF scope, check version support",Maps / UI / HUD,,,,,,
958,Architect,in the author's lists,Quests / lore / content,name keywords,,,B search result,unknown (manifest not seen),none expected,P3,"Optional companion: outside the PTF scope, check version support",Quests / lore / content,2025-12-07,,,,,Base building and crafting; the game must be started with dev mode enabled; no DLC required
966,15th to 16th Century style Ottoman sword,in the author's lists,Weapons / armor / items,name keywords,,,C title,unknown (manifest not seen),none expected,P3,Review: gameplay mod not mapped to a KRS module,Weapons / armor / items,,,,,,
969,Enhanced Eyes 1.1,workspace/installed only,World / weather / visuals,name keywords,,,C title,unknown (manifest not seen),none expected,P3,"Optional companion: outside the PTF scope, check version support",World / weather / visuals,,,,,,
972,Let Me Loot,new: Vivaldi tabs or screenshots only,Crime / stealth / loot,title list,,,C title,unknown (manifest not seen),none expected,P3,Review: gameplay mod not mapped to a KRS module,Crime / stealth / loot,,,,,,
977,Alms for Beggars,new: Vivaldi tabs or screenshots only,Economy / merchants,title list,,,C title,unknown (manifest not seen),none expected,P3,Review: gameplay mod not mapped to a KRS module,Economy / merchants,,,,,,
978,minimalistic HUD,new: Vivaldi tabs or screenshots only,Maps / UI / HUD,title list,,,C title,unknown (manifest not seen),none expected,P3,"Optional companion: outside the PTF scope, check version support",Maps / UI / HUD,,,,,,
1045,MORE BLOOD,new: Vivaldi tabs or screenshots only,World / weather / visuals,title list,,,C title,unknown (manifest not seen),none expected,P3,"Optional companion: outside the PTF scope, check version support",World / weather / visuals,,,,,,
1059,Icon ID Resource,new: Vivaldi tabs or screenshots only,Tools / reference,title list,,,C title,unknown (manifest not seen),none expected,P3,"Optional companion: outside the PTF scope, check version support",Tools / reference,,,,,,
1063,Paper UI,new: Vivaldi tabs or screenshots only,Maps / UI / HUD,title list,,,C title,unknown (manifest not seen),none expected,P3,"Optional companion: outside the PTF scope, check version support",Maps / UI / HUD,,,,,,
1088,Polearms Unleashed,in the author's lists,Weapons / armor / items,title list,,,C title,unknown (manifest not seen),none expected,P3,Review: gameplay mod not mapped to a KRS module,Weapons / armor / items,,,,,,
1089,op_swords_attack_plus_100_procent,workspace/installed only,Weapons / armor / items,name keywords,,,C title,unknown (manifest not seen),none expected,P3,Review: gameplay mod not mapped to a KRS module,Weapons / armor / items,,,,,,
1092,Pollax replacer (Axe and Hammer head interchangable),in the author's lists,Weapons / armor / items,title list,,,C title,unknown (manifest not seen),none expected,P3,Review: gameplay mod not mapped to a KRS module,Weapons / armor / items,,,,,,
1093,Fishing in Bohemia,in the author's lists,Quests / lore / content,name keywords,,,B search result,unknown (manifest not seen),none expected,P3,"Optional companion: outside the PTF scope, check version support",Quests / lore / content,,,,,,Only mentioned in a video of mods that still work; no page details seen
1105,Service Prices,in the author's lists,Economy / merchants,title list,,,C title,unknown (manifest not seen),none expected,P3,Review: gameplay mod not mapped to a KRS module,Economy / merchants,,,,,,
1107,Blood and Steel with NO FPS LOSS,new: Vivaldi tabs or screenshots only,World / weather / visuals,title list,,,C title,unknown (manifest not seen),none expected,P3,"Optional companion: outside the PTF scope, check version support",World / weather / visuals,,,,,,
1110,AI Standalone Library,in the author's lists,Tools / reference,title list,,,C title,unknown (manifest not seen),none expected,P3,"Optional companion: outside the PTF scope, check version support",Tools / reference,,,,,,
1114,Snow Mod,new: Vivaldi tabs or screenshots only,World / weather / visuals,title list,,,C title,unknown (manifest not seen),none expected,P3,"Optional companion: outside the PTF scope, check version support",World / weather / visuals,,,,,,
1131,(page reported removed),in the author's lists,(unclassified),no rule matched,,,B search result,unknown (manifest not seen),none expected,P3,Classify by hand (no title rule matched),name: (page reported removed),,,,,,A search summary says the page was removed by staff and names another title for the id; the author's label is silver armor; unreliable
1153,More historically accurate item stats,new: Vivaldi tabs or screenshots only,Weapons / armor / items,title list,,,C title,unknown (manifest not seen),none expected,P3,Review: gameplay mod not mapped to a KRS module,Weapons / armor / items,,,,,,
1182,high resolution Kingdome map with all important locations,new: Vivaldi tabs or screenshots only,Maps / UI / HUD,title list,,,C title,unknown (manifest not seen),none expected,P3,"Optional companion: outside the PTF scope, check version support",Maps / UI / HUD,,,,,,
1193,Weather Mod,new: Vivaldi tabs or screenshots only,World / weather / visuals,title list,,,C title,unknown (manifest not seen),none expected,P3,"Optional companion: outside the PTF scope, check version support",World / weather / visuals,,,,,,
1197,Proper Cyrillic Fonts,new: Vivaldi tabs or screenshots only,Maps / UI / HUD,title list,,,C title,unknown (manifest not seen),none expected,P3,"Optional companion: outside the PTF scope, check version support",Maps / UI / HUD,,,,,,
1203,Long Targaryen waffenrock,in the author's lists,Weapons / armor / items,name keywords,,,C title,unknown (manifest not seen),none expected,P3,Review: gameplay mod not mapped to a KRS module,Weapons / armor / items,,,,,,
1218,Lartigue's Upscale Project 2.0 - Upscaled UI and icons,in the author's lists,Maps / UI / HUD,title list,,,A archive,yes (no version restriction),none expected,P3,"Optional companion: outside the PTF scope, check version support",Maps / UI / HUD,,,,,,
1259,Easy Assassination,in the author's lists,Crime / stealth / loot,name keywords,,,B search result,unknown (manifest not seen),none expected,P3,Review: gameplay mod not mapped to a KRS module,Crime / stealth / loot,2021-08-13,Jung,,,,Easier knock-out and sneak kills
1281,4K Kingdom Come PNG Map with EVERYTHING,new: Vivaldi tabs or screenshots only,Maps / UI / HUD,title list,,,C title,unknown (manifest not seen),none expected,P3,"Optional companion: outside the PTF scope, check version support",Maps / UI / HUD,,,,,,
1296,Kingdom Come Enhanced Edition 2.0,found while checking (outside the lists),Quests / lore / content,name keywords,,,C title,unknown (manifest not seen),none expected,P3,"Optional companion: outside the PTF scope, check version support",Quests / lore / content,,,,,,
1308,Less Income Pribyslavitz,in the author's lists,Economy / merchants,title list,,,C title,unknown (manifest not seen),none expected,P3,Review: gameplay mod not mapped to a KRS module,Economy / merchants,,,,,,
1309,Less Encounters,in the author's lists,Quests / lore / content,title list,,,C title,unknown (manifest not seen),none expected,P3,"Optional companion: outside the PTF scope, check version support",Quests / lore / content,,,,,,
1311,Knightly Robard and Bernard,in the author's lists,Quests / lore / content,title list,,,C title,unknown (manifest not seen),none expected,P3,"Optional companion: outside the PTF scope, check version support",Quests / lore / content,,,,,,
1322,Mutt Be Quiet,new: Vivaldi tabs or screenshots only,Animations / audio,title list,,,C title,unknown (manifest not seen),none expected,P3,"Optional companion: outside the PTF scope, check version support",Animations / audio,,,,,,
1327,Weather Overhaul,in the author's lists,World / weather / visuals,title list,,,C title,unknown (manifest not seen),none expected,P3,"Optional companion: outside the PTF scope, check version support",World / weather / visuals,,,,,,
1330,Noble Sir Hans,in the author's lists,Quests / lore / content,title list,,,C title,unknown (manifest not seen),none expected,P3,"Optional companion: outside the PTF scope, check version support",Quests / lore / content,,,,,,
1332,Less Headbob,in the author's lists,Animations / audio,title list,,,C title,unknown (manifest not seen),none expected,P3,"Optional companion: outside the PTF scope, check version support",Animations / audio,,,,,,
1337,Helmet Vision,in the author's lists,Weapons / armor / items,title list,,,C title,unknown (manifest not seen),none expected,P3,Review: gameplay mod not mapped to a KRS module,Weapons / armor / items,,,,,,
1355,Better Crime Stealth Plus No Dogs,in the author's lists,Crime / stealth / loot,title list,,,C title,unknown (manifest not seen),none expected,P3,Review: gameplay mod not mapped to a KRS module,Crime / stealth / loot,,,,,,
1356,Fan Side Quest - Heritage,new: Vivaldi tabs or screenshots only,Maps / UI / HUD,title list,,,C title,unknown (manifest not seen),none expected,P3,"Optional companion: outside the PTF scope, check version support",Maps / UI / HUD,,,,,,
1373,Custom UI Loading progress,new: Vivaldi tabs or screenshots only,Maps / UI / HUD,title list,,,C title,unknown (manifest not seen),none expected,P3,"Optional companion: outside the PTF scope, check version support",Maps / UI / HUD,,,,,,
1374,Henry Malone,in the author's lists,Quests / lore / content,name keywords,,,C title,unknown (manifest not seen),none expected,P3,"Optional companion: outside the PTF scope, check version support",Quests / lore / content,,,,,,
1386,HoodsUpStandalone - PTF,workspace/installed only,Weapons / armor / items,name keywords,,,C title,unknown (manifest not seen),none expected,P3,Review: gameplay mod not mapped to a KRS module,Weapons / armor / items,,,,,,
1391,Better Equipped Runt,new: Vivaldi tabs or screenshots only,Quests / lore / content,title list,,,C title,unknown (manifest not seen),none expected,P3,"Optional companion: outside the PTF scope, check version support",Quests / lore / content,,,,,,
1410,Better Rain,new: Vivaldi tabs or screenshots only,World / weather / visuals,title list,,,C title,unknown (manifest not seen),none expected,P3,"Optional companion: outside the PTF scope, check version support",World / weather / visuals,,,,,,
1416,Toxic Green Armor - PTF Standalone,found while checking (outside the lists),Weapons / armor / items,name keywords,,,C title,unknown (manifest not seen),none expected,P3,Review: gameplay mod not mapped to a KRS module,Weapons / armor / items,,,,,,
1423,Hoods and Scarfs UP (PTF - Dynamic - with Correct Meshes),in the author's lists,Weapons / armor / items,title list,PTF,,C title,unknown (manifest not seen),none expected,P3,Review: gameplay mod not mapped to a KRS module,Weapons / armor / items,,,,,,
1425,Saving Soles (PTF),new: Vivaldi tabs or screenshots only,Weapons / armor / items,title list,PTF,,C title,unknown (manifest not seen),none expected,P3,Review: gameplay mod not mapped to a KRS module,Weapons / armor / items,,,,,,
1452,Storable Halberds,new: Vivaldi tabs or screenshots only,Weapons / armor / items,title list,,,C title,unknown (manifest not seen),none expected,P3,Review: gameplay mod not mapped to a KRS module,Weapons / armor / items,,,,,,
1460,Merchants Have x3 Money,in the author's lists,Economy / merchants,title list,,,C title,unknown (manifest not seen),none expected,P3,Review: gameplay mod not mapped to a KRS module,Economy / merchants,,,,,,
1479,Batch files for all items sorted and easy to read,new: Vivaldi tabs or screenshots only,Tools / reference,title list,,,C title,unknown (manifest not seen),none expected,P3,"Optional companion: outside the PTF scope, check version support",Tools / reference,,,,,,
1485,SOLID HELMET VISORS,workspace/installed only,Weapons / armor / items,name keywords,,,A archive,yes (no version restriction),none expected,P3,Review: gameplay mod not mapped to a KRS module,Weapons / armor / items,,,,,,
1501,Smaller Player Marker on Map,new: Vivaldi tabs or screenshots only,Maps / UI / HUD,title list,,,C title,unknown (manifest not seen),none expected,P3,"Optional companion: outside the PTF scope, check version support",Maps / UI / HUD,,,,,,
1510,Mount while encumbered,new: Vivaldi tabs or screenshots only,Horses,title list,,,C title,unknown (manifest not seen),none expected,P3,Review: gameplay mod not mapped to a KRS module,Horses,,,,,,
1535,Dandelion Baron,new: Vivaldi tabs or screenshots only,Quests / lore / content,title list,,,C title,unknown (manifest not seen),none expected,P3,"Optional companion: outside the PTF scope, check version support",Quests / lore / content,,,,,,
1548,Immersive Economy,new: Vivaldi tabs or screenshots only,Economy / merchants,title list,,,C title,unknown (manifest not seen),none expected,P3,Review: gameplay mod not mapped to a KRS module,Economy / merchants,,,,,,
1559,Karnages_Weapons_Damage_Balance 2.0,new: Vivaldi tabs or screenshots only,Weapons / armor / items,title list,,,C title,unknown (manifest not seen),none expected,P3,Review: gameplay mod not mapped to a KRS module,Weapons / armor / items,,,,,,
1562,Karnages_Polearm_Rebalance 2.0,new: Vivaldi tabs or screenshots only,Weapons / armor / items,title list,,,C title,unknown (manifest not seen),none expected,P3,Review: gameplay mod not mapped to a KRS module,Weapons / armor / items,,,,,,
1563,Karnages_Polearm_Restoration 2.0,new: Vivaldi tabs or screenshots only,Weapons / armor / items,title list,,,C title,unknown (manifest not seen),none expected,P3,Review: gameplay mod not mapped to a KRS module,Weapons / armor / items,,,,,,
1566,Karnages_Lost_Weapons_Pack_Redux 2.0,in the author's lists,Weapons / armor / items,title list,,,C title,unknown (manifest not seen),none expected,P3,Review: gameplay mod not mapped to a KRS module,Weapons / armor / items,,,,,,
1568,Karnages_Shop_Prices,new: Vivaldi tabs or screenshots only,Economy / merchants,title list,,,C title,unknown (manifest not seen),none expected,P3,Review: gameplay mod not mapped to a KRS module,Economy / merchants,,,,,,
1569,Karnages_Shield_Restoration,new: Vivaldi tabs or screenshots only,Weapons / armor / items,title list,,,C title,unknown (manifest not seen),none expected,P3,Review: gameplay mod not mapped to a KRS module,Weapons / armor / items,,,,,,
1570,Karnages_Inventory_Recolour,new: Vivaldi tabs or screenshots only,Maps / UI / HUD,title list,,,C title,unknown (manifest not seen),none expected,P3,"Optional companion: outside the PTF scope, check version support",Maps / UI / HUD,,,,,,
1577,Invisible hands FIX (UPDATE),in the author's lists,Fix bundle,name keywords,,,C title,unknown (manifest not seen),none expected,P3,Review: gameplay mod not mapped to a KRS module,Fix bundle,,Spuchel,,,,
1594,Having trouble with old mods (Question Mark),new: Vivaldi tabs or screenshots only,Tools / reference,title list,,,C title,unknown (manifest not seen),none expected,P3,"Optional companion: outside the PTF scope, check version support",Tools / reference,,,,,,
1605,Formidable Runt,new: Vivaldi tabs or screenshots only,Quests / lore / content,title list,,,A archive,yes (no version restriction),none expected,P3,"Optional companion: outside the PTF scope, check version support",Quests / lore / content,,,,,,
1618,Time-HD-updated v1.2.zip,workspace/installed only,World / weather / visuals,name keywords,,,A archive,yes (no version restriction),none expected,P3,"Optional companion: outside the PTF scope, check version support",World / weather / visuals,,,,,,
1636,More Sensible Weapons and Armor,in the author's lists,Weapons / armor / items,title list,,,C title,unknown (manifest not seen),none expected,P3,Review: gameplay mod not mapped to a KRS module,Weapons / armor / items,,,,,,
1654,Boots with Common Plate Chausses,new: Vivaldi tabs or screenshots only,Weapons / armor / items,title list,,,C title,unknown (manifest not seen),none expected,P3,Review: gameplay mod not mapped to a KRS module,Weapons / armor / items,,,,,,
1667,Surface Type Rework,new: Vivaldi tabs or screenshots only,World / weather / visuals,title list,,,C title,unknown (manifest not seen),none expected,P3,"Optional companion: outside the PTF scope, check version support",World / weather / visuals,,,,,,
1683,Roads Are Dangerous - Redux,new: Vivaldi tabs or screenshots only,Quests / lore / content,title list,,,C title,unknown (manifest not seen),none expected,P3,"Optional companion: outside the PTF scope, check version support",Quests / lore / content,,,,,,
1689,Playable Daggers,new: Vivaldi tabs or screenshots only,Weapons / armor / items,title list,,,C title,unknown (manifest not seen),none expected,P3,Review: gameplay mod not mapped to a KRS module,Weapons / armor / items,,,,,,
1719,Quests Checklist,in the author's lists,Maps / UI / HUD,title list,,,C title,unknown (manifest not seen),none expected,P3,"Optional companion: outside the PTF scope, check version support",Maps / UI / HUD,,,,,,
1723,Intimidation Stat In Inventory,in the author's lists,Maps / UI / HUD,title list,,,A archive,yes (no version restriction),none expected,P3,"Optional companion: outside the PTF scope, check version support",Maps / UI / HUD,,,,,,
1732,Torch Radius,in the author's lists,World / weather / visuals,title list,,,C title,unknown (manifest not seen),none expected,P3,"Optional companion: outside the PTF scope, check version support",World / weather / visuals,,,,,,
1779,Semi Sorted soul XML,in the author's lists,Tools / reference,title list,,,C title,unknown (manifest not seen),none expected,P3,"Optional companion: outside the PTF scope, check version support",Tools / reference,,,,,,
1780,Timed Quest Indicator,in the author's lists,Maps / UI / HUD,title list,,,C title,unknown (manifest not seen),none expected,P3,"Optional companion: outside the PTF scope, check version support",Maps / UI / HUD,,TyburnKetch,,,,
1797,Nighttime Nighthawk,new: Vivaldi tabs or screenshots only,World / weather / visuals,title list,,,C title,unknown (manifest not seen),none expected,P3,"Optional companion: outside the PTF scope, check version support",World / weather / visuals,,,,,,
1829,Mod Order Tool 1.2,new: Vivaldi tabs or screenshots only,Tools / reference,title list,,,C title,unknown (manifest not seen),none expected,P3,"Optional companion: outside the PTF scope, check version support",Tools / reference,,,,,,
1839,Realistic Horses,workspace/installed only,Horses,name keywords,,,C title,unknown (manifest not seen),none expected,P3,Review: gameplay mod not mapped to a KRS module,Horses,,,,,,
1853,Richer Merchants (PTF),found while checking (outside the lists),Economy / merchants,name keywords,,,C title,unknown (manifest not seen),none expected,P3,Review: gameplay mod not mapped to a KRS module,Economy / merchants,,,,,,
1861,Sell Damaged Items At Full Price - PTF,in the author's lists,Economy / merchants,title list,PTF,,B search result,unknown (manifest not seen),none expected,P3,Review: gameplay mod not mapped to a KRS module,Economy / merchants,2025-02-14,tempbito,,,,Damaged items sell at full price; PTF
1870,Fair Trade - PTF,in the author's lists,Economy / merchants,title list,PTF,,B search result,unknown (manifest not seen),none expected,P3,Review: gameplay mod not mapped to a KRS module,Economy / merchants,2025-03-18,tempbito,,,,Items sell at the price they are bought at (base selling price); PTF
1873,Daily Restock And Rich Merchants - PTF,in the author's lists,Economy / merchants,title list,PTF,,C title,unknown (manifest not seen),none expected,P3,Review: gameplay mod not mapped to a KRS module,Economy / merchants,,tempbito,,,,
1882,Devil's Scowl Sheild Fix,found while checking (outside the lists),Fix bundle,name keywords,,,C title,unknown (manifest not seen),none expected,P3,Review: gameplay mod not mapped to a KRS module,Fix bundle,,,,,,
1883,Better Pickpocket - FIXED,in the author's lists,Crime / stealth / loot,title list,,,C title,unknown (manifest not seen),none expected,P3,Review: gameplay mod not mapped to a KRS module,Crime / stealth / loot,,,,,,
1893,Bianca's Ring PTF,in the author's lists,Weapons / armor / items,title list,PTF,,C title,unknown (manifest not seen),none expected,P3,Review: gameplay mod not mapped to a KRS module,Weapons / armor / items,,,,,,
1904,Better Map Icons,in the author's lists,Maps / UI / HUD,name keywords,,,B search result,unknown (manifest not seen),none expected,P3,"Optional companion: outside the PTF scope, check version support",Maps / UI / HUD,2025-03-01,,,,,Resizes map icons; copy a folder into Mods
1907,Visorless Helmets,new: Vivaldi tabs or screenshots only,Weapons / armor / items,title list,,,C title,unknown (manifest not seen),none expected,P3,Review: gameplay mod not mapped to a KRS module,Weapons / armor / items,,,,,,
1909,Helmet-Off Dialog (Beta),in the author's lists,Weapons / armor / items,title list,,,C title,unknown (manifest not seen),none expected,P3,Review: gameplay mod not mapped to a KRS module,Weapons / armor / items,,,,,,
1918,KCD1 Reborn - Verdant Vegetation,in the author's lists,World / weather / visuals,title list,,,C title,unknown (manifest not seen),none expected,P3,"Optional companion: outside the PTF scope, check version support",World / weather / visuals,,,,,,
1927,KCD1 Reborn-Terrain and Structures,in the author's lists,World / weather / visuals,title list,,,C title,unknown (manifest not seen),none expected,P3,"Optional companion: outside the PTF scope, check version support",World / weather / visuals,,,,,,
1944,Lore Of Die,in the author's lists,Quests / lore / content,title list,,,C title,unknown (manifest not seen),none expected,P3,"Optional companion: outside the PTF scope, check version support",Quests / lore / content,,,,,,
1956,Auto Hide HUD REBORN,in the author's lists,Maps / UI / HUD,title list,,,C title,unknown (manifest not seen),none expected,P3,"Optional companion: outside the PTF scope, check version support",Maps / UI / HUD,,,,,,
1958,Selected Immersion Breaking Music Mute,in the author's lists,Animations / audio,title list,,,C title,unknown (manifest not seen),none expected,P3,"Optional companion: outside the PTF scope, check version support",Animations / audio,,,,,,
1961,Unconscious Crime UI,in the author's lists,Crime / stealth / loot,title list,,,C title,unknown (manifest not seen),none expected,P3,Review: gameplay mod not mapped to a KRS module,Crime / stealth / loot,,,,,,
1964,KCD1 Reborn - Enhanced Faces and Skin,new: Vivaldi tabs or screenshots only,World / weather / visuals,title list,,,C title,unknown (manifest not seen),none expected,P3,"Optional companion: outside the PTF scope, check version support",World / weather / visuals,,,,,,
1980,Medieval Loading Screens,in the author's lists,Maps / UI / HUD,title list,,,C title,unknown (manifest not seen),none expected,P3,"Optional companion: outside the PTF scope, check version support",Maps / UI / HUD,,,,,,
1981,Lesser Income Pribyslavitz - Supplies Cost Patch,in the author's lists,Economy / merchants,title list,,,C title,unknown (manifest not seen),none expected,P3,Review: gameplay mod not mapped to a KRS module,Economy / merchants,,,,,,
1982,Stormy Skies,new: Vivaldi tabs or screenshots only,World / weather / visuals,title list,,,C title,unknown (manifest not seen),none expected,P3,"Optional companion: outside the PTF scope, check version support",World / weather / visuals,,,,,,
1984,Sharpening Overhaul,in the author's lists,Weapons / armor / items,title list,,,C title,unknown (manifest not seen),none expected,P3,Review: gameplay mod not mapped to a KRS module,Weapons / armor / items,,,,,,
2005,Snarky Loading Screens PTF Edition,in the author's lists,Maps / UI / HUD,title list,PTF,,C title,unknown (manifest not seen),none expected,P3,"Optional companion: outside the PTF scope, check version support",Maps / UI / HUD,,,,,,
2008,Perfection,in the author's lists,Other,title list,,,C title,unknown (manifest not seen),none expected,P3,Review: gameplay mod not mapped to a KRS module,Other,,,,,,
2012,Jubilant Pig Meter,in the author's lists,Other,title list,,,C title,unknown (manifest not seen),none expected,P3,Review: gameplay mod not mapped to a KRS module,Other,,,,,,
2022,Restored Sabres PTF,in the author's lists,Weapons / armor / items,title list,PTF,,C title,unknown (manifest not seen),none expected,P3,Review: gameplay mod not mapped to a KRS module,Weapons / armor / items,,,,,,
2030,Clean and Minimal HUD and Map,in the author's lists,Maps / UI / HUD,title list,,,C title,unknown (manifest not seen),none expected,P3,"Optional companion: outside the PTF scope, check version support",Maps / UI / HUD,,,,,,
2045,Polearms Unleashed Rebalanced Lite Edition PTF,in the author's lists,Weapons / armor / items,title list,PTF,,C title,unknown (manifest not seen),none expected,P3,Review: gameplay mod not mapped to a KRS module,Weapons / armor / items,,,,,,
2046,Arsenal - A Weapons Overhaul - DDDB,in the author's lists,Weapons / armor / items,title list,,,C title,unknown (manifest not seen),none expected,P3,Review: gameplay mod not mapped to a KRS module,Weapons / armor / items,,Diaz Dizazter,,,,
2061,Meticulously Edited Shops and Services,in the author's lists,Economy / merchants,name keywords,,,B search result,unknown (manifest not seen),none expected,P3,Review: gameplay mod not mapped to a KRS module,Economy / merchants,2026-02-16,PolarDash,,,,"Edits shop_type2item.xml and soul.xml (randomized vendor stock, hours, gold); requires all DLC; conflicts with mods that change soul.xml or shops (Early Bird patches soul)"
2068,SPOA Silver Knight Armor for Kingdom Come Deliverance,in the author's lists,Weapons / armor / items,title list,,,C title,unknown (manifest not seen),none expected,P3,Review: gameplay mod not mapped to a KRS module,Weapons / armor / items,,,,,,
2079,Thin The Herd - Realistic Animal Drops - Reasonable Quests - PTF,in the author's lists,Quests / lore / content,name keywords,,,B search result,states 1.9.6 (page summary),none expected,P3,"Optional companion: outside the PTF scope, check version support",Quests / lore / content,2025-09-28,,,,,Rebalances animal loot drops and quest requirements; PTF
2081,No More Wreath - Lords of Leipa Helmet Wreath Removal and Hounskull Replacer,in the author's lists,Weapons / armor / items,title list,,,C title,unknown (manifest not seen),none expected,P3,Review: gameplay mod not mapped to a KRS module,Weapons / armor / items,,,,,,
2084,Mount Horse - Torch Toggle Keys,in the author's lists,Horses,name keywords,,,B search result,unknown (manifest not seen),none expected,P3,Review: gameplay mod not mapped to a KRS module,Horses,2025-09-25,Sabura31,,,,Key binding for torch and mounting
2100,,in the author's lists,(unclassified),no rule matched,,,D id only,unknown (manifest not seen),none expected,P3,Classify by hand (no title rule matched),name: ,,,,,,
2103,Pickpocket menu from KCD2,in the author's lists,Crime / stealth / loot,title list,,,C title,unknown (manifest not seen),none expected,P3,Review: gameplay mod not mapped to a KRS module,Crime / stealth / loot,,MayDayU1A,,,,
2108,New KCD HUD 2.0,in the author's lists,Maps / UI / HUD,title list,,,C title,unknown (manifest not seen),none expected,P3,"Optional companion: outside the PTF scope, check version support",Maps / UI / HUD,,MayDayU1A,,,,
2119,KCD Mod Manager,new: Vivaldi tabs or screenshots only,Tools / reference,title list,,,C title,unknown (manifest not seen),none expected,P3,"Optional companion: outside the PTF scope, check version support",Tools / reference,,,,,,
2132,,in the author's lists,(unclassified),no rule matched,,,D id only,unknown (manifest not seen),none expected,P3,Classify by hand (no title rule matched),name: ,,,,,,
2147,KCD 2.0,in the author's lists,Maps / UI / HUD,title list,,,C title,unknown (manifest not seen),none expected,P3,"Optional companion: outside the PTF scope, check version support",Maps / UI / HUD,,MayDayU1A,,,,
2156,Skalitz Mine Map,in the author's lists,Maps / UI / HUD,title list,,,C title,unknown (manifest not seen),none expected,P3,"Optional companion: outside the PTF scope, check version support",Maps / UI / HUD,,,,,,
2158,Finders Keepers,in the author's lists,Crime / stealth / loot,title list,,,C title,unknown (manifest not seen),none expected,P3,Review: gameplay mod not mapped to a KRS module,Crime / stealth / loot,,,,,,
2165,Merchants Richer,found while checking (outside the lists),Economy / merchants,name keywords,,,C title,unknown (manifest not seen),none expected,P3,Review: gameplay mod not mapped to a KRS module,Economy / merchants,,,,,,
2171,No Stolen Items (PTF),in the author's lists,Crime / stealth / loot,title list,PTF,,C title,unknown (manifest not seen),none expected,P3,Review: gameplay mod not mapped to a KRS module,Crime / stealth / loot,,,,,,
2174,Horse Body Armor (Barding),in the author's lists,Horses,title list,,,C title,unknown (manifest not seen),none expected,P3,Review: gameplay mod not mapped to a KRS module,Horses,,,,,,
2190,ENHANCED Bohemian Redux and FX Overhaul,in the author's lists,World / weather / visuals,title list,,,C title,unknown (manifest not seen),none expected,P3,"Optional companion: outside the PTF scope, check version support",World / weather / visuals,,DreamMora,,,,
2191,Realistic Footprints v2.0 KCD I,in the author's lists,World / weather / visuals,title list,,,C title,unknown (manifest not seen),none expected,P3,"Optional companion: outside the PTF scope, check version support",World / weather / visuals,,DreamMora,,,,
2199,DualSense Buttons,in the author's lists,Maps / UI / HUD,title list,,,C title,unknown (manifest not seen),none expected,P3,"Optional companion: outside the PTF scope, check version support",Maps / UI / HUD,,DreamMora,,,,
2202,Animals Looted Statistic Tracker - Separate from Corpses Looted,in the author's lists,Crime / stealth / loot,title list,,,C title,unknown (manifest not seen),none expected,P3,Review: gameplay mod not mapped to a KRS module,Crime / stealth / loot,,,,,,
2203,Categorized Sorted Inventory,in the author's lists,Maps / UI / HUD,title list,,,C title,unknown (manifest not seen),none expected,P3,"Optional companion: outside the PTF scope, check version support",Maps / UI / HUD,,,,,,
2204,A Real Sorted Inventory (ARSI),in the author's lists,Maps / UI / HUD,title list,,,C title,unknown (manifest not seen),none expected,P3,"Optional companion: outside the PTF scope, check version support",Maps / UI / HUD,,,,,,
2206,Rivers of Blood KCD I HD v2.0,in the author's lists,World / weather / visuals,title list,,,C title,unknown (manifest not seen),none expected,P3,"Optional companion: outside the PTF scope, check version support",World / weather / visuals,,DreamMora,,,,
2216,KCD Mod Organizer Plugin (Steam - GOG - Epic),in the author's lists,Tools / reference,title list,,,C title,unknown (manifest not seen),none expected,P3,"Optional companion: outside the PTF scope, check version support",Tools / reference,,,,,,
2218,Clean Gear - No Visual Dirt - Clean Armor Override (KCD1),in the author's lists,World / weather / visuals,title list,,,C title,unknown (manifest not seen),none expected,P3,"Optional companion: outside the PTF scope, check version support",World / weather / visuals,,,,,,
2219,True Hardcore Crime (PTF),found while checking (outside the lists),Crime / stealth / loot,name keywords,,,C title,states 1.9.8 (page summary),none expected,P3,Review: gameplay mod not mapped to a KRS module,Crime / stealth / loot,,Nfrog2swamp1,,,,
2223,Stop Looking Up On Horseback,in the author's lists,Horses,title list,,,C title,unknown (manifest not seen),none expected,P3,Review: gameplay mod not mapped to a KRS module,Horses,,,,,,
2224,More Realistic Horse Handling,in the author's lists,Horses,title list,,,C title,unknown (manifest not seen),none expected,P3,Review: gameplay mod not mapped to a KRS module,Horses,,,,,,
2244,Kingdom Come Script Extender,in the author's lists,Tools / reference,title list,,,C title,states 1.9.8 (page summary),none expected,P3,"Optional companion: outside the PTF scope, check version support",Tools / reference,,JerryYOJ,,,,
2255,Fast Travel Tweaks,in the author's lists,Maps / UI / HUD,title list,,,C title,unknown (manifest not seen),none expected,P3,"Optional companion: outside the PTF scope, check version support",Maps / UI / HUD,,JerryYOJ,,,,
2261,Proper Third Person View (TPV Camera),in the author's lists,Maps / UI / HUD,title list,,,C title,unknown (manifest not seen),none expected,P3,"Optional companion: outside the PTF scope, check version support",Maps / UI / HUD,,,,,,
2270,Horse Control Tweaks,in the author's lists,Horses,title list,,,C title,unknown (manifest not seen),none expected,P3,Review: gameplay mod not mapped to a KRS module,Horses,,,,,,
2271,No Horse Manes,in the author's lists,Horses,title list,,,C title,unknown (manifest not seen),none expected,P3,Review: gameplay mod not mapped to a KRS module,Horses,,,,,,
2273,Address Library For KCSE,found while checking (outside the lists),Tools / reference,name keywords,,,C title,states 1.9.8 (page summary),none expected,P3,"Optional companion: outside the PTF scope, check version support",Tools / reference,,JerryYOJ,,,,
2277,Toggle Hud - KCSE,in the author's lists,Tools / reference,title list,,,C title,unknown (manifest not seen),none expected,P3,"Optional companion: outside the PTF scope, check version support",Tools / reference,,,,,,
2279,Immersive Economy FIXED,in the author's lists,Economy / merchants,title list,,,C title,unknown (manifest not seen),none expected,P3,Review: gameplay mod not mapped to a KRS module,Economy / merchants,,,,,,
2288,Light Armour Vambraces,in the author's lists,Weapons / armor / items,title list,,,C title,unknown (manifest not seen),none expected,P3,Review: gameplay mod not mapped to a KRS module,Weapons / armor / items,,,,,,
2293,Bigger Hud (KCD1),in the author's lists,Maps / UI / HUD,title list,,,C title,unknown (manifest not seen),none expected,P3,"Optional companion: outside the PTF scope, check version support",Maps / UI / HUD,,,,,,
2297,,in the author's lists,(unclassified),no rule matched,,,D id only,unknown (manifest not seen),none expected,P3,Classify by hand (no title rule matched),name: ,,,,,,
2313,Reshield From Torch,in the author's lists,Weapons / armor / items,title list,,,C title,unknown (manifest not seen),none expected,P3,Review: gameplay mod not mapped to a KRS module,Weapons / armor / items,,,,,,
2316,Loot Info - Japanese,new: Vivaldi tabs or screenshots only,Crime / stealth / loot,title list,,,C title,unknown (manifest not seen),none expected,P3,Review: gameplay mod not mapped to a KRS module,Crime / stealth / loot,,,,,,
2317,Enemy Health Bar,in the author's lists,Maps / UI / HUD,title list,,,C title,unknown (manifest not seen),none expected,P3,"Optional companion: outside the PTF scope, check version support",Maps / UI / HUD,,,,,,
2330,,in the author's lists,(unclassified),no rule matched,,,D id only,unknown (manifest not seen),none expected,P3,Classify by hand (no title rule matched),name: ,,,,,,
2333,Homecoming - Runt Fight Redux,in the author's lists,Quests / lore / content,title list,,,C title,unknown (manifest not seen),none expected,P3,"Optional companion: outside the PTF scope, check version support",Quests / lore / content,,,,,,
2338,Horse Collision Mod,in the author's lists,Horses,name keywords,,,B search result,unknown (manifest not seen),none expected,P3,Review: gameplay mod not mapped to a KRS module,Horses,,,,,,Horse collision reactions by speed; no vanilla file replaced
2345,,in the author's lists,(unclassified),no rule matched,,,D id only,unknown (manifest not seen),none expected,P3,Classify by hand (no title rule matched),name: ,,,,,,
2349,KCD1 Map Cursor Contrast - Visible Ring and X,in the author's lists,Maps / UI / HUD,title list,,,C title,unknown (manifest not seen),none expected,P3,"Optional companion: outside the PTF scope, check version support",Maps / UI / HUD,,,,,,
2351,Keyboard Controls,in the author's lists,Maps / UI / HUD,title list,,,C title,unknown (manifest not seen),none expected,P3,"Optional companion: outside the PTF scope, check version support",Maps / UI / HUD,,,,,,
2362,,in the author's lists,(unclassified),no rule matched,,,D id only,unknown (manifest not seen),none expected,P3,Classify by hand (no title rule matched),name: ,,,,,,
2365,,in the author's lists,(unclassified),no rule matched,,,D id only,unknown (manifest not seen),none expected,P3,Classify by hand (no title rule matched),name: ,,,,,,
2366,Faster Book Flipping,in the author's lists,Maps / UI / HUD,title list,,,C title,unknown (manifest not seen),none expected,P3,"Optional companion: outside the PTF scope, check version support",Maps / UI / HUD,,,,,,
2367,Pray Animation KCD1,in the author's lists,Quests / lore / content,title list,,,C title,unknown (manifest not seen),none expected,P3,"Optional companion: outside the PTF scope, check version support",Quests / lore / content,,,,,,
2369,Fewer Tournaments,in the author's lists,Crime / stealth / loot,title list,,,C title,unknown (manifest not seen),none expected,P3,Review: gameplay mod not mapped to a KRS module,Crime / stealth / loot,,,,,,
2371,Circator Weapon Check Disabled,in the author's lists,Crime / stealth / loot,title list,,,C title,unknown (manifest not seen),none expected,P3,Review: gameplay mod not mapped to a KRS module,Crime / stealth / loot,,,,,,
2374,A Real Sorted Inventory - Ukrainian,new: Vivaldi tabs or screenshots only,Maps / UI / HUD,title list,,,C title,unknown (manifest not seen),none expected,P3,"Optional companion: outside the PTF scope, check version support",Maps / UI / HUD,,,,,,
2375,A Bohemian Novel - The Veteran of Nicopolis,new: Vivaldi tabs or screenshots only,Quests / lore / content,title list,,,C title,unknown (manifest not seen),none expected,P3,"Optional companion: outside the PTF scope, check version support",Quests / lore / content,,,,,,
2381,Nest of Vipers Stealth,in the author's lists,Crime / stealth / loot,title list,,,C title,unknown (manifest not seen),none expected,P3,Review: gameplay mod not mapped to a KRS module,Crime / stealth / loot,,,,,,
2384,KCD HI-Res Maps,in the author's lists,Maps / UI / HUD,title list,,,C title,unknown (manifest not seen),none expected,P3,"Optional companion: outside the PTF scope, check version support",Maps / UI / HUD,,,,,,
800,Volumetric Fog Shadows,new: Vivaldi tabs or screenshots only,Graphics config (cfg),title list,,,A archive,yes (wildcard),none expected,P4,Optional visual: no table overlap expected,Graphics config (cfg),,,,,,
844,Yet Another (Realistic) Reshade,new: Vivaldi tabs or screenshots only,Reshade / ENB / visual preset,title list,,,C title,unknown (manifest not seen),none expected,P4,Optional visual: no table overlap expected,Reshade / ENB / visual preset,,,,,,
975,Super Natural Reshade,new: Vivaldi tabs or screenshots only,Reshade / ENB / visual preset,title list,,,C title,unknown (manifest not seen),none expected,P4,Optional visual: no table overlap expected,Reshade / ENB / visual preset,,,,,,
994,Depth ReShade,new: Vivaldi tabs or screenshots only,Reshade / ENB / visual preset,title list,,,C title,unknown (manifest not seen),none expected,P4,Optional visual: no table overlap expected,Reshade / ENB / visual preset,,,,,,
1046,Rudy ENB for KCD,new: Vivaldi tabs or screenshots only,Reshade / ENB / visual preset,title list,,,C title,unknown (manifest not seen),none expected,P4,Optional visual: no table overlap expected,Reshade / ENB / visual preset,,,,,,
1074,Realism Enlighted ReShade - lore-friendly realistic Visual Enhancing and Sharpening - big quality boost on lower resolutions,new: Vivaldi tabs or screenshots only,Reshade / ENB / visual preset,title list,,,C title,unknown (manifest not seen),none expected,P4,Optional visual: no table overlap expected,Reshade / ENB / visual preset,,,,,,
1080,ReformationFX Reshade,new: Vivaldi tabs or screenshots only,Reshade / ENB / visual preset,title list,,,C title,unknown (manifest not seen),none expected,P4,Optional visual: no table overlap expected,Reshade / ENB / visual preset,,,,,,
1196,Better graphics reshade,new: Vivaldi tabs or screenshots only,Reshade / ENB / visual preset,title list,,,C title,unknown (manifest not seen),none expected,P4,Optional visual: no table overlap expected,Reshade / ENB / visual preset,,,,,,
1227,30 FPS Cutscene Fix V3,new: Vivaldi tabs or screenshots only,Graphics config (cfg),title list,,,A archive,yes (no version restriction),none expected,P4,Optional visual: no table overlap expected,Graphics config (cfg),,,,,,
1256,Horus 2.0 KCD Reshade Preset,new: Vivaldi tabs or screenshots only,Reshade / ENB / visual preset,title list,,,C title,unknown (manifest not seen),none expected,P4,Optional visual: no table overlap expected,Reshade / ENB / visual preset,,,,,,
1258,vShade for GShade Realistic Graphic Preset,new: Vivaldi tabs or screenshots only,Reshade / ENB / visual preset,title list,,,C title,unknown (manifest not seen),none expected,P4,Optional visual: no table overlap expected,Reshade / ENB / visual preset,,,,,,
1283,KINGDOM CINEMATIC ReShade,new: Vivaldi tabs or screenshots only,Reshade / ENB / visual preset,title list,,,C title,unknown (manifest not seen),none expected,P4,Optional visual: no table overlap expected,Reshade / ENB / visual preset,,,,,,
1291,Eye Candy Reshade,new: Vivaldi tabs or screenshots only,Reshade / ENB / visual preset,title list,,,C title,unknown (manifest not seen),none expected,P4,Optional visual: no table overlap expected,Reshade / ENB / visual preset,,,,,,
1314,Ultimate Ray Tracing KCD Reshade Preset,new: Vivaldi tabs or screenshots only,Reshade / ENB / visual preset,title list,,,C title,unknown (manifest not seen),none expected,P4,Optional visual: no table overlap expected,Reshade / ENB / visual preset,,,,,,
1342,Adjusted Ultra Graphics Config,new: Vivaldi tabs or screenshots only,Graphics config (cfg),title list,,,C title,unknown (manifest not seen),none expected,P4,Optional visual: no table overlap expected,Graphics config (cfg),,,,,,
1349,Natural Reshade,new: Vivaldi tabs or screenshots only,Reshade / ENB / visual preset,title list,,,C title,unknown (manifest not seen),none expected,P4,Optional visual: no table overlap expected,Reshade / ENB / visual preset,,,,,,
1367,Apostalus User Configs,new: Vivaldi tabs or screenshots only,Graphics config (cfg),title list,,,C title,unknown (manifest not seen),none expected,P4,Optional visual: no table overlap expected,Graphics config (cfg),,,,,,
1394,KDC ReShader,new: Vivaldi tabs or screenshots only,Reshade / ENB / visual preset,title list,,,C title,unknown (manifest not seen),none expected,P4,Optional visual: no table overlap expected,Reshade / ENB / visual preset,,,,,,
1403,Ultra Reshade for Low Settings,new: Vivaldi tabs or screenshots only,Reshade / ENB / visual preset,title list,,,C title,unknown (manifest not seen),none expected,P4,Optional visual: no table overlap expected,Reshade / ENB / visual preset,,,,,,
1414,Real Life Kingdom Come Experience Reshade,new: Vivaldi tabs or screenshots only,Reshade / ENB / visual preset,title list,,,C title,unknown (manifest not seen),none expected,P4,Optional visual: no table overlap expected,Reshade / ENB / visual preset,,,,,,
1428,Reshade DOF With UI Mask,new: Vivaldi tabs or screenshots only,Reshade / ENB / visual preset,title list,,,C title,unknown (manifest not seen),none expected,P4,Optional visual: no table overlap expected,Reshade / ENB / visual preset,,,,,,
1511,JSCR - Just simple custom Reshade,new: Vivaldi tabs or screenshots only,Reshade / ENB / visual preset,title list,,,C title,unknown (manifest not seen),none expected,P4,Optional visual: no table overlap expected,Reshade / ENB / visual preset,,,,,,
1526,Force High Quality Trees in the distance,new: Vivaldi tabs or screenshots only,Graphics config (cfg),title list,,,C title,unknown (manifest not seen),none expected,P4,Optional visual: no table overlap expected,Graphics config (cfg),,,,,,
1527,Infinite Draw Distance,new: Vivaldi tabs or screenshots only,Graphics config (cfg),title list,,,C title,unknown (manifest not seen),none expected,P4,Optional visual: no table overlap expected,Graphics config (cfg),,,,,,
1528,Enchanced Shadows and Shadow Cascades,new: Vivaldi tabs or screenshots only,Graphics config (cfg),title list,,,C title,unknown (manifest not seen),none expected,P4,Optional visual: no table overlap expected,Graphics config (cfg),,,,,,
1538,Batch's Ultra Graphics Settings,new: Vivaldi tabs or screenshots only,Graphics config (cfg),title list,,,C title,unknown (manifest not seen),none expected,P4,Optional visual: no table overlap expected,Graphics config (cfg),,,,,,
1544,Summertime Reshade for Kindom Come,new: Vivaldi tabs or screenshots only,Reshade / ENB / visual preset,title list,,,C title,unknown (manifest not seen),none expected,P4,Optional visual: no table overlap expected,Reshade / ENB / visual preset,,,,,,
1552,See NPCs and Animals Farther (Increased NPC render distance),new: Vivaldi tabs or screenshots only,Graphics config (cfg),title list,,,C title,unknown (manifest not seen),none expected,P4,Optional visual: no table overlap expected,Graphics config (cfg),,,,,,
1561,Karnages_KCD_user.cfg 2.0,new: Vivaldi tabs or screenshots only,Graphics config (cfg),title list,,,C title,unknown (manifest not seen),none expected,P4,Optional visual: no table overlap expected,Graphics config (cfg),,,,,,
1589,Realistic Colour Correction Kingdom Come Deliverance,new: Vivaldi tabs or screenshots only,Reshade / ENB / visual preset,title list,,,C title,unknown (manifest not seen),none expected,P4,Optional visual: no table overlap expected,Reshade / ENB / visual preset,,,,,,
1603,Sharper graphic reshade for Kingdom Come Deliverance,new: Vivaldi tabs or screenshots only,Reshade / ENB / visual preset,title list,,,C title,unknown (manifest not seen),none expected,P4,Optional visual: no table overlap expected,Reshade / ENB / visual preset,,,,,,
1646,AutoLimitFPS,new: Vivaldi tabs or screenshots only,Graphics config (cfg),title list,,,C title,unknown (manifest not seen),none expected,P4,Optional visual: no table overlap expected,Graphics config (cfg),,,,,,
1702,SLEE realistic reshade preset and performance file,in the author's lists,Reshade / ENB / visual preset,title list,,,C title,unknown (manifest not seen),none expected,P4,Optional visual: no table overlap expected,Reshade / ENB / visual preset,,,,,,
1720,Performance Configuration (Mid-High End),in the author's lists,Graphics config (cfg),title list,,,C title,unknown (manifest not seen),none expected,P4,Optional visual: no table overlap expected,Graphics config (cfg),,,,,,
1800,KCD 2 Reshade,in the author's lists,Reshade / ENB / visual preset,title list,,,C title,unknown (manifest not seen),none expected,P4,Optional visual: no table overlap expected,Reshade / ENB / visual preset,,,,,,
1818,Kingdom Cum Deliverance,new: Vivaldi tabs or screenshots only,Adult / nudity,title list,,,C title,unknown (manifest not seen),none expected,P4,Out of scope,adult content,,,,,,
1823,RTX 3050 PACK,new: Vivaldi tabs or screenshots only,Graphics config (cfg),title list,,,C title,unknown (manifest not seen),none expected,P4,Optional visual: no table overlap expected,Graphics config (cfg),,,,,,
1875,KCD1 Enhanced Visuals - UBER Graphics ReShade,in the author's lists,Reshade / ENB / visual preset,title list,,,C title,unknown (manifest not seen),none expected,P4,Optional visual: no table overlap expected,Reshade / ENB / visual preset,,,,,,
1900,Jiggle Physics,in the author's lists,Adult / nudity,title list,,,C title,unknown (manifest not seen),none expected,P4,Out of scope,adult content,,,,,,
1972,FINAL Beyond SUPER Ultra Graphics and Visuals Configs,in the author's lists,Graphics config (cfg),title list,,,C title,unknown (manifest not seen),none expected,P4,Optional visual: no table overlap expected,Graphics config (cfg),,,,,,
2031,Mud and Iron Kingdom Come Deliverance Reshade,in the author's lists,Reshade / ENB / visual preset,title list,,,C title,unknown (manifest not seen),none expected,P4,Optional visual: no table overlap expected,Reshade / ENB / visual preset,,,,,,
2106,High FPS FX (KCD1),in the author's lists,Graphics config (cfg),title list,,,C title,unknown (manifest not seen),none expected,P4,Optional visual: no table overlap expected,Graphics config (cfg),,,,,,
2152,Lighting and Shadow 2.0 - ENB for KCD,in the author's lists,Reshade / ENB / visual preset,name keywords,,,B search result,unknown (manifest not seen),none expected,P4,Optional visual: no table overlap expected,Reshade / ENB / visual preset,2026-02-12,MartinSpielt,,,,ENB/ReShade graphics preset with two variants
2153,Engine Tweaks KCD 2.0 - user.cfg details,in the author's lists,Graphics config (cfg),title list,,,C title,unknown (manifest not seen),none expected,P4,Optional visual: no table overlap expected,Graphics config (cfg),,,,,,
2175,Enhanced Color Grading,in the author's lists,Reshade / ENB / visual preset,title list,,,C title,unknown (manifest not seen),none expected,P4,Optional visual: no table overlap expected,Reshade / ENB / visual preset,,,,,,
2180,Optimized CryEngine simple tweaks,in the author's lists,Graphics config (cfg),title list,,,C title,unknown (manifest not seen),none expected,P4,Optional visual: no table overlap expected,Graphics config (cfg),,,,,,
2196,ENHANCED Adult Bounce KCD I,in the author's lists,Adult / nudity,title list,,,C title,unknown (manifest not seen),none expected,P4,Out of scope,adult content,,DreamMora,,,,
2243,Performance Tweaks and best visuals,in the author's lists,Graphics config (cfg),title list,,,C title,unknown (manifest not seen),none expected,P4,Optional visual: no table overlap expected,Graphics config (cfg),,,,,,
2304,Female Nudity,new: Vivaldi tabs or screenshots only,Adult / nudity,title list,,,C title,unknown (manifest not seen),none expected,P4,Out of scope,adult content,,,,,,
2353,Ultimate Graphics Adjustment,in the author's lists,Graphics config (cfg),title list,,,C title,unknown (manifest not seen),none expected,P4,Optional visual: no table overlap expected,Graphics config (cfg),,,,,,
