id,name,where
83,More Responsive Targeting,installed in the test game via Vortex (Mods/MoreResponsiveTargeting831041)
84,Near Perfect Arrows,Archery/Near Perfect Arrows.-84-69-69.zip
85,Perkaholic 1.05,Perks/Perkaholic 1.05-85-1-05.zip
106,cheat,Etc/cheat-106-1-58-1732985419.zip
266,All Referenced Strings,Etc/All Referenced Strings-266-1-0.7z
311,5.5-6 Nourishment and 4 Energy lost per hour,Player/5.5-6 Nourishment and 4 Energy lost per hour-311-1-0 | Player/5.5-6 Nourishment and 4 Energy lost per hour-311-1-0.7z
326,Knox's Labelled Items (XML),Etc/Knox's Labelled Items (XML)-326-1-0-2.zip
390,MGs Stay Clean Longer - Get Dirty Gradually 1.6,Installed to be verified/MGs Stay Clean Longer - Get Dirty Gradually 1.6-390-1-6-1707663382 | installed in the test game via Vortex (Mods/MGsStayCleanLongerGetDirtyGradually16390161707663382)
480,Bed Comfort Restored,Items/Bed Comfort Restored-480-1-0
483,Dynamic Hoods and Scarfs up and down,Items/Dynamic Hoods and Scarfs up and down-483-1-9-1590343806 | Items/Dynamic Hoods and Scarfs up and down-483-1-9-1590343806.zip
554,Parameters Plus,Etc/Parameters Plus-554-1-5-1562283931 | Etc/Parameters Plus-554-1-5-1562283931.zip
726,Early Bird NPC rescheduler,installed in the test game via Vortex (Mods/EarlyBirdNPCrescheduler7262101640796373)
771,Hoods Over Helmets Remove Kettle Helmets NPC,Installed to be verified/Hoods Over Helmets Remove Kettle Helmets NPC-771-1-1-1562422310 | Items/Hoods Over Helmets Remove Kettle Helmets NPC-771-1-1-1562422310 | Items/Hoods Over Helmets Remove Kettle Helmets NPC-771-1-1-1562422310.7z
791,All Hoods Up,Items/All Hoods Up-791-1-1-1562185697.7zip
800,VolumetricFogShadows,Installed to be verified/VolumetricFogShadows-800-1-1-1563786542 | installed in the test game via Vortex (Mods/VolumetricFogShadows800111563786542)
802,Archer for 1.9,Archery/Archer for 1.9-802-1-1563644280.7z
837,EasyEdit,Etc/EasyEdit-837--1-1567314659.zip
969,Enhanced Eyes 1.1,Etc/Enhanced Eyes 1.1-969-1-1-1585051202.zip
1009,Perkaholic PTF,Installed to be verified/Perkaholic PTF-1009-1-2-3-1714642782 | Perks/Perkaholic PTF-1009-1-2-3-1714642782.7zip
1059,Icon ID Resource,Etc/Icon ID Resource-1059-1-0-1592792055.rar
1089,op_swords_attack_plus_100_procent,Archery/op_swords_attack_plus_100_procent-1089-1-0-1598746186
1100,Faster archery normal,Archery/Faster archery normal-1100-1-0-1600006419.rar
1153,mod,Items/mod-1153-1-0-0-1605526312.zip
1218,LartiguesUpscaleProject2.1,Installed to be verified/LartiguesUpscaleProject2.1-1218-2-1-1734099038
1227,30 FPSCutscene Fix V2,installed in the test game via Vortex (Mods/30FPSCutsceneFixV21227201724448782)
1376,Archery mod - Faster arrows,Archery/Archery mod - Faster arrows-1376-1-0-1652475252.zip
1386,HoodsUpStandalone - PTF,Items/HoodsUpStandalone - PTF-1386-1-0-1654827508.7zip
1419,Immersive Archery,Archery/Immersive Archery-1419-1-2-1665671489.zip
1485,SOLID HELMET VISORS,installed in the test game via Vortex (Mods/SOLIDHELMETVISORS1485121737430681)
1618,Time-HD-updated v1.2.zip,installed in the test game via Vortex (Mods/TimeHDupdatedv12zip1618121714429516)
1678,Better_Archery_no-OP,Archery/Better_Archery_no-OP-1678-1-2-1739487614.zip
1693,Ravens beak icon swap,User Interface/Ravens beak icon swap-1693-1-2-1733597371.7z
1723,IntimidationStat,Installed to be verified/IntimidationStat-1723-1-1-1728217688
1730,Drink Sound Effects 1.1,installed in the test game via Vortex (Mods/DrinkSoundEffects111730111728087257)
1743,Persistentarrows,installed in the test game via Vortex (Mods/Persistentarrows1743121729568337)
1765,Riposte,Installed to be verified/Riposte-1765-1-0-2-1735871267 | installed in the test game via Vortex (Mods/Riposte17651021735871267)
1779,souls_sorted_v1.2,Etc/souls_sorted_v1.2-1779-1-2-1736773918.zip
1839,Realistic Horses,Etc/Realistic Horses-1839-1-0-1739145195.rar
1842,Realistic Repairs 1.1,Etc/Realistic Repairs 1.1-1842-1-1-1739569897.rar
1938,Herb Picking Radius 2x,Etc/Herb Picking Radius 2x-1938-1-0-1742117458.zip
1950,Skill Books Take Time 2x,QoL/Skill Books Take Time 2x-1950-1-0-1742313588
