ingredient,latin_or_group,in_game_claim,claim_origin,real_world_finding,verdict,source_ids,rule_direction,status
Wormwood,Artemisia absinthium,Bandage at night against fever and headache; infusion against chills and dizziness,in-game herbarium text,"EMA accepts only traditional use for temporary loss of appetite and mild stomach/gut complaints (bitter taste stimulates the gut); fever and headache are not among the accepted uses",partly supported (digestive only),S01,"Appetite/digestion side effect is defensible; fever and headache claims are not",draft
Wormwood,Artemisia absinthium,Greatly increases strength and dispels fatigue but lowers speech,in-game stat effect,"No real-world basis found; this is a game mechanic",game fiction,-,"Keep the in-game buff; do not justify it with pharmacology",draft
Wormwood,Artemisia absinthium,(not in game text) toxicity of the herb,real-world only,"Thujone is neurotoxic; convulsions at high doses; EMA limits intake to a few mg/day for at most 2 weeks",real-world risk not modelled,S02,"Possible class B rule: large or repeated doses carry a risk (direction only)",draft
Belladonna,Atropa belladonna,Very poisonous; shakes and chills; convulsions and strange visions; a small amount can kill,in-game herbarium text,"Tropane alkaloids (atropine, hyoscyamine, scopolamine) cause an anticholinergic syndrome: dry skin, dilated pupils, fast heart, agitation, hallucinations, seizures; onset about 1-4 h",supported,S03 S04,"Justifies health loss and hallucination-style debuffs; magnitude is a balance choice",draft
Chamomile,Matricaria chamomilla,Dispels sickness; quiets fever and period pains; infusion soothes the stomach,in-game herbarium text,"EMA accepts minor gastro-intestinal complaints and spasms, skin and wound use, mouth and throat inflammation; fever and period pain are not accepted uses",partly supported (stomach),S05 S06,"Mild digestive benefit is defensible",draft
Chamomile,Matricaria chamomilla,Combined with the wrong herb it induces too deep a sleep,in-game herbarium text,"NCCIH: possible interaction with sedatives and some liver-metabolised drugs; allergy in ragweed-allergic people",plausible (interaction),S06,"Sedative stacking with poppy/valerian is plausible",draft
Comfrey,Symphytum officinale,Best remedy for broken bones; swelling and bruising; internal bone pain,in-game herbarium text,"EMA traditional use is EXTERNAL only (minor sprains and bruises, adults, up to about 10 days); 'adjuvant after fractures' appears only in historical registrations",supported only for external use,S07,"A topical/bandage item would fit; a drinkable potion does not",draft
Comfrey,Symphytum officinale,Greatly helps health and stamina (drunk in potions),in-game stat effect,"The root contains pyrrolizidine alkaloids that are liver-toxic when taken by mouth; EMA allows external use only",contradicted for oral use,S07 S08,"Possible class B rule: repeated oral comfrey is harmful (direction only)",draft
Dandelion,Taraxacum officinale,Drives the urine strongly and purges the body,in-game herbarium text,"EMA: traditional diuretic (flushing of the urinary tract) and mild digestive use",supported (traditional),S09,"Diuretic effect is defensible",draft
Dandelion,Taraxacum officinale,Syrup drives away colds in long winters,in-game herbarium text,"No evidence gathered for colds",not checked,-,"-",open
Eyebright,Euphrasia officinalis,Miraculous for all eye ailments; compress relieves inflammation; sharper sight,in-game herbarium text,"Used for conjunctivitis for decades; one prospective cohort trial reported recovery in most of 65 patients; a randomised trial in preterm neonates found no significant benefit on the main outcome; in-vitro anti-inflammatory signals; no evidence for sharper sight",weakly supported,S10 S11,"Do not model a vision buff on evidence; anti-irritation use only",draft
St John's wort,Hypericum perforatum,Purifies blood; dispels dropsy and kidney stones,in-game herbarium text,"Accepted use is mild to moderate depression (well-established use); the other claims are not accepted uses",not supported,S12 S13,"-",draft
St John's wort,Hypericum perforatum,Brewed in wine it arms against all alcohol; in oil it prevents decay of meat,in-game herbarium text,"No evidence gathered. Real risk: induces CYP3A4 and other enzymes, so it weakens many medicines; photosensitivity",not supported / unrelated risk,S12 S13,"-",open
Marigold,Calendula officinalis,Placed on a wound it speeds recovery; ointment and bathing for skin,in-game herbarium text,"EMA: minor skin inflammation, minor wounds, mouth and throat inflammation (topical)",supported (topical),S14,"Defensible for a healing or wound item; oral use is not the evidence base",draft
Marigold,Calendula officinalis,Good against cramps and for a medicinal drink,in-game herbarium text,"Oral use for cramps is not an accepted EMA use",not supported,S14,"-",draft
Mint,Mentha x piperita,Mulled with wine in the morning it prevents intoxication that day,in-game herbarium text,"EMA accepts dyspepsia and flatulence (tea) for peppermint leaf; reviews find no effective hangover or intoxication remedy",contradicted,S15 S16,"Do not make mint reduce alcohol effects",draft
Herb Paris,Paris quadrifolia,Poisonous; induces nausea and sleep; rarely deadly; used by old wives against headache,in-game herbarium text,"Steroidal saponins; nausea, vomiting and other symptoms in large doses; berries and roots most toxic; deaths reported in children (secondary sources only)",supported (weak-tier sources),S17,"Health loss and nausea are defensible; magnitude is a balance choice",open
Poppy,Papaver somniferum (assumed),Brewed for little ones and the sick; puts anyone to sleep in dreamless darkness,in-game herbarium text,"Opiate alkaloids; poppy preparations killed many infants historically; a series of poppy-intoxicated children had a high death rate",supported and more dangerous than the game says,S18,"Strong sedation is defensible; overdose risk is a real-world fact",draft
Sage,Salvia officinalis,Less headache after alcohol; drinking too much dulls the mind; prophetic dreams,in-game herbarium text,"EMA accepts mild dyspepsia and excessive sweating; thujone is neurotoxic (daily limit); hangover reviews found no effective herbal remedy",hangover claim not supported,S02 S19 S16,"-",draft
Blessed thistle,Cnicus benedicus,Medicine against plague; relief from pain and poisoning in water; restores appetite in ale,in-game herbarium text,"EMA accepts temporary loss of appetite and mild dyspepsia (traditional use)",appetite supported; plague and poisoning not supported,S20,"Appetite effect is defensible",draft
Nettle,Urtica dioica,Pounded leaves on a wound stop bleeding at once,in-game herbarium text,"Animal and lab studies suggest a haemostatic and wound-healing effect; no clinical evidence; a systematic review found no useful antibacterial leads",weakly supported (lab only),S21 S22,"Mild styptic effect is a stretch; keep small",draft
Nettle,Urtica dioica,Classified as poisonous in the game data,game data (herb.poisonous),"EMA lists nettle leaf as a traditional herbal tea (urinary flushing, minor joint pain), which is hard to reconcile with a poisonous classification (our inference); the sting is a contact irritant",game flag differs from real life,S23,"Do not treat the poisonous flag as pharmacology",draft
Valerian,Valeriana officinalis,Panacea; renews health; additive that arouses desire,in-game herbarium text,"EMA: mild nervous tension and sleep problems, slow onset (2-4 weeks); NCCIH: value for insomnia not demonstrated; rare liver injury reported",weakly supported (calming only),S24 S25 S26,"Mild calming only; no healing claim",draft
Charcoal,activated charcoal,Neutralises poisons (antidote recipes),game design,"Adsorbs many ingested toxins; volunteer studies show 74 % less absorption at 5 min, 47 % at 30 min, 40 % at 60 min, 16.5 % at 120 min; toxic alcohols and metals bind poorly and ethanol is not significantly blocked; routine use not recommended",supported with a time limit,S27 S28 S29,"Antidote effect is defensible; a time window would be realistic",draft
Honey,honey,Ingredient of Dandelion syrup,game design,"Cochrane: heals partial-thickness burns about 4-5 days faster than usual dressings (high quality); better than antiseptic washes for infected post-operative wounds (moderate quality); minor wounds unclear; venous leg ulcers no clear benefit and more pain (low quality)",supported (topical),S30,"Topical healing only; oral value is nutritional",draft
Amanita,Amanita sp. (species not given),Ingredient of Bane potion and respec potion,game design,"A. muscaria contains ibotenic acid and muscimol: drowsiness, delirium, nausea, sometimes seizures; usually resolves in about 24 h, rarely fatal. The in-game species is not stated",plausible,S31,"Sedation and confusion fit; lethal dose is not realistic for A. muscaria",open
Spirits,ethanol,Alcohol 30-90 on the game scale,game data,"Beer about 2-8 % ABV, wine 8-14 %, spirits 40-50 %; slivovitz 40-70 %. The game scale is relative, not percent",game scale differs from ABV,S32,"Keep the game 0-100 scale; use ABV only to rank drinks",draft
Food in stomach,ethanol absorption,Param AlcoholDigestSpeedModfifOnFullStomache exists in the engine,game data,"Food slows gastric emptying and delays alcohol absorption; peak blood alcohol is lower",supported (the engine already models it),S33,"Do not add a second food-alcohol rule; the engine has one",draft
Boar tooth / antlers / cobweb / cave mushroom,animal and misc ingredients,Used as potion ingredients,game design,"No real-world pharmacology gathered; treat as game fiction",game fiction,-,"-",open
