item_id,name,has_recipe,recipe_id,base,n_ingredient_kinds,n_ingredient_units,n_poisonous_kinds,ingredients,food_subtype_id,alcohol_content,nutrition_benefit,refresh_benefit,health_benefit,short_term_ratio,max_status,decay_time_hours,buff_name,buff_params
20361656-5917-40e9-be7f-a5e6cc07981d,Abortion potion,True,32,,0,0,0,,,0,0,0,0,,1,0,,
34d9f446-e5a7-4af4-858a-e96473de814f,Bard potion,True,6,Oil,4,4,2,Urticaria x1; Hypericum x1; Belladona x1; Charcoal x1,,0,5,4,0,0.5,100,0,potion_bard,spc+5
567fc1b1-1424-4784-9da8-5104e2e7354d,Embrocation,True,18,Oil,4,4,0,Eyewort x1; Poppy x1; Valerian x1; Boar tooth x1,10,0,5,4,0,0.1,100,0,potion_embrocation,"agi+5,defense+5"
fd6cceee-06d0-4a0b-a0f6-c52d0afd5481,Poison,True,23,Oil,2,3,1,Paris x2; Thistle x1,5,0,-10,-10,-50,0.5,100,0,potion_poison,"poi=1,health-50/t"
6568088a-98b6-4353-81d1-31bd2662a545,Preservative,True,24,Oil,3,3,1,Urticaria x1; Mint x1; Hypericum x1,9,0,5,4,0,0.5,100,0,potion_preserver,
31148cbb-8592-4b26-a1ae-8a9e07e309e6,Sleeping potion,True,25,Oil,3,3,1,Poppy x1; Paris x1; Thistle x1,5,0,5,-100,0,0.5,100,0,potion_sleeping,exhaust-100/s
92c829ca-41f6-40a7-b8d9-aac5159c7a89,Stamina potion,True,27,Oil,3,3,0,Hypericum x1; Dandelion x1; Comfrey x1,,0,5,6,0,0.5,100,0,potion_stamina,"mst*1.5,srg*1.5"
73b69372-3ccb-4bf4-bd21-94863da2654e,Tideness potion,True,29,Oil,2,3,0,Poppy x2; Chamomile x1,,0,0,0,0,,1,0,,
3d3f5935-c2e3-4e52-8a16-a6a04ee4a79f,Witch potion,True,31,Oil,3,3,2,Paris x1; Belladona x1; Mairigold x1,5,0,5,8,0,0.1,100,0,potion_witch,
73ff1fde-ec8b-41e9-95e3-b5938c715bf1,Aesop potion,True,17,Spiritus,4,4,1,Wormwood x1; Belladona x1; Boar tooth x1; Comfrey x1,,30,10,4,0,0.1,100,0,potion_aesop,horse_riding+5;ors=-1
3157d51d-7461-4fdc-9601-93bd5ed42156,Bowman's Brew,True,4,Spiritus,2,3,0,Eyewort x2; Hypericum x1,,0,5,4,0,0.1,100,0,potion_bowmans_brew,weapon_bow+5
eca88106-4bab-4419-8772-4450739c193c,Digestive potion,True,10,Spiritus,2,3,0,Chamomile x2; Mint x1,,30,-20,4,0,0.6,100,0,potion_digestive,
5c17d1d9-70ec-49d9-9b05-ae23247c045f,Dollmaker potion,True,22,Spiritus,2,3,1,Valerian x1; Paris x2,5,20,7,4,0,0.1,100,0,potion_dollmaker,"LimitRun,weapon_sword-5,weapon_axe-5,weapon_bow-5,weapon_crossbow-5,weapon_shield-5,weapon_mace-5,weapon_dagger-5,weapon_large-5,weapon_unarmed-5,mst*0.5"
c40dc516-9886-4245-8a8b-2cbb16da918d,Insomnia potion,True,12,Spiritus,2,3,0,Valerian x1; Mint x2,,30,10,20,0,0.1,100,0,,
b0763820-556a-4d4c-a858-009aa897fb61,Mrchojedy Potion,True,42,Spiritus,2,3,0,Valerian x2; Wormwood x1,,0,5,4,0,0.5,100,0,,
2529e246-6f1b-4529-8d6b-64245207bae8,Spirits,True,16,Spiritus,3,3,0,Mint x1; Hypericum x1; Salvia x1,,90,20,15,5,0.63,100,0,,
f1309a89-045f-44ae-a4d9-c997b892a162,Wormwood spirit,True,2,Spiritus,2,3,0,Wormwood x2; Salvia x1,,40,10,0,4,0.63,100,0,potion_wormwood_spirit,"str+5,fencing+5"
601f9ff2-0413-40c9-b443-9695aafa71a5,respec_potion,True,43,Spiritus,3,4,1,Wormwood x2; Belladona x1; Amanita x1,,303,10,0,0,0.8,100,0,respec,
8b713d0c-9a04-4354-a53f-ffd384057fa6,Antidote,True,3,Water,3,4,1,Urticaria x1; Thistle x2; Charcoal x1,,0,5,4,0,0.5,100,0,potion_antidote,
850d28d9-9d0a-4b2e-9feb-e6c48c5f1aad,Aqua Vitalis,True,30,Water,2,3,0,Dandelion x2; Mairigold x1,,0,5,4,0,0.5,100,0,potion_aqua_vitalis,"hlh*0.5,slh*0.5"
36d4b46d-75cb-4e58-a430-b1a0aa283088,Dandelion syrup,True,28,Water,3,4,0,Mint x1; Dandelion x2; Honey x1,,0,0,0,0,,1,0,,
60825599-3c28-4a5b-ad6a-fda128f8b723,Irresistibility potion,True,47,Water,4,4,0,Cave mushroom x1; Salvia x1; Mairigold x1; Comfrey x1,,0,10,10,0,,100,0,,
8fb1de6d-2985-45ea-ae9c-007540b4f37e,Long heal potion,True,48,Water,2,3,0,Chamomile x2; Salvia x1,4,0,0,0,200,0.5,100,0,potion_long_heal,health+200/t
b38c34b7-6016-4f64-9ba2-65e1ce31d4a1,Marigold decoction,True,14,Water,2,3,1,Urticaria x1; Mairigold x2,4,0,5,4,30,0.1,100,0,potion_marigold_decoction,health+30/t
5f6cdfad-2e87-45e4-bd5a-e3b604adc766,Mrchojedy Cure,True,41,Water,3,4,0,Valerian x1; Thistle x2; Charcoal x1,,0,5,0,0,0.5,100,0,,
6b955a9b-d8de-492c-a53e-a052fab4ff0a,Nighthawk potion,True,21,Water,3,4,1,Eyewort x2; Belladona x1; Cave mushroom x1,,0,5,4,0,0.5,100,0,potion_nighthawk,"vis*1.5,owl+1"
ab25a50a-7836-47a9-acb2-5fd93684b8c5,Padfoot potion,True,26,Water,4,4,0,Eyewort x1; Valerian x1; Cobweb x1; Chamomile x1,,0,5,4,0,0.5,100,0,potion_padfoot,"stealth+5,lockpicking+5,pickpocketing+5,prb*1.5"
d837e829-d706-4db8-8e3d-e70a16882c96,Tippler potion,True,11,Water,3,3,0,Mint x1; Hypericum x1; Salvia x1,,0,5,4,0,0.5,100,0,potion_tippler,cha-2
2668d311-8667-4f27-b94b-7f6175678f17,Water of Life,True,15,Water,2,3,0,Valerian x1; Comfrey x2,4,0,5,4,100,0.5,100,0,potion_lazarus,health+100/t
42e54d97-6e63-4e50-a09d-325ef4dd2286,Bane potion,True,5,Wine,3,4,1,Wormwood x1; Belladona x2; Amanita x1,5,20,-20,-20,-110,0.5,100,0,potion_bane,"poi=1,LimitRun,health-110/t"
2b24a290-ec3c-454c-901e-fea76aa76d74,Bivoj's rage,True,7,Wine,3,4,0,Wormwood x1; Cave mushroom x1; Salvia x2,,20,7,10,0,0.1,100,0,potion_bivojs_rage,"wat*1.1,uat*1.1,hlh*1.15"
1322a0ca-1be1-449a-b1fa-cd7079a9ba90,Dementia potion,True,8,Wine,2,3,0,Thistle x2; Salvia x1,,0,0,0,0,,1,0,,
eec58bfb-063e-4838-b78d-3c2b354f1346,Fake blood,True,45,Wine,3,3,0,Poppy x1; Hypericum x1; Thistle x1,,0,0,0,0,,0,0,potion_fake_blood,health-80/t
2509115d-59c9-44f8-9802-f600eba63fa9,Love potion,True,19,Wine,4,4,0,Attire x1; Wormwood x1; Chamomile x1; Mairigold x1,,20,7,4,0,0.1,100,0,potion_love,cha+5
928463d9-e21a-4f7c-b5d3-8378ed375cd1,Remedium Savegamium,True,13,Wine,2,3,2,Urticaria x1; Belladona x2,8,20,0,0,0,0.1,100,0,potion_savegame,
52afd6fa-9377-457c-83a2-b5b39321a4dc,Beer,False,,,0,0,0,,,15,7,-2,0,0.35,40,0,,
6d08f32a-997e-44f1-b6b6-9caf2ade9cf3,Deadly potion,False,,,0,0,0,,5,0,0,0,0,,1,0,deadly_poison,health-150/t
0340b85d-71b0-4314-a6c9-8856d884bc92,Diarrhoea potion,False,,,0,0,0,,,0,0,0,0,,1,0,,
006ec8d6-1ce1-4e90-8267-7c349812ddcd,Generic potion,False,,,0,0,0,,,0,1,0,0,0.5,50,0,,
c64b7286-07b8-4bdf-afd0-359171d35249,Jug 1,False,,,0,0,0,,,80,20,10,5,0.63,100,0,,
e1adda6e-aba9-4de2-a50f-062432fd73df,Oblivion potion,False,,,0,0,0,,,0,0,0,0,,1,0,,
c9bfcc38-7ed1-4ed7-a86d-7ef0f7292762,OintmentForMarta,False,,,0,0,0,,,0,0,0,0,,1,0,,
390c0dc8-23fd-42a0-91f2-a4d42f96a387,Pitcher Mead 1,False,,,0,0,0,,,50,10,-2,0,0.3,60,0,,
51555071-7c55-4da1-9b61-ee3c14fde18b,Pitcher Milk 1,False,,,0,0,0,,,0,13,0,0,0.6,10,24,,
9e782670-3291-4382-a6d3-a843d13e67d9,Pribyslavitz Beer,False,,,0,0,0,,7,5,10,10,0,0.5,1,0,potion_pribyslavitz_beer,"pt1+0.5,pt5+0.5,dtf+0.75,dbf+0.25, lcs*0,75"
86076e68-53a6-4e5c-95c2-995f6ce9636d,Quest Fake Alcohol,False,,,0,0,0,,,30,0,0,0,,1,0,,
55667a03-ea84-4578-ada8-6400626d86d7,Rataje Beer,False,,,0,0,0,,,0,,,,,1,0,,
27144e47-00aa-468e-a81b-49cb3b248b07,Test Potion: Invincible,False,,,0,0,0,,,0,0,0,0,,1,0,test_invincible,"hlh=0,slh=0"
ee4d5b06-0a7e-4073-969b-b11131e97fef,Test Potion: Stamina Frenzy,False,,,0,0,0,,,0,0,0,0,,1,0,stamina_frenzy,"hlh*0.5,slh*1.8"
2e4cd0e9-13ba-4c36-aea6-b0e2b49ea6d8,Tournament quest poison potion,False,,,0,0,0,,5,20,-20,-20,-110,0.5,100,0,potion_bane,"poi=1,LimitRun,health-110/t"
7c5126cd-b010-4484-8465-22a3d69fa0df,Wine,False,,,0,0,0,,3,40,15,-2,2,0.25,75,0,,
38df365c-a4bb-462b-80cc-eb92f16930fa,Wineskin 02 cheap,False,,,0,0,0,,3,40,10,-6,0,0.25,50,0,,
dea2883f-6bd9-4f6e-bae8-80322d428652,Wineskin_03_fancy,False,,,0,0,0,,3,40,18,5,7,0.25,75,0,,
ca5a0aa3-e373-48ec-96e4-1c3b9907bac3,charl_wine,False,,,0,0,0,,3,30,16,6,5,0.25,48,0,,
ddb0fc96-be22-42d8-ba8c-ff00b68c0481,coffee,False,,,0,0,0,,,0,1,10,0,,1,0,,
1ae018d8-f41b-482c-a679-d529f33ca335,dandelion_syrup,False,,,0,0,0,,,0,0,0,0,,1,0,,
60a0200f-a581-4669-bb10-24ac4a28c071,lard,False,,,0,0,0,,,0,18,-8,0,,100,0,,
0f114f9c-166b-4ccf-8e52-e1106c94cc47,q_auschitz_alcohol,False,,,0,0,0,,,70,0,0,0,0.3,0,0,,
b88ed4c6-214d-4cd4-800a-9fbd42e48726,q_dlc_revelation_gambler_alcohol,False,,,0,0,0,,,5,0,0,0,0.03,0,0,,
92afc95e-c52f-46d3-a78d-626def969b9b,q_licentious_monks_alcohol,False,,,0,0,0,,,30,0,0,0,0.3,0,0,,
0cb47176-06c5-42a9-8d70-969e917eb999,water,False,,,0,0,0,,11,0,0.5,0,1,,100,0,,
