table,key,module,vanilla,target,status,lives_in,source,notes
rpg_param,ReadingXpPerHour,krs_items,20,rpg_param_value=5,shipping,modules/krs_items,KRS Items README (reading XP lowered to match 2.5x reading time),Also set to 10 in KingdomRefinementSuite rpg_param__KRS.xml and by Skill Books Take Time 2x (hoskope). One owner only: Items.
document,*,krs_items,4/6/8/10 h,,shipping,modules/krs_items,Skill Books Take Time 2x (hoskope-derived),"56 book rows, length_in_game_hours x2.5 (10/15/20/25 h). Identical copy also sits in KingdomRefinementSuite/Data."
rpg_param,DigestionSpeed,krs_items,"0.000578704 (hidden, read at runtime)",rpg_param_value=0.001302084,shipping,modules/krs_items,KRS Items README (food matters),"Hidden constant, 2.25x faster digestion. Player mod 5.5-6 uses 0.0015; the suite value is lower on purpose."
rpg_param,StarvationPlayerEffectMinMin,krs_items,90,rpg_param_value=95,shipping,modules/krs_items,KRS Items README,
rpg_param,StarvationPlayerEffectMaxMax,krs_items,75,rpg_param_value=65,shipping,modules/krs_items,KRS Items README,
rpg_param,StarvationPlayerEffectMinMax,krs_items,45,rpg_param_value=25,shipping,modules/krs_items,KRS Items README,
sleeping_spot_type,0,krs_exploration,1.0,sleeping_quality=1.2,held,modules/krs_exploration,Bed Comfort Restored (480) - values differ,exceptional
sleeping_spot_type,1,krs_exploration,0.7,sleeping_quality=0.955,held,modules/krs_exploration,Bed Comfort Restored (480) - values differ,high
sleeping_spot_type,2,krs_exploration,0.3,sleeping_quality=0.325,held,modules/krs_exploration,Bed Comfort Restored (480) - values differ,low
sleeping_spot_type,3,krs_exploration,0.5,sleeping_quality=0.65,held,modules/krs_exploration,Bed Comfort Restored (480) - values differ,medium
food,73ff1fde-ec8b-41e9-95e3-b5938c715bf1,krs_items,nutrition 10 / short-term ratio 0.1,nutrition_benefit=2.5,shipping,modules/krs_items,Potions.md / Potions_GPT.md (Aesop Potion),Only potion row that really differs from vanilla today.
food,*,krs_items,,,planned,modules/krs_items,Potions_GPT.md + Realistic Potions pipeline,"The 33 other potion rows of the old KRS-Items file equalled vanilla and were dropped from the module (a later mod's complete row replaces an earlier one, so a no-op row could undo another mod's change). Real potion changes belong to the optional krs_potions module (phase 5)."
perk_rpg_param_override,01c3b32a-5751-4c98-b6ab-258d02370382/RepairKitItemHealthBestLimit,krs_qol,0.5,,open,modules/krs_qol,Realistic Repairs (1842),"Not shipped. Normal-mode defaults are 0.6 / 0.8 (hidden constants, runtime csv); Hardcore overrides 0.5 / 0.7. What the README goal 'at lvl 20 repairs >= 20 durability' needs in these numbers is untested; needs a repair-kit experiment in game."
perk_rpg_param_override,01c3b32a-5751-4c98-b6ab-258d02370382/RepairKitItemHealthDefaultLimit,krs_qol,0.7,,open,modules/krs_qol,Realistic Repairs (1842),"Not shipped. Normal-mode defaults are 0.6 / 0.8 (hidden constants, runtime csv); Hardcore overrides 0.5 / 0.7. What the README goal 'at lvl 20 repairs >= 20 durability' needs in these numbers is untested; needs a repair-kit experiment in game."
perk_rpg_param_override,01c3b32a-5751-4c98-b6ab-258d02370382/RepairPriceModif,krs_qol,0.9,rpg_param_value=1.8,shipping,modules/krs_qol,Realistic Repairs (1842),"Hardcore-mode constants only (vanilla 0.9). Doubled like the global value, from the README line 'repairs prices doubled'. Default chosen in phase 3; change if wrong."
rpg_param,RepairPriceModif,krs_qol,0.65,rpg_param_value=1.3,shipping,modules/krs_qol,Realistic Repairs (1842),"Global value for normal mode (vanilla 0.65), doubled per README. Verified in game through RPG.RepairPriceModif."
rpg_param,RepairKitItemHealthBestLimit,krs_qol,hidden,,dropped,modules/krs_qol,Realistic Repairs (1842),The stray rows with a perk_id column are not carried into krs_qol (see the open override rows).
rpg_param,RepairKitItemHealthDefaultLimit,krs_qol,hidden,,dropped,modules/krs_qol,Realistic Repairs (1842),The stray rows with a perk_id column are not carried into krs_qol (see the open override rows).
skill2item_category,armor.horse_bridle.*/8,krs_qol,absent,skill_id=8,shipping,modules/krs_qol,Realistic Repairs (1842),"Bridles/saddles repairable with the repair skill. Table file is skill2item_category__krs_qol.xml (double underscore, id suffix)."
skill2item_category,armor.horse_saddle.*/8,krs_qol,absent,skill_id=8,shipping,modules/krs_qol,Realistic Repairs (1842),"Bridles/saddles repairable with the repair skill. Table file is skill2item_category__krs_qol.xml (double underscore, id suffix)."
rpg_param,HerbGatherSkillToRadius,krs_qol,0.25,rpg_param_value=0.35,shipping,modules/krs_qol,Herb Picking Radius 2x (hoskope_hgrx2: 0.5),Suite value is a milder 0.35.
rpg_param,StrengthToInventoryCapacity,krs_qol,"4 (hidden, read at runtime)",rpg_param_value=5,shipping,modules/krs_qol,Train More Carry More (permission requested),"Hidden constant, 4 -> 5 (+25 % carry capacity per strength point). Realistic Horse sets 1 (opposite intent). Permission from the Train More Carry More author is still pending: do not publish before."
text,*,krs_qol,,,localization,modules/krs_qol/Localization,Timed Quest Indicator (Tyburn) EN/CZ/PT,"Shipped as Localization/<Language>_xml.pak with text__krs_qol.xml (English, Czech, Portuguese). The audit only covers table patches; the gate checks the engine loads the patch."
perk,ec4c5274-50e3-4bbf-9220-823b080647c4,krs_perks,level 5 / hidden,level=10,shipping,modules/krs_perks,Restore Riposte (1765) - permission granted,"Vs vanilla: level 5->10, visibility 0->2 and perk_ex_* text keys. Upstream used level 8. Needs the four Localization paks (copied verbatim from upstream)."
perk,61e98757-9b32-493b-ad09-0087afdb81be,krs_perks,level 14 / hidden,visibility=1,shipping,modules/krs_perks,Restore Riposte (1765) - permission granted,"Master Strike child perk, restored from upstream unchanged."
