id,title,source,category,ptf,fix_type,krs_area,verdict,review_note,screenshot_note
129,Equal Horse Caparisons,screenshots,Horses,,,,Unverified (title only),low ID (2018-era upload?): verify it still works on 1.9.6+,
366,First-person Herb Picking,screenshots,Alchemy / food / survival,,,,Unverified (title only),game tables: check overlap with KRS PTF rows and same-category mods; low ID (2018-era upload?): verify it still works on 1.9.6+,
491,Loot Info - Container is empty or I already opened it,screenshots,Crime / stealth / loot,,,Localization paks (KRS ships 4 languages),Unverified (title only),low ID (2018-era upload?): verify it still works on 1.9.6+,Same mod family as 2316 (Japanese)
591,Bushes- Collision Remover,screenshots,World / weather / visuals,,Bug fix,,Unverified (title only),fix type: Bug fix; low ID (2018-era upload?): verify it still works on 1.9.6+,
651,Better Combat and Immersion Compilation,screenshots,Combat / AI,,,Combat / riposte (KRS alters 1765),Unverified (title only),game tables: check overlap with KRS PTF rows and same-category mods; low ID (2018-era upload?): verify it still works on 1.9.6+,Same mod family as 2256 (Chinese)
800,Volumetric Fog Shadows,vivaldi,Graphics config (cfg),,,,Unverified (title only),cfg values: last-loaded file wins; check against other cfg mods; low ID (2018-era upload?): verify it still works on 1.9.6+,
802,Archery for 1.9,vivaldi,Archery / arrows,,,Archery (KRS alters 1419; requires 1743),Unverified (title only),game tables: check overlap with KRS PTF rows and same-category mods; low ID (2018-era upload?): verify it still works on 1.9.6+,
804,Loose (An Archery Mod),vivaldi,Archery / arrows,,,Archery (KRS alters 1419; requires 1743),Unverified (title only),game tables: check overlap with KRS PTF rows and same-category mods; low ID (2018-era upload?): verify it still works on 1.9.6+,
808,Named NPCs,screenshots,Quests / lore / content,,,Localization paks (KRS ships 4 languages),Unverified (title only),low ID (2018-era upload?): verify it still works on 1.9.6+,
827,All Maps From Kingdom Come Deliverance - Ultra High Resolution,vivaldi,Maps / UI / HUD,,,,Unverified (title only),UI/.gfx/inventory files: conflicts with other UI mods; low ID (2018-era upload?): verify it still works on 1.9.6+,
829,Shop Proper,vivaldi,Economy / merchants,,,,Unverified (title only),game tables: check overlap with KRS PTF rows and same-category mods; low ID (2018-era upload?): verify it still works on 1.9.6+,
844,Yet Another (Realistic) Reshade,vivaldi,Reshade / ENB / visual preset,,,,Unverified (title only),"external injector; no data conflict, but only one preset can be active; low ID (2018-era upload?): verify it still works on 1.9.6+",
864,Official Kingdom Come Deliverance Modding Tools,vivaldi,Tools / reference,,,,Unverified (title only),tool or reference; not a gameplay mod; low ID (2018-era upload?): verify it still works on 1.9.6+,
867,APEX Realistic Modding Guide tweaks and fixes,vivaldi,Tools / reference,,,,Unverified (title only),tool or reference; not a gameplay mod; low ID (2018-era upload?): verify it still works on 1.9.6+,
879,Original clouds KCD no mipmap,vivaldi,World / weather / visuals,,,,Unverified (title only),low ID (2018-era upload?): verify it still works on 1.9.6+,
883,KingdomCome Rebalancing,vivaldi,Progression / XP / perks,,,Combat / riposte (KRS alters 1765),Unverified (title only),game tables: check overlap with KRS PTF rows and same-category mods; low ID (2018-era upload?): verify it still works on 1.9.6+,
922,Enhanced Hair Textures,vivaldi,World / weather / visuals,,,,Unverified (title only),low ID (2018-era upload?): verify it still works on 1.9.6+,
930,Photorealistic Beauty,vivaldi,World / weather / visuals,,,,Unverified (title only),low ID (2018-era upload?): verify it still works on 1.9.6+,
950,Henry's Castle at Pribyslavits,vivaldi,World / weather / visuals,,,,Unverified (title only),low ID (2018-era upload?): verify it still works on 1.9.6+,
955,Treasure Maps Of Bohemia,both,Quests / lore / content,,,,Unverified (title only),low ID (2018-era upload?): verify it still works on 1.9.6+,
957,Dark Souls Death Screen,vivaldi,Maps / UI / HUD,,,,Unverified (title only),UI/.gfx/inventory files: conflicts with other UI mods; low ID (2018-era upload?): verify it still works on 1.9.6+,
972,Let Me Loot,vivaldi,Crime / stealth / loot,,,,Unverified (title only),low ID (2018-era upload?): verify it still works on 1.9.6+,
975,Super Natural Reshade,vivaldi,Reshade / ENB / visual preset,,,,Unverified (title only),"external injector; no data conflict, but only one preset can be active; low ID (2018-era upload?): verify it still works on 1.9.6+",
977,Alms for Beggars,vivaldi,Economy / merchants,,,,Unverified (title only),game tables: check overlap with KRS PTF rows and same-category mods; low ID (2018-era upload?): verify it still works on 1.9.6+,
978,minimalistic HUD,vivaldi,Maps / UI / HUD,,,,Unverified (title only),UI/.gfx/inventory files: conflicts with other UI mods; low ID (2018-era upload?): verify it still works on 1.9.6+,
994,Depth ReShade,vivaldi,Reshade / ENB / visual preset,,,,Unverified (title only),"external injector; no data conflict, but only one preset can be active; low ID (2018-era upload?): verify it still works on 1.9.6+",
1009,Perkaholic - PTF updated (1.9.4-1.9.8),both,Progression / XP / perks,PTF,,Perk / RPG tables (KRS edits a perk row),Unverified (title only),self-described PTF: same shape as KRS; game tables: check overlap with KRS PTF rows and same-category mods,PTF
1045,MORE BLOOD,vivaldi,World / weather / visuals,,,,Unverified (title only),,
1046,Rudy ENB for KCD,vivaldi,Reshade / ENB / visual preset,,,,Unverified (title only),"external injector; no data conflict, but only one preset can be active",
1059,Icon ID Resource,vivaldi,Tools / reference,,,,Unverified (title only),tool or reference; not a gameplay mod,
1062,SIM Camping Mini ML 1.5.1.1,screenshots,Alchemy / food / survival,,,Stay-clean area (KRS requires MGsStayClean),Unverified (title only),game tables: check overlap with KRS PTF rows and same-category mods,
1063,Paper UI,vivaldi,Maps / UI / HUD,,,,Unverified (title only),UI/.gfx/inventory files: conflicts with other UI mods,
1070,Better Combat,vivaldi,Combat / AI,,,Combat / riposte (KRS alters 1765),Unverified (title only),game tables: check overlap with KRS PTF rows and same-category mods,
1074,Realism Enlighted ReShade - lore-friendly realistic Visual Enhancing and Sharpening - big quality boost on lower resolutions,vivaldi,Reshade / ENB / visual preset,,,,Unverified (title only),"external injector; no data conflict, but only one preset can be active",
1080,ReformationFX Reshade,vivaldi,Reshade / ENB / visual preset,,,,Unverified (title only),"external injector; no data conflict, but only one preset can be active",
1084,Overpowered Bows - PTF Edition,vivaldi,Archery / arrows,PTF,,Archery (KRS alters 1419; requires 1743),Unverified (title only),self-described PTF: same shape as KRS; game tables: check overlap with KRS PTF rows and same-category mods,
1088,Polearms Unleashed,both,Weapons / armor / items,,,,Unverified (title only),game tables: check overlap with KRS PTF rows and same-category mods,
1090,Colored Arrows,vivaldi,Archery / arrows,,,Archery (KRS alters 1419; requires 1743),Unverified (title only),game tables: check overlap with KRS PTF rows and same-category mods,
1092,Pollax replacer (Axe and Hammer head interchangable),both,Weapons / armor / items,,,,Unverified (title only),game tables: check overlap with KRS PTF rows and same-category mods,
1100,Faster archery - PTF Edition,vivaldi,Archery / arrows,PTF,,Archery (KRS alters 1419; requires 1743),Unverified (title only),self-described PTF: same shape as KRS; game tables: check overlap with KRS PTF rows and same-category mods,
1105,Service Prices,screenshots,Economy / merchants,,,,Unverified (title only),game tables: check overlap with KRS PTF rows and same-category mods,
1107,Blood and Steel with NO FPS LOSS,vivaldi,World / weather / visuals,,,,Unverified (title only),,
1110,AI Standalone Library,screenshots,Tools / reference,,,,Unverified (title only),tool or reference; not a gameplay mod,
1112,Combat Overhaul,vivaldi,Combat / AI,,,Combat / riposte (KRS alters 1765),Unverified (title only),game tables: check overlap with KRS PTF rows and same-category mods,
1114,Snow Mod,vivaldi,World / weather / visuals,,,,Unverified (title only),,
1148,Combo and Weapon rebalance,vivaldi,Combat / AI,,,Combat / riposte (KRS alters 1765),Unverified (title only),game tables: check overlap with KRS PTF rows and same-category mods,
1153,More historically accurate item stats,vivaldi,Weapons / armor / items,,,,Unverified (title only),game tables: check overlap with KRS PTF rows and same-category mods,
1182,high resolution Kingdome map with all important locations,vivaldi,Maps / UI / HUD,,,,Unverified (title only),UI/.gfx/inventory files: conflicts with other UI mods,
1193,Weather Mod,vivaldi,World / weather / visuals,,,,Unverified (title only),,
1195,Get Water,vivaldi,Alchemy / food / survival,,,,Unverified (title only),game tables: check overlap with KRS PTF rows and same-category mods,
1196,Better graphics reshade,vivaldi,Reshade / ENB / visual preset,,,,Unverified (title only),"external injector; no data conflict, but only one preset can be active",
1197,Proper Cyrillic Fonts,vivaldi,Maps / UI / HUD,,,,Unverified (title only),UI/.gfx/inventory files: conflicts with other UI mods,
1205,ETSGF - Easy to see glowing Arrow feathers - 1.9.6 - Multi-Colored arrow support,vivaldi,Archery / arrows,,,Archery (KRS alters 1419; requires 1743),Unverified (title only),game tables: check overlap with KRS PTF rows and same-category mods,
1218,Lartigue's Upscale Project 2.0 - Upscaled UI and icons,screenshots,Maps / UI / HUD,,,,Unverified (title only),UI/.gfx/inventory files: conflicts with other UI mods,
1227,30 FPS Cutscene Fix V3,vivaldi,Graphics config (cfg),,Bug fix,Cutscene FPS (KRS requires 30FPSCutsceneFixV2),Unverified (title only),fix type: Bug fix; cfg values: last-loaded file wins; check against other cfg mods,
1243,Easier Enemies PTF (Dumber Enemies),vivaldi,Combat / AI,PTF,,Combat / riposte (KRS alters 1765),Unverified (title only),self-described PTF: same shape as KRS; game tables: check overlap with KRS PTF rows and same-category mods,
1256,Horus 2.0 KCD Reshade Preset,vivaldi,Reshade / ENB / visual preset,,,,Unverified (title only),"external injector; no data conflict, but only one preset can be active",
1258,vShade for GShade Realistic Graphic Preset,vivaldi,Reshade / ENB / visual preset,,,,Unverified (title only),"external injector; no data conflict, but only one preset can be active",
1266,Stronger drinks - PTF Edition,vivaldi,Alchemy / food / survival,PTF,,,Unverified (title only),self-described PTF: same shape as KRS; game tables: check overlap with KRS PTF rows and same-category mods,
1281,4K Kingdom Come PNG Map with EVERYTHING,vivaldi,Maps / UI / HUD,,,,Unverified (title only),UI/.gfx/inventory files: conflicts with other UI mods,
1283,KINGDOM CINEMATIC ReShade,vivaldi,Reshade / ENB / visual preset,,,,Unverified (title only),"external injector; no data conflict, but only one preset can be active",
1291,Eye Candy Reshade,vivaldi,Reshade / ENB / visual preset,,,,Unverified (title only),"external injector; no data conflict, but only one preset can be active",
1292,Ultimate Repair Kit 2.0,vivaldi,Weapons / armor / items,,,,Unverified (title only),game tables: check overlap with KRS PTF rows and same-category mods,
1308,Less Income Pribyslavitz,both,Economy / merchants,,,,Unverified (title only),game tables: check overlap with KRS PTF rows and same-category mods,
1309,Less Encounters,screenshots,Quests / lore / content,,,,Unverified (title only),,
1311,Knightly Robard and Bernard,screenshots,Quests / lore / content,,,,Unverified (title only),,
1314,Ultimate Ray Tracing KCD Reshade Preset,vivaldi,Reshade / ENB / visual preset,,,,Unverified (title only),"external injector; no data conflict, but only one preset can be active",
1322,Mutt Be Quiet,vivaldi,Animations / audio,,,,Unverified (title only),,
1323,Skalitz Shield Fix AWL,both,Weapons / armor / items,,Bug fix,,Unverified (title only),fix type: Bug fix; game tables: check overlap with KRS PTF rows and same-category mods,
1327,Weather Overhaul,both,World / weather / visuals,,,,Unverified (title only),,
1330,Noble Sir Hans,screenshots,Quests / lore / content,,,,Unverified (title only),,
1332,Less Headbob,vivaldi,Animations / audio,,,,Unverified (title only),,
1334,Fast Learning Henry,vivaldi,Progression / XP / perks,,,Perk / RPG tables (KRS edits a perk row),Unverified (title only),game tables: check overlap with KRS PTF rows and same-category mods,
1337,Helmet Vision,screenshots,Weapons / armor / items,,,,Unverified (title only),game tables: check overlap with KRS PTF rows and same-category mods,
1342,Adjusted Ultra Graphics Config,vivaldi,Graphics config (cfg),,,,Unverified (title only),cfg values: last-loaded file wins; check against other cfg mods,
1349,Natural Reshade,vivaldi,Reshade / ENB / visual preset,,,,Unverified (title only),"external injector; no data conflict, but only one preset can be active",
1355,Better Crime Stealth Plus No Dogs,vivaldi,Crime / stealth / loot,,,,Unverified (title only),,
1356,Fan Side Quest - Heritage,vivaldi,Maps / UI / HUD,,,,Unverified (title only),UI/.gfx/inventory files: conflicts with other UI mods,
1367,Apostalus User Configs,vivaldi,Graphics config (cfg),,,,Unverified (title only),cfg values: last-loaded file wins; check against other cfg mods,
1373,Custom UI Loading progress,vivaldi,Maps / UI / HUD,,,,Unverified (title only),UI/.gfx/inventory files: conflicts with other UI mods,
1375,No Aim Spread (Bow sway disabler),vivaldi,Archery / arrows,,,Archery (KRS alters 1419; requires 1743),Unverified (title only),game tables: check overlap with KRS PTF rows and same-category mods,
1376,Archery mod - Faster arrows (for real),vivaldi,Archery / arrows,,,Archery (KRS alters 1419; requires 1743),Unverified (title only),game tables: check overlap with KRS PTF rows and same-category mods,
1380,Black Items Fix,vivaldi,Weapons / armor / items,,Bug fix,,Unverified (title only),fix type: Bug fix; game tables: check overlap with KRS PTF rows and same-category mods,
1384,Modified Combat Overhaul - Directional Combat and smarter AI,vivaldi,Combat / AI,,,Combat / riposte (KRS alters 1765),Unverified (title only),game tables: check overlap with KRS PTF rows and same-category mods,
1391,Better Equipped Runt,vivaldi,Quests / lore / content,,,,Unverified (title only),,
1394,KDC ReShader,vivaldi,Reshade / ENB / visual preset,,,,Unverified (title only),"external injector; no data conflict, but only one preset can be active",
1403,Ultra Reshade for Low Settings,vivaldi,Reshade / ENB / visual preset,,,,Unverified (title only),"external injector; no data conflict, but only one preset can be active",
1410,Better Rain,vivaldi,World / weather / visuals,,,,Unverified (title only),,
1414,Real Life Kingdom Come Experience Reshade,vivaldi,Reshade / ENB / visual preset,,,,Unverified (title only),"external injector; no data conflict, but only one preset can be active",
1419,Immersive Archery,vivaldi,Archery / arrows,,,Archery (KRS alters 1419; requires 1743),Unverified (title only),game tables: check overlap with KRS PTF rows and same-category mods,
1423,Hoods and Scarfs UP (PTF - Dynamic - with Correct Meshes),screenshots,Weapons / armor / items,PTF,,,Unverified (title only),self-described PTF: same shape as KRS; game tables: check overlap with KRS PTF rows and same-category mods,PTF
1424,Better Sleep Fixed,vivaldi,Alchemy / food / survival,,Fix of another mod?,,Unverified (title only),fix type: Fix of another mod?; game tables: check overlap with KRS PTF rows and same-category mods,
1425,Saving Soles (PTF),vivaldi,Weapons / armor / items,PTF,,,Unverified (title only),self-described PTF: same shape as KRS; game tables: check overlap with KRS PTF rows and same-category mods,
1426,Energy and Hunger Patch for Timescale Mods (PTF),vivaldi,Alchemy / food / survival,PTF,Compat patch,,Unverified (title only),self-described PTF: same shape as KRS; fix type: Compat patch; game tables: check overlap with KRS PTF rows and same-category mods,
1428,Reshade DOF With UI Mask,vivaldi,Reshade / ENB / visual preset,,,,Unverified (title only),"external injector; no data conflict, but only one preset can be active",
1452,Storable Halberds,vivaldi,Weapons / armor / items,,,,Unverified (title only),game tables: check overlap with KRS PTF rows and same-category mods,
1460,Merchants Have x3 Money,vivaldi,Economy / merchants,,,,Unverified (title only),game tables: check overlap with KRS PTF rows and same-category mods,
1479,Batch files for all items sorted and easy to read,vivaldi,Tools / reference,,,,Unverified (title only),tool or reference; not a gameplay mod,
1501,Smaller Player Marker on Map,vivaldi,Maps / UI / HUD,,,,Unverified (title only),UI/.gfx/inventory files: conflicts with other UI mods,
1510,Mount while encumbered,vivaldi,Horses,,,,Unverified (title only),,
1511,JSCR - Just simple custom Reshade,vivaldi,Reshade / ENB / visual preset,,,,Unverified (title only),"external injector; no data conflict, but only one preset can be active",
1518,Waystones Give XP,vivaldi,Progression / XP / perks,,,Perk / RPG tables (KRS edits a perk row),Unverified (title only),game tables: check overlap with KRS PTF rows and same-category mods,
1519,Shooting Nests Gives XP,vivaldi,Progression / XP / perks,,,Perk / RPG tables (KRS edits a perk row),Unverified (title only),game tables: check overlap with KRS PTF rows and same-category mods,
1520,Shooting Archery Targets Gives XP,vivaldi,Progression / XP / perks,,,Archery (KRS alters 1419; requires 1743),Unverified (title only),game tables: check overlap with KRS PTF rows and same-category mods,
1526,Force High Quality Trees in the distance,vivaldi,Graphics config (cfg),,,,Unverified (title only),cfg values: last-loaded file wins; check against other cfg mods,
1527,Infinite Draw Distance,vivaldi,Graphics config (cfg),,,,Unverified (title only),cfg values: last-loaded file wins; check against other cfg mods,
1528,Enchanced Shadows and Shadow Cascades,vivaldi,Graphics config (cfg),,,,Unverified (title only),cfg values: last-loaded file wins; check against other cfg mods,
1535,Dandelion Baron,vivaldi,Quests / lore / content,,,,Unverified (title only),,
1538,Batch's Ultra Graphics Settings,vivaldi,Graphics config (cfg),,,,Unverified (title only),cfg values: last-loaded file wins; check against other cfg mods,
1544,Summertime Reshade for Kindom Come,vivaldi,Reshade / ENB / visual preset,,,,Unverified (title only),"external injector; no data conflict, but only one preset can be active",
1545,Saddles Have Durability,vivaldi,Weapons / armor / items,,,,Unverified (title only),game tables: check overlap with KRS PTF rows and same-category mods,
1548,Immersive Economy,vivaldi,Economy / merchants,,,,Unverified (title only),game tables: check overlap with KRS PTF rows and same-category mods,
1552,See NPCs and Animals Farther (Increased NPC render distance),vivaldi,Graphics config (cfg),,,,Unverified (title only),cfg values: last-loaded file wins; check against other cfg mods,
1558,Karnages_KCD_Essential_Fixes 2.0,vivaldi,Fix bundle,,Bug-fix bundle,,Unverified (title only),fix type: Bug-fix bundle,
1559,Karnages_Weapons_Damage_Balance 2.0,vivaldi,Weapons / armor / items,,,,Unverified (title only),game tables: check overlap with KRS PTF rows and same-category mods,
1560,Karnages_Durability_Redux,vivaldi,Weapons / armor / items,,,,Unverified (title only),game tables: check overlap with KRS PTF rows and same-category mods,
1561,Karnages_KCD_user.cfg 2.0,vivaldi,Graphics config (cfg),,,,Unverified (title only),cfg values: last-loaded file wins; check against other cfg mods,
1562,Karnages_Polearm_Rebalance 2.0,vivaldi,Weapons / armor / items,,,,Unverified (title only),game tables: check overlap with KRS PTF rows and same-category mods,
1563,Karnages_Polearm_Restoration 2.0,vivaldi,Weapons / armor / items,,,,Unverified (title only),game tables: check overlap with KRS PTF rows and same-category mods,
1564,Karnages_Rebalanced_Bows 2.0,vivaldi,Archery / arrows,,,Archery (KRS alters 1419; requires 1743),Unverified (title only),game tables: check overlap with KRS PTF rows and same-category mods,
1565,Karnages_Arrow_Balance 2.0,vivaldi,Archery / arrows,,,Archery (KRS alters 1419; requires 1743),Unverified (title only),game tables: check overlap with KRS PTF rows and same-category mods,
1566,Karnages_Lost_Weapons_Pack_Redux 2.0,vivaldi,Weapons / armor / items,,,,Unverified (title only),game tables: check overlap with KRS PTF rows and same-category mods,
1568,Karnages_Shop_Prices,vivaldi,Economy / merchants,,,,Unverified (title only),game tables: check overlap with KRS PTF rows and same-category mods,
1569,Karnages_Shield_Restoration,vivaldi,Weapons / armor / items,,,,Unverified (title only),game tables: check overlap with KRS PTF rows and same-category mods,
1570,Karnages_Inventory_Recolour,vivaldi,Maps / UI / HUD,,,,Unverified (title only),UI/.gfx/inventory files: conflicts with other UI mods,
1572,Increased Experience Gains,vivaldi,Progression / XP / perks,,,Perk / RPG tables (KRS edits a perk row),Unverified (title only),game tables: check overlap with KRS PTF rows and same-category mods,
1578,Weighed Groschen - PTF Version,vivaldi,Economy / merchants,PTF,,,Unverified (title only),self-described PTF: same shape as KRS; game tables: check overlap with KRS PTF rows and same-category mods,
1589,Realistic Colour Correction Kingdom Come Deliverance,vivaldi,Reshade / ENB / visual preset,,,,Unverified (title only),"external injector; no data conflict, but only one preset can be active",
1594,Having trouble with old mods (Question Mark),vivaldi,Tools / reference,,,,Unverified (title only),tool or reference; not a gameplay mod,
1603,Sharper graphic reshade for Kingdom Come Deliverance,vivaldi,Reshade / ENB / visual preset,,,,Unverified (title only),"external injector; no data conflict, but only one preset can be active",
1605,Formidable Runt,vivaldi,Quests / lore / content,,,,Unverified (title only),,
1612,Remove Auto Camera Lock In Combat,vivaldi,Combat / AI,,,Combat / riposte (KRS alters 1765),Unverified (title only),game tables: check overlap with KRS PTF rows and same-category mods,
1629,Exclusive Master Strikes - Make Them Reasonable,screenshots,Combat / AI,,,Combat / riposte (KRS alters 1765),Unverified (title only),game tables: check overlap with KRS PTF rows and same-category mods,
1636,More Sensible Weapons and Armor,screenshots,Weapons / armor / items,,,,Unverified (title only),game tables: check overlap with KRS PTF rows and same-category mods,
1639,Alternate Food Spoil (2X),vivaldi,Alchemy / food / survival,,,,Unverified (title only),game tables: check overlap with KRS PTF rows and same-category mods,
1646,AutoLimitFPS,vivaldi,Graphics config (cfg),,,,Unverified (title only),cfg values: last-loaded file wins; check against other cfg mods,
1647,Slo Mo Begone,screenshots,Combat / AI,,,,Unverified (title only),game tables: check overlap with KRS PTF rows and same-category mods,
1652,Catches the Worm,vivaldi,Alchemy / food / survival,,,,Unverified (title only),game tables: check overlap with KRS PTF rows and same-category mods,
1654,Boots with Common Plate Chausses,vivaldi,Weapons / armor / items,,,,Unverified (title only),game tables: check overlap with KRS PTF rows and same-category mods,
1655,Save Me Henry,vivaldi,Progression / XP / perks,,,,Unverified (title only),game tables: check overlap with KRS PTF rows and same-category mods,
1660,Double Brew Yield,vivaldi,Alchemy / food / survival,,,,Unverified (title only),game tables: check overlap with KRS PTF rows and same-category mods,
1667,Surface Type Rework,vivaldi,World / weather / visuals,,,,Unverified (title only),,
1668,Relaxed RPG Params,vivaldi,Progression / XP / perks,,,Perk / RPG tables (KRS edits a perk row),Unverified (title only),game tables: check overlap with KRS PTF rows and same-category mods,
1671,Angriness Begone,screenshots,Combat / AI,,,,Unverified (title only),game tables: check overlap with KRS PTF rows and same-category mods,
1673,Combat musics tweak,vivaldi,Combat / AI,,,,Unverified (title only),game tables: check overlap with KRS PTF rows and same-category mods,
1678,Better Archery,screenshots,Archery / arrows,,,Archery (KRS alters 1419; requires 1743),Unverified (title only),game tables: check overlap with KRS PTF rows and same-category mods,
1683,Roads Are Dangerous - Redux,vivaldi,Quests / lore / content,,,,Unverified (title only),,
1689,Playable Daggers,vivaldi,Weapons / armor / items,,,,Unverified (title only),game tables: check overlap with KRS PTF rows and same-category mods,
1693,Ravens beak and Spiked warhammer icon swap,screenshots,Weapons / armor / items,,Bug fix (icons),,Unverified (title only),fix type: Bug fix (icons); game tables: check overlap with KRS PTF rows and same-category mods,
1702,SLEE realistic reshade preset and performance file,screenshots,Reshade / ENB / visual preset,,,,Unverified (title only),"external injector; no data conflict, but only one preset can be active",
1719,Quests Checklist,screenshots,Maps / UI / HUD,,,,Unverified (title only),UI/.gfx/inventory files: conflicts with other UI mods,
1720,Performance Configuration (Mid-High End),screenshots,Graphics config (cfg),,,,Unverified (title only),cfg values: last-loaded file wins; check against other cfg mods,
1723,Intimidation Stat In Inventory,screenshots,Maps / UI / HUD,,,,Unverified (title only),UI/.gfx/inventory files: conflicts with other UI mods,
1730,Drink Sound Effects,screenshots,Alchemy / food / survival,,,,Unverified (title only),game tables: check overlap with KRS PTF rows and same-category mods,
1732,Torch Radius,screenshots,World / weather / visuals,,,,Unverified (title only),,
1736,Rogue Life,screenshots,Progression / XP / perks,,,Perk / RPG tables (KRS edits a perk row),Unverified (title only),game tables: check overlap with KRS PTF rows and same-category mods,
1743,Persistent Arrows,screenshots,Archery / arrows,,,Archery (KRS alters 1419; requires 1743),Unverified (title only),game tables: check overlap with KRS PTF rows and same-category mods,KRS required mod
1779,Semi Sorted soul XML,screenshots,Tools / reference,,,,Unverified (title only),tool or reference; not a gameplay mod,
1780,Timed Quest Indicator,screenshots,Maps / UI / HUD,,,,Unverified (title only),UI/.gfx/inventory files: conflicts with other UI mods,
1782,No more clipping elbows for Andrew,screenshots,World / weather / visuals,,Bug fix,Archery (KRS alters 1419; requires 1743),Unverified (title only),fix type: Bug fix,
1797,Nighttime Nighthawk,vivaldi,World / weather / visuals,,,,Unverified (title only),,
1800,KCD 2 Reshade,both,Reshade / ENB / visual preset,,,,Unverified (title only),"external injector; no data conflict, but only one preset can be active",
1818,Kingdom Cum Deliverance,vivaldi,Adult / nudity,,,,Unverified (title only),adult content: outside KRS scope,
1823,RTX 3050 PACK,vivaldi,Graphics config (cfg),,,,Unverified (title only),cfg values: last-loaded file wins; check against other cfg mods,
1829,Mod Order Tool 1.2,vivaldi,Tools / reference,,,,Unverified (title only),tool or reference; not a gameplay mod,
1842,Realistic Repairs,screenshots,Weapons / armor / items,,,,Unverified (title only),game tables: check overlap with KRS PTF rows and same-category mods,
1860,Train More Carry More - PTF,both,Progression / XP / perks,PTF,,Perk / RPG tables (KRS edits a perk row),Unverified (title only),self-described PTF: same shape as KRS; game tables: check overlap with KRS PTF rows and same-category mods,PTF
1861,Sell Damaged Items At Full Price - PTF,both,Economy / merchants,PTF,,,Unverified (title only),self-described PTF: same shape as KRS; game tables: check overlap with KRS PTF rows and same-category mods,PTF
1862,Faster Inury Regeneration - PTF,both,Alchemy / food / survival,PTF,,,Unverified (title only),self-described PTF: same shape as KRS; game tables: check overlap with KRS PTF rows and same-category mods,PTF
1863,Dirty And Charismatic - PTF,both,Progression / XP / perks,PTF,,Stay-clean area (KRS requires MGsStayClean),Unverified (title only),self-described PTF: same shape as KRS; game tables: check overlap with KRS PTF rows and same-category mods,PTF
1864,Cheap Savior Schnapps - PTF,both,Economy / merchants,PTF,,,Unverified (title only),self-described PTF: same shape as KRS; game tables: check overlap with KRS PTF rows and same-category mods,PTF
1870,Fair Trade - PTF,screenshots,Economy / merchants,PTF,,,Unverified (title only),self-described PTF: same shape as KRS; game tables: check overlap with KRS PTF rows and same-category mods,PTF
1873,Daily Restock And Rich Merchants - PTF,screenshots,Economy / merchants,PTF,,,Unverified (title only),self-described PTF: same shape as KRS; game tables: check overlap with KRS PTF rows and same-category mods,PTF
1875,KCD1 Enhanced Visuals - UBER Graphics ReShade,both,Reshade / ENB / visual preset,,,,Unverified (title only),"external injector; no data conflict, but only one preset can be active",
1883,Better Pickpocket - FIXED,screenshots,Crime / stealth / loot,,Fix of another mod,,Unverified (title only),fix type: Fix of another mod,
1893,Bianca's Ring PTF,screenshots,Weapons / armor / items,PTF,,,Unverified (title only),self-described PTF: same shape as KRS; game tables: check overlap with KRS PTF rows and same-category mods,PTF
1900,Jiggle Physics,vivaldi,Adult / nudity,,,,Unverified (title only),adult content: outside KRS scope,
1907,Visorless Helmets,vivaldi,Weapons / armor / items,,,,Unverified (title only),game tables: check overlap with KRS PTF rows and same-category mods,
1909,Helmet-Off Dialog (Beta),both,Weapons / armor / items,,Beta,,Unverified (title only),fix type: Beta; game tables: check overlap with KRS PTF rows and same-category mods,
1914,Weightless Herbs,screenshots,Alchemy / food / survival,,,,Unverified (title only),game tables: check overlap with KRS PTF rows and same-category mods,
1918,KCD1 Reborn - Verdant Vegetation,screenshots,World / weather / visuals,,,,Unverified (title only),,
1922,No Prefixes in Alchemy Book,screenshots,Alchemy / food / survival,,,,Unverified (title only),game tables: check overlap with KRS PTF rows and same-category mods,
1926,Potion no Satiety and ADD Heal plus Energy,screenshots,Alchemy / food / survival,,,,Unverified (title only),game tables: check overlap with KRS PTF rows and same-category mods,
1927,KCD1 Reborn-Terrain and Structures,screenshots,World / weather / visuals,,,,Unverified (title only),,
1944,Lore Of Die,screenshots,Quests / lore / content,,,,Unverified (title only),,
1951,Baths dont affect energy and nourishment,screenshots,Alchemy / food / survival,,,,Unverified (title only),game tables: check overlap with KRS PTF rows and same-category mods,
1956,Auto Hide HUD REBORN,both,Maps / UI / HUD,,,,Unverified (title only),UI/.gfx/inventory files: conflicts with other UI mods,
1958,Selected Immersion Breaking Music Mute,both,Animations / audio,,,,Unverified (title only),,
1961,Unconscious Crime UI,screenshots,Crime / stealth / loot,,,,Unverified (title only),,
1964,KCD1 Reborn - Enhanced Faces and Skin,vivaldi,World / weather / visuals,,,,Unverified (title only),,
1972,FINAL Beyond SUPER Ultra Graphics and Visuals Configs,both,Graphics config (cfg),,,,Unverified (title only),cfg values: last-loaded file wins; check against other cfg mods,
1980,Medieval Loading Screens,both,Maps / UI / HUD,,,,Unverified (title only),UI/.gfx/inventory files: conflicts with other UI mods,
1981,Lesser Income Pribyslavitz - Supplies Cost Patch,screenshots,Economy / merchants,,Patch (supplies cost),,Unverified (title only),fix type: Patch (supplies cost); game tables: check overlap with KRS PTF rows and same-category mods,
1982,Stormy Skies,vivaldi,World / weather / visuals,,,,Unverified (title only),,
1984,Sharpening Overhaul,screenshots,Weapons / armor / items,,,,Unverified (title only),game tables: check overlap with KRS PTF rows and same-category mods,
1990,Veteran Hunting,screenshots,Alchemy / food / survival,,,Perk / RPG tables (KRS edits a perk row),Unverified (title only),game tables: check overlap with KRS PTF rows and same-category mods,
1991,BCAIC - Restore Hunting Spots - Patch,screenshots,Alchemy / food / survival,,Patch for another mod,,Unverified (title only),fix type: Patch for another mod; game tables: check overlap with KRS PTF rows and same-category mods,
1996,Alcohol Is Not Food Anymore,screenshots,Alchemy / food / survival,,,,Unverified (title only),game tables: check overlap with KRS PTF rows and same-category mods,
2005,Snarky Loading Screens PTF Edition,screenshots,Maps / UI / HUD,PTF,,,Unverified (title only),self-described PTF: same shape as KRS; UI/.gfx/inventory files: conflicts with other UI mods,PTF
2008,Perfection,screenshots,Other,,,,Unverified (title only),,
2011,Chefs Kiss,screenshots,Alchemy / food / survival,,,,Unverified (title only),game tables: check overlap with KRS PTF rows and same-category mods,
2012,Jubilant Pig Meter,screenshots,Other,,,,Unverified (title only),,
2017,Realistic Items,screenshots,Weapons / armor / items,,,,Unverified (title only),game tables: check overlap with KRS PTF rows and same-category mods,
2021,Repair Kits - Balanced and Scaled PTF,screenshots,Weapons / armor / items,PTF,,,Unverified (title only),self-described PTF: same shape as KRS; game tables: check overlap with KRS PTF rows and same-category mods,PTF; visited twice (duplicate in lists)
2022,Restored Sabres PTF,screenshots,Weapons / armor / items,PTF,,,Unverified (title only),self-described PTF: same shape as KRS; game tables: check overlap with KRS PTF rows and same-category mods,PTF
2030,Clean and Minimal HUD and Map,both,Maps / UI / HUD,,,,Unverified (title only),UI/.gfx/inventory files: conflicts with other UI mods,
2031,Mud and Iron Kingdom Come Deliverance Reshade,screenshots,Reshade / ENB / visual preset,,,,Unverified (title only),"external injector; no data conflict, but only one preset can be active",
2035,Ordinance an Archery Overhaul,screenshots,Archery / arrows,,,Archery (KRS alters 1419; requires 1743),Unverified (title only),game tables: check overlap with KRS PTF rows and same-category mods,
2040,Polymorphic Projectiles Arrow Overhaul,vivaldi,Archery / arrows,,,Archery (KRS alters 1419; requires 1743),Unverified (title only),game tables: check overlap with KRS PTF rows and same-category mods,
2045,Polearms Unleashed Rebalanced Lite Edition PTF,screenshots,Weapons / armor / items,PTF,,,Unverified (title only),self-described PTF: same shape as KRS; game tables: check overlap with KRS PTF rows and same-category mods,PTF
2046,Arsenal - A Weapons Overhaul - DDDB,vivaldi,Weapons / armor / items,,,,Unverified (title only),game tables: check overlap with KRS PTF rows and same-category mods,
2049,Simple Ragdoll Physics,vivaldi,Combat / AI,,,Combat / riposte (KRS alters 1765),Unverified (title only),game tables: check overlap with KRS PTF rows and same-category mods,
2066,Distant Smoke and Fire,screenshots,World / weather / visuals,,Bug fix,,Unverified (title only),fix type: Bug fix,
2068,SPOA Silver Knight Armor for Kingdom Come Deliverance,screenshots,Weapons / armor / items,,,,Unverified (title only),game tables: check overlap with KRS PTF rows and same-category mods,
2081,No More Wreath - Lords of Leipa Helmet Wreath Removal and Hounskull Replacer,screenshots,Weapons / armor / items,,,,Unverified (title only),game tables: check overlap with KRS PTF rows and same-category mods,
2103,Pickpocket menu from KCD2,screenshots,Crime / stealth / loot,,,,Unverified (title only),,
2106,High FPS FX (KCD1),screenshots,Graphics config (cfg),,,,Unverified (title only),cfg values: last-loaded file wins; check against other cfg mods,
2108,New KCD HUD 2.0,screenshots,Maps / UI / HUD,,,,Unverified (title only),UI/.gfx/inventory files: conflicts with other UI mods,
2119,KCD Mod Manager,vivaldi,Tools / reference,,,,Unverified (title only),tool or reference; not a gameplay mod,
2124,Half-looted Rebalance,screenshots,Progression / XP / perks,,,Perk / RPG tables (KRS edits a perk row),Unverified (title only),game tables: check overlap with KRS PTF rows and same-category mods,
2147,KCD 2.0,screenshots,Maps / UI / HUD,,,,Unverified (title only),UI/.gfx/inventory files: conflicts with other UI mods,
2153,Engine Tweaks KCD 2.0 - user.cfg details,vivaldi,Graphics config (cfg),,,,Unverified (title only),cfg values: last-loaded file wins; check against other cfg mods,
2156,Skalitz Mine Map,screenshots,Maps / UI / HUD,,,,Unverified (title only),UI/.gfx/inventory files: conflicts with other UI mods,
2158,Finders Keepers,vivaldi,Crime / stealth / loot,,,,Unverified (title only),,
2171,No Stolen Items (PTF),vivaldi,Crime / stealth / loot,PTF,,,Unverified (title only),self-described PTF: same shape as KRS,
2174,Horse Body Armor (Barding),screenshots,Horses,,,,Unverified (title only),,
2175,Enhanced Color Grading,screenshots,Reshade / ENB / visual preset,,,,Unverified (title only),"external injector; no data conflict, but only one preset can be active",
2179,True Hardcore Combat (PTF),vivaldi,Combat / AI,PTF,,Combat / riposte (KRS alters 1765),Unverified (title only),self-described PTF: same shape as KRS; game tables: check overlap with KRS PTF rows and same-category mods,
2180,Optimized CryEngine simple tweaks,vivaldi,Graphics config (cfg),,,,Unverified (title only),cfg values: last-loaded file wins; check against other cfg mods,
2188,True Hardcore Economy (PTF),vivaldi,Combat / AI,PTF,,,Unverified (title only),self-described PTF: same shape as KRS; game tables: check overlap with KRS PTF rows and same-category mods,
2190,ENHANCED Bohemian Redux and FX Overhaul,vivaldi,World / weather / visuals,,,,Unverified (title only),,
2191,Realistic Footprints v2.0 KCD I,screenshots,World / weather / visuals,,,,Unverified (title only),,
2192,ENHANCED Toggle Aim Overhaul v2.0 KCD I,vivaldi,Combat / AI,,,Combat / riposte (KRS alters 1765),Unverified (title only),game tables: check overlap with KRS PTF rows and same-category mods,
2194,ENHANCED Easy FREE Combat Target Overhaul v3.0 KCD I,vivaldi,Combat / AI,,,Combat / riposte (KRS alters 1765),Unverified (title only),game tables: check overlap with KRS PTF rows and same-category mods,
2196,ENHANCED Adult Bounce KCD I,both,Adult / nudity,,,,Unverified (title only),adult content: outside KRS scope,
2199,DualSense Buttons,screenshots,Maps / UI / HUD,,,,Unverified (title only),UI/.gfx/inventory files: conflicts with other UI mods,
2202,Animals Looted Statistic Tracker - Separate from Corpses Looted,screenshots,Crime / stealth / loot,,,,Unverified (title only),,
2203,Categorized Sorted Inventory,screenshots,Maps / UI / HUD,,,Localization paks (KRS ships 4 languages),Unverified (title only),UI/.gfx/inventory files: conflicts with other UI mods,
2204,A Real Sorted Inventory (ARSI),screenshots,Maps / UI / HUD,,,Localization paks (KRS ships 4 languages),Unverified (title only),UI/.gfx/inventory files: conflicts with other UI mods,Same mod family as 2374 (Ukrainian)
2206,Rivers of Blood KCD I HD v2.0,screenshots,World / weather / visuals,,,,Unverified (title only),,
2207,Findable Herbs HD,screenshots,Alchemy / food / survival,,,,Unverified (title only),game tables: check overlap with KRS PTF rows and same-category mods,
2208,Medieval Poisons - True Hardcore Compatibility Patch (PTF),vivaldi,Combat / AI,PTF,Compat patch,,Unverified (title only),self-described PTF: same shape as KRS; fix type: Compat patch; game tables: check overlap with KRS PTF rows and same-category mods,
2209,Poisonous Enemies - True Hardcore Compatibility Patch (PTF),vivaldi,Combat / AI,PTF,Compat patch,,Unverified (title only),self-described PTF: same shape as KRS; fix type: Compat patch; game tables: check overlap with KRS PTF rows and same-category mods,
2210,True Hardcore Alchemy (PTF),vivaldi,Combat / AI,PTF,,Perk / RPG tables (KRS edits a perk row),Unverified (title only),self-described PTF: same shape as KRS; game tables: check overlap with KRS PTF rows and same-category mods,
2216,KCD Mod Organizer Plugin (Steam - GOG - Epic),screenshots,Tools / reference,,,,Unverified (title only),tool or reference; not a gameplay mod,
2218,Clean Gear - No Visual Dirt - Clean Armor Override (KCD1),screenshots,World / weather / visuals,,,Stay-clean area (KRS requires MGsStayClean),Unverified (title only),,
2223,Stop Looking Up On Horseback,screenshots,Horses,,,,Unverified (title only),,
2224,More Realistic Horse Handling,screenshots,Horses,,,,Unverified (title only),,
2243,Performance Tweaks and best visuals,both,Graphics config (cfg),,,,Unverified (title only),cfg values: last-loaded file wins; check against other cfg mods,
2244,Kingdom Come Script Extender,both,Tools / reference,,,,Unverified (title only),is KCSE; tool or reference; not a gameplay mod,
2246,Console Editable RpgParams,both,Progression / XP / perks,,,Perk / RPG tables (KRS edits a perk row),Unverified (title only),game tables: check overlap with KRS PTF rows and same-category mods,
2255,Fast Travel Tweaks,screenshots,Maps / UI / HUD,,,,Unverified (title only),needs KCSE; UI/.gfx/inventory files: conflicts with other UI mods,
2256,Better Combat and Immersion Compilation - Chinese,screenshots,Combat / AI,,,Combat / riposte (KRS alters 1765),Unverified (title only),translation of 651; game tables: check overlap with KRS PTF rows and same-category mods,Translation of 651
2261,Proper Third Person View (TPV Camera),screenshots,Maps / UI / HUD,,,,Unverified (title only),UI/.gfx/inventory files: conflicts with other UI mods,
2270,Horse Control Tweaks,screenshots,Horses,,,,Unverified (title only),,
2271,No Horse Manes,screenshots,Horses,,,,Unverified (title only),,
2276,Instant Herb and faster Alchemy Merger,screenshots,Alchemy / food / survival,,,,Unverified (title only),game tables: check overlap with KRS PTF rows and same-category mods,
2277,Toggle Hud - KCSE,screenshots,Tools / reference,,,,Unverified (title only),needs KCSE; tool or reference; not a gameplay mod,Needs KCSE (2244)
2279,Immersive Economy FIXED,screenshots,Economy / merchants,,Fix of another mod?,,Unverified (title only),fix type: Fix of another mod?; game tables: check overlap with KRS PTF rows and same-category mods,
2280,Remove Artemisia (Wormwood) Potion Visual Effect Overlay,screenshots,Alchemy / food / survival,,,,Unverified (title only),game tables: check overlap with KRS PTF rows and same-category mods,
2288,Light Armour Vambraces,screenshots,Weapons / armor / items,,,,Unverified (title only),game tables: check overlap with KRS PTF rows and same-category mods,
2293,Bigger Hud (KCD1),screenshots,Maps / UI / HUD,,,,Unverified (title only),UI/.gfx/inventory files: conflicts with other UI mods,
2294,Faster Combat - Directional Master Strikes - Better Group Fights,screenshots,Combat / AI,,,Combat / riposte (KRS alters 1765),Unverified (title only),game tables: check overlap with KRS PTF rows and same-category mods,
2299,1403 - Historical Rebalance,screenshots,Progression / XP / perks,,,Perk / RPG tables (KRS edits a perk row),Unverified (title only),game tables: check overlap with KRS PTF rows and same-category mods,
2304,Female Nudity,screenshots,Adult / nudity,,,,Unverified (title only),adult content: outside KRS scope,
2313,Reshield From Torch,screenshots,Weapons / armor / items,,,,Unverified (title only),game tables: check overlap with KRS PTF rows and same-category mods,
2316,Loot Info - Japanese,screenshots,Crime / stealth / loot,,,Localization paks (KRS ships 4 languages),Unverified (title only),translation of 491,Translation of 491
2317,Enemy Health Bar,screenshots,Maps / UI / HUD,,,,Unverified (title only),UI/.gfx/inventory files: conflicts with other UI mods,
2318,Visual Combo Helper,screenshots,Combat / AI,,,,Unverified (title only),game tables: check overlap with KRS PTF rows and same-category mods,
2323,Alchemy Stash Link,screenshots,Alchemy / food / survival,,,,Unverified (title only),game tables: check overlap with KRS PTF rows and same-category mods,
2326,Permanent Death,screenshots,Progression / XP / perks,,,,Unverified (title only),game tables: check overlap with KRS PTF rows and same-category mods,
2331,Bushes Collision Remover Redux,vivaldi,World / weather / visuals,,Bug fix,,Unverified (title only),fix type: Bug fix,
2332,Baptism of Fire Fix Redux,vivaldi,Quests / lore / content,,Bug fix,,Unverified (title only),fix type: Bug fix,
2333,Homecoming - Runt Fight Redux,vivaldi,Quests / lore / content,,,,Unverified (title only),,
2340,MatthusTweaks - Equipment and Progression Overhaul (PTF),vivaldi,Progression / XP / perks,PTF,,Perk / RPG tables (KRS edits a perk row),Unverified (title only),self-described PTF: same shape as KRS; game tables: check overlap with KRS PTF rows and same-category mods,
2343,Ultimate Horse Caparison Fix,screenshots,Horses,,Bug fix,,Unverified (title only),fix type: Bug fix,
2348,KCD Zero Durability Repair,screenshots,Weapons / armor / items,,,,Unverified (title only),native/version-locked?; game tables: check overlap with KRS PTF rows and same-category mods,
2349,KCD1 Map Cursor Contrast - Visible Ring and X,screenshots,Maps / UI / HUD,,,,Unverified (title only),UI/.gfx/inventory files: conflicts with other UI mods,
2351,Keyboard Controls,screenshots,Maps / UI / HUD,,,,Unverified (title only),UI/.gfx/inventory files: conflicts with other UI mods,
2353,Ultimate Graphics Adjustment,screenshots,Graphics config (cfg),,,,Unverified (title only),cfg values: last-loaded file wins; check against other cfg mods,
2359,KCD Kombat Tune,vivaldi,Combat / AI,,,Combat / riposte (KRS alters 1765),Unverified (title only),game tables: check overlap with KRS PTF rows and same-category mods,
2366,Faster Book Flipping,vivaldi,Maps / UI / HUD,,,,Unverified (title only),UI/.gfx/inventory files: conflicts with other UI mods,
2367,Pray Animation KCD1,vivaldi,Quests / lore / content,,,,Unverified (title only),,
2369,Fewer Tournaments,vivaldi,Crime / stealth / loot,,,,Unverified (title only),,
2371,Circator Weapon Check Disabled,vivaldi,Crime / stealth / loot,,,,Unverified (title only),,
2372,Trough Washing Animation,both,Alchemy / food / survival,,,,Unverified (title only),game tables: check overlap with KRS PTF rows and same-category mods,"Was ""never looked up"" in README"
2374,A Real Sorted Inventory - Ukrainian,screenshots,Maps / UI / HUD,,,Localization paks (KRS ships 4 languages),Unverified (title only),translation of 2204; UI/.gfx/inventory files: conflicts with other UI mods,Translation of 2204
2375,A Bohemian Novel - The Veteran of Nicopolis,screenshots,Quests / lore / content,,,,Unverified (title only),,
2381,Nest of Vipers Stealth,screenshots,Crime / stealth / loot,,,,Unverified (title only),,"Was ""never looked up"" in README"
2384,KCD HI-Res Maps,vivaldi,Maps / UI / HUD,,,,Unverified (title only),UI/.gfx/inventory files: conflicts with other UI mods,
